Year,Boat Name,Model,link
2020,Atx Surf Boats,22 TYPE-S,https://shorelinebrands.com/products/2017-2025-tige-bimini-shade-extension-kit?variant=45504205193401
2020,Atx Surf Boats,24 TYPE-S,https://shorelinebrands.com/products/2017-2025-tige-bimini-shade-extension-kit?variant=45504205193401
2021,Atx Surf Boats,20 TYPE-S,https://shorelinebrands.com/products/2017-2025-tige-bimini-shade-extension-kit?variant=45504205193401
2021,Atx Surf Boats,22 TYPE-S,https://shorelinebrands.com/products/2017-2025-tige-bimini-shade-extension-kit?variant=45504205193401
2021,Atx Surf Boats,24 TYPE-S,https://shorelinebrands.com/products/2017-2025-tige-bimini-shade-extension-kit?variant=45504205193401
2022,Atx Surf Boats,20 TYPE-S,https://shorelinebrands.com/products/2017-2025-tige-bimini-shade-extension-kit?variant=45504205193401
2022,Atx Surf Boats,22 TYPE-S,https://shorelinebrands.com/products/2017-2025-tige-bimini-shade-extension-kit?variant=45504205193401
2022,Atx Surf Boats,24 TYPE-S,https://shorelinebrands.com/products/2017-2025-tige-bimini-shade-extension-kit?variant=45504205193401
2023,Atx Surf Boats,20 TYPE-S,https://shorelinebrands.com/products/2017-2025-tige-bimini-shade-extension-kit?variant=45504205193401
2023,Atx Surf Boats,22 TYPE-S,https://shorelinebrands.com/products/2017-2025-tige-bimini-shade-extension-kit?variant=45504205193401
2023,Atx Surf Boats,24 TYPE-S,https://shorelinebrands.com/products/2017-2025-tige-bimini-shade-extension-kit?variant=45504205193401
2024,Atx Surf Boats,20 TYPE-S,https://shorelinebrands.com/products/2017-2025-tige-bimini-shade-extension-kit?variant=45504205193401
2024,Atx Surf Boats,22 TYPE-S,https://shorelinebrands.com/products/2017-2025-tige-bimini-shade-extension-kit?variant=45504205193401
2024,Atx Surf Boats,24 TYPE-S,https://shorelinebrands.com/products/2017-2025-tige-bimini-shade-extension-kit?variant=45504205193401
2025,Atx Surf Boats,20 TYPE-S,https://shorelinebrands.com/products/2017-2025-tige-bimini-shade-extension-kit?variant=45504205193401
2025,Atx Surf Boats,22 TYPE-S,https://shorelinebrands.com/products/2017-2025-tige-bimini-shade-extension-kit?variant=45504205193401
2025,Atx Surf Boats,24 TYPE-S,https://shorelinebrands.com/products/2017-2025-tige-bimini-shade-extension-kit?variant=45504205193401
2026,Atx Surf Boats,20 TYPE-S,https://shorelinebrands.com/products/2017-2025-tige-bimini-shade-extension-kit?variant=45504205193401
2026,Atx Surf Boats,22 TYPE-S,https://shorelinebrands.com/products/2017-2025-tige-bimini-shade-extension-kit?variant=45504205193401
2026,Atx Surf Boats,24 TYPE-S,https://shorelinebrands.com/products/2017-2025-tige-bimini-shade-extension-kit?variant=45504205193401
2009,Axis Wake Research,A22,https://shorelinebrands.com/products/axis-wake-boat-bimini-shade-extension-kit?variant=45345971142841
2010,Axis Wake Research,A22,https://shorelinebrands.com/products/axis-wake-boat-bimini-shade-extension-kit?variant=45345971142841
2011,Axis Wake Research,A20,https://shorelinebrands.com/products/axis-wake-boat-bimini-shade-extension-kit?variant=45345971142841
2011,Axis Wake Research,A22,https://shorelinebrands.com/products/axis-wake-boat-bimini-shade-extension-kit?variant=45345971142841
2012,Axis Wake Research,A20,https://shorelinebrands.com/products/axis-wake-boat-bimini-shade-extension-kit?variant=45345971142841
2012,Axis Wake Research,A22,https://shorelinebrands.com/products/axis-wake-boat-bimini-shade-extension-kit?variant=45345971142841
2013,Axis Wake Research,A20,https://shorelinebrands.com/products/axis-wake-boat-bimini-shade-extension-kit?variant=45345971142841
2013,Axis Wake Research,A22,https://shorelinebrands.com/products/axis-wake-boat-bimini-shade-extension-kit?variant=45345971142841
2014,Axis Wake Research,A20,https://shorelinebrands.com/products/axis-wake-boat-bimini-shade-extension-kit?variant=45345971142841
2014,Axis Wake Research,A22,https://shorelinebrands.com/products/axis-wake-boat-bimini-shade-extension-kit?variant=45345971142841
2014,Axis Wake Research,T22,https://shorelinebrands.com/products/axis-wake-boat-bimini-shade-extension-kit?variant=45345971142841
2014,Axis Wake Research,A24,https://shorelinebrands.com/products/axis-wake-boat-bimini-shade-extension-kit?variant=45345971142841
2015,Axis Wake Research,A20,https://shorelinebrands.com/products/axis-wake-boat-bimini-shade-extension-kit?variant=45345971142841
2015,Axis Wake Research,A22,https://shorelinebrands.com/products/axis-wake-boat-bimini-shade-extension-kit?variant=45345971142841
2015,Axis Wake Research,T22,https://shorelinebrands.com/products/axis-wake-boat-bimini-shade-extension-kit?variant=45345971142841
2015,Axis Wake Research,T23,https://shorelinebrands.com/products/axis-wake-boat-bimini-shade-extension-kit?variant=45345971142841
2015,Axis Wake Research,A24,https://shorelinebrands.com/products/axis-wake-boat-bimini-shade-extension-kit?variant=45345971142841
2016,Axis Wake Research,A20,https://shorelinebrands.com/products/axis-wake-boat-bimini-shade-extension-kit?variant=45345971142841
2016,Axis Wake Research,A22,https://shorelinebrands.com/products/axis-wake-boat-bimini-shade-extension-kit?variant=45345971142841
2016,Axis Wake Research,T22,https://shorelinebrands.com/products/axis-wake-boat-bimini-shade-extension-kit?variant=45345971142841
2016,Axis Wake Research,T23,https://shorelinebrands.com/products/axis-wake-boat-bimini-shade-extension-kit?variant=45345971142841
2016,Axis Wake Research,A24,https://shorelinebrands.com/products/axis-wake-boat-bimini-shade-extension-kit?variant=45345971142841
2017,Axis Wake Research,A20,https://shorelinebrands.com/products/axis-wake-boat-bimini-shade-extension-kit?variant=45345971142841
2017,Axis Wake Research,A22,https://shorelinebrands.com/products/axis-wake-boat-bimini-shade-extension-kit?variant=45345971142841
2017,Axis Wake Research,T22,https://shorelinebrands.com/products/axis-wake-boat-bimini-shade-extension-kit?variant=45345971142841
2017,Axis Wake Research,T23,https://shorelinebrands.com/products/axis-wake-boat-bimini-shade-extension-kit?variant=45345971142841
2017,Axis Wake Research,A24,https://shorelinebrands.com/products/axis-wake-boat-bimini-shade-extension-kit?variant=45345971142841
2018,Axis Wake Research,A20,https://shorelinebrands.com/products/axis-wake-boat-bimini-shade-extension-kit?variant=45345971142841
2018,Axis Wake Research,A22,https://shorelinebrands.com/products/axis-wake-boat-bimini-shade-extension-kit?variant=45345971142841
2018,Axis Wake Research,T22,https://shorelinebrands.com/products/axis-wake-boat-bimini-shade-extension-kit?variant=45345971142841
2018,Axis Wake Research,T23,https://shorelinebrands.com/products/axis-wake-boat-bimini-shade-extension-kit?variant=45345971142841
2018,Axis Wake Research,A24,https://shorelinebrands.com/products/axis-wake-boat-bimini-shade-extension-kit?variant=45345971142841
2019,Axis Wake Research,A20,https://shorelinebrands.com/products/axis-wake-boat-bimini-shade-extension-kit?variant=45345971142841
2019,Axis Wake Research,A22,https://shorelinebrands.com/products/axis-wake-boat-bimini-shade-extension-kit?variant=45345971142841
2019,Axis Wake Research,T22,https://shorelinebrands.com/products/axis-wake-boat-bimini-shade-extension-kit?variant=45345971142841
2019,Axis Wake Research,T23,https://shorelinebrands.com/products/axis-wake-boat-bimini-shade-extension-kit?variant=45345971142841
2019,Axis Wake Research,A24,https://shorelinebrands.com/products/axis-wake-boat-bimini-shade-extension-kit?variant=45345971142841
2020,Axis Wake Research,A20,https://shorelinebrands.com/products/axis-wake-boat-bimini-shade-extension-kit?variant=45345971142841
2020,Axis Wake Research,A22,https://shorelinebrands.com/products/axis-wake-boat-bimini-shade-extension-kit?variant=45345971142841
2020,Axis Wake Research,T22,https://shorelinebrands.com/products/axis-wake-boat-bimini-shade-extension-kit?variant=45345971142841
2020,Axis Wake Research,T23,https://shorelinebrands.com/products/axis-wake-boat-bimini-shade-extension-kit?variant=45345971142841
2020,Axis Wake Research,A24,https://shorelinebrands.com/products/axis-wake-boat-bimini-shade-extension-kit?variant=45345971142841
2021,Axis Wake Research,A20,https://shorelinebrands.com/products/axis-wake-boat-bimini-shade-extension-kit?variant=45345971142841
2021,Axis Wake Research,A22,https://shorelinebrands.com/products/axis-wake-boat-bimini-shade-extension-kit?variant=45345971142841
2021,Axis Wake Research,T22,https://shorelinebrands.com/products/axis-wake-boat-bimini-shade-extension-kit?variant=45345971142841
2021,Axis Wake Research,T23,https://shorelinebrands.com/products/axis-wake-boat-bimini-shade-extension-kit?variant=45345971142841
2021,Axis Wake Research,A24,https://shorelinebrands.com/products/axis-wake-boat-bimini-shade-extension-kit?variant=45345971142841
2022,Axis Wake Research,A20,https://shorelinebrands.com/products/axis-wake-boat-bimini-shade-extension-kit?variant=45345971142841
2022,Axis Wake Research,A22,https://shorelinebrands.com/products/axis-wake-boat-bimini-shade-extension-kit?variant=45345971142841
2022,Axis Wake Research,T220,https://shorelinebrands.com/products/axis-wake-boat-bimini-shade-extension-kit?variant=45345971142841
2022,Axis Wake Research,T23,https://shorelinebrands.com/products/axis-wake-boat-bimini-shade-extension-kit?variant=45345971142841
2022,Axis Wake Research,A24,https://shorelinebrands.com/products/axis-wake-boat-bimini-shade-extension-kit?variant=45345971142841
2022,Axis Wake Research,T250,https://shorelinebrands.com/products/axis-wake-boat-bimini-shade-extension-kit?variant=45345971142841
2023,Axis Wake Research,A20,https://shorelinebrands.com/products/axis-wake-boat-bimini-shade-extension-kit?variant=45345971142841
2023,Axis Wake Research,A225 (w/ XL Bimini),https://shorelinebrands.com/products/2015-2025-malibu-boats-bimini-mounted-shade-extension?variant=45345971372217
2023,Axis Wake Research,A225,https://shorelinebrands.com/products/axis-wake-boat-bimini-shade-extension-kit?variant=45345971142841
2023,Axis Wake Research,T220 (w/ XL Bimini),https://shorelinebrands.com/products/2015-2025-malibu-boats-bimini-mounted-shade-extension?variant=45345971372217
2023,Axis Wake Research,T220,https://shorelinebrands.com/products/axis-wake-boat-bimini-shade-extension-kit?variant=45345971142841
2023,Axis Wake Research,T235 (w/ XL Bimini),https://shorelinebrands.com/products/2015-2025-malibu-boats-bimini-mounted-shade-extension?variant=45345971372217
2023,Axis Wake Research,T235,https://shorelinebrands.com/products/axis-wake-boat-bimini-shade-extension-kit?variant=45345971142841
2023,Axis Wake Research,A24 (w/ XL Bimini),https://shorelinebrands.com/products/2015-2025-malibu-boats-bimini-mounted-shade-extension?variant=45345971372217
2023,Axis Wake Research,A24,https://shorelinebrands.com/products/axis-wake-boat-bimini-shade-extension-kit?variant=45345971142841
2023,Axis Wake Research,T250 (With XL Bimini),https://shorelinebrands.com/products/2015-2025-malibu-boats-bimini-mounted-shade-extension?variant=45345971372217
2023,Axis Wake Research,T250,https://shorelinebrands.com/products/axis-wake-boat-bimini-shade-extension-kit?variant=45345971142841
2024,Axis Wake Research,A20,https://shorelinebrands.com/products/axis-wake-boat-bimini-shade-extension-kit?variant=45345971142841
2024,Axis Wake Research,A225 (w/ XL Bimini),https://shorelinebrands.com/products/2015-2025-malibu-boats-bimini-mounted-shade-extension?variant=45345971372217
2024,Axis Wake Research,A225,https://shorelinebrands.com/products/axis-wake-boat-bimini-shade-extension-kit?variant=45345971142841
2024,Axis Wake Research,T220 (w/ XL Bimini),https://shorelinebrands.com/products/2015-2025-malibu-boats-bimini-mounted-shade-extension?variant=45345971372217
2024,Axis Wake Research,T220,https://shorelinebrands.com/products/axis-wake-boat-bimini-shade-extension-kit?variant=45345971142841
2024,Axis Wake Research,T235 (w/ XL Bimini),https://shorelinebrands.com/products/2015-2025-malibu-boats-bimini-mounted-shade-extension?variant=45345971372217
2024,Axis Wake Research,T235,https://shorelinebrands.com/products/axis-wake-boat-bimini-shade-extension-kit?variant=45345971142841
2024,Axis Wake Research,A24 (w/ XL Bimini),https://shorelinebrands.com/products/2015-2025-malibu-boats-bimini-mounted-shade-extension?variant=45345971372217
2024,Axis Wake Research,A24,https://shorelinebrands.com/products/axis-wake-boat-bimini-shade-extension-kit?variant=45345971142841
2024,Axis Wake Research,T250 (With XL Bimini),https://shorelinebrands.com/products/2015-2025-malibu-boats-bimini-mounted-shade-extension?variant=45345971372217
2024,Axis Wake Research,T250,https://shorelinebrands.com/products/axis-wake-boat-bimini-shade-extension-kit?variant=45345971142841
2025,Axis Wake Research,A20,https://shorelinebrands.com/products/axis-wake-boat-bimini-shade-extension-kit?variant=45345971142841
2025,Axis Wake Research,A225 (w/ XL Bimini),https://shorelinebrands.com/products/2015-2025-malibu-boats-bimini-mounted-shade-extension?variant=45345971372217
2025,Axis Wake Research,A225,https://shorelinebrands.com/products/axis-wake-boat-bimini-shade-extension-kit?variant=45345971142841
2025,Axis Wake Research,T220 (w/ XL Bimini),https://shorelinebrands.com/products/2015-2025-malibu-boats-bimini-mounted-shade-extension?variant=45345971372217
2025,Axis Wake Research,T220,https://shorelinebrands.com/products/axis-wake-boat-bimini-shade-extension-kit?variant=45345971142841
2025,Axis Wake Research,T235 (w/ XL Bimini),https://shorelinebrands.com/products/2015-2025-malibu-boats-bimini-mounted-shade-extension?variant=45345971372217
2025,Axis Wake Research,T235,https://shorelinebrands.com/products/axis-wake-boat-bimini-shade-extension-kit?variant=45345971142841
2025,Axis Wake Research,A24 (w/ XL Bimini),https://shorelinebrands.com/products/2015-2025-malibu-boats-bimini-mounted-shade-extension?variant=45345971372217
2025,Axis Wake Research,A24,https://shorelinebrands.com/products/axis-wake-boat-bimini-shade-extension-kit?variant=45345971142841
2025,Axis Wake Research,T250 (With XL Bimini),https://shorelinebrands.com/products/2015-2025-malibu-boats-bimini-mounted-shade-extension?variant=45345971372217
2025,Axis Wake Research,T250,https://shorelinebrands.com/products/axis-wake-boat-bimini-shade-extension-kit?variant=45345971142841
2025,Axis Wake Research,A245,https://shorelinebrands.com/products/axis-wake-boat-bimini-shade-extension-kit?variant=45345971142841
2025,Axis Wake Research,A245 (w/ XL Bimini),https://shorelinebrands.com/products/2015-2025-malibu-boats-bimini-mounted-shade-extension?variant=45345971372217
2026,Axis Wake Research,A20,https://shorelinebrands.com/products/axis-wake-boat-bimini-shade-extension-kit?variant=45345971142841
2026,Axis Wake Research,A225 (w/ XL Bimini),https://shorelinebrands.com/products/2015-2025-malibu-boats-bimini-mounted-shade-extension?variant=45345971372217
2026,Axis Wake Research,A225,https://shorelinebrands.com/products/axis-wake-boat-bimini-shade-extension-kit?variant=45345971142841
2026,Axis Wake Research,T220 (w/ XL Bimini),https://shorelinebrands.com/products/2015-2025-malibu-boats-bimini-mounted-shade-extension?variant=45345971372217
2026,Axis Wake Research,T220,https://shorelinebrands.com/products/axis-wake-boat-bimini-shade-extension-kit?variant=45345971142841
2026,Axis Wake Research,T235 (w/ XL Bimini),https://shorelinebrands.com/products/2015-2025-malibu-boats-bimini-mounted-shade-extension?variant=45345971372217
2026,Axis Wake Research,T235,https://shorelinebrands.com/products/axis-wake-boat-bimini-shade-extension-kit?variant=45345971142841
2026,Axis Wake Research,A24 (w/ XL Bimini),https://shorelinebrands.com/products/2015-2025-malibu-boats-bimini-mounted-shade-extension?variant=45345971372217
2026,Axis Wake Research,A24,https://shorelinebrands.com/products/axis-wake-boat-bimini-shade-extension-kit?variant=45345971142841
2026,Axis Wake Research,T250 (With XL Bimini),https://shorelinebrands.com/products/2015-2025-malibu-boats-bimini-mounted-shade-extension?variant=45345971372217
2026,Axis Wake Research,T250,https://shorelinebrands.com/products/axis-wake-boat-bimini-shade-extension-kit?variant=45345971142841
2026,Axis Wake Research,A245,https://shorelinebrands.com/products/axis-wake-boat-bimini-shade-extension-kit?variant=45345971142841
2026,Axis Wake Research,A245 (w/ XL Bimini),https://shorelinebrands.com/products/2015-2025-malibu-boats-bimini-mounted-shade-extension?variant=45345971372217
2000,Centurion Boats,FALCON SPORT,https://shorelinebrands.com/products/wake-tower-mounted-universal-bimini-extension?variant=45504199000249
2000,Centurion Boats,SPORT BOWRIDER,https://shorelinebrands.com/products/wake-tower-mounted-universal-bimini-extension?variant=45504199000249
2000,Centurion Boats,ECLIPSE,https://shorelinebrands.com/products/wake-tower-mounted-universal-bimini-extension?variant=45504199000249
2000,Centurion Boats,ELITE,https://shorelinebrands.com/products/wake-tower-mounted-universal-bimini-extension?variant=45504199000249
2000,Centurion Boats,ELITE BOWRIDER,https://shorelinebrands.com/products/wake-tower-mounted-universal-bimini-extension?variant=45504199000249
2001,Centurion Boats,FALCON SPORT,https://shorelinebrands.com/products/wake-tower-mounted-universal-bimini-extension?variant=45504199000249
2001,Centurion Boats,SPORT BOWRIDER,https://shorelinebrands.com/products/wake-tower-mounted-universal-bimini-extension?variant=45504199000249
2001,Centurion Boats,ECLIPSE,https://shorelinebrands.com/products/wake-tower-mounted-universal-bimini-extension?variant=45504199000249
2001,Centurion Boats,ELITE,https://shorelinebrands.com/products/wake-tower-mounted-universal-bimini-extension?variant=45504199000249
2001,Centurion Boats,ELITE BOWRIDER,https://shorelinebrands.com/products/wake-tower-mounted-universal-bimini-extension?variant=45504199000249
2001,Centurion Boats,CONCOURSE,https://shorelinebrands.com/products/wake-tower-mounted-universal-bimini-extension?variant=45504199000249
2002,Centurion Boats,FALCON SPORT,https://shorelinebrands.com/products/wake-tower-mounted-universal-bimini-extension?variant=45504199000249
2002,Centurion Boats,SPORT BOWRIDER,https://shorelinebrands.com/products/wake-tower-mounted-universal-bimini-extension?variant=45504199000249
2002,Centurion Boats,CYCLONE-STORM,https://shorelinebrands.com/products/wake-tower-mounted-universal-bimini-extension?variant=45504199000249
2002,Centurion Boats,ECLIPSE,https://shorelinebrands.com/products/wake-tower-mounted-universal-bimini-extension?variant=45504199000249
2002,Centurion Boats,LAPOINT,https://shorelinebrands.com/products/wake-tower-mounted-universal-bimini-extension?variant=45504199000249
2002,Centurion Boats,AVALANCHE-STORM,https://shorelinebrands.com/products/wake-tower-mounted-universal-bimini-extension?variant=45504199000249
2002,Centurion Boats,ELITE,https://shorelinebrands.com/products/wake-tower-mounted-universal-bimini-extension?variant=45504199000249
2002,Centurion Boats,ELITE BOWRIDER,https://shorelinebrands.com/products/wake-tower-mounted-universal-bimini-extension?variant=45504199000249
2002,Centurion Boats,ESCALADE,https://shorelinebrands.com/products/wake-tower-mounted-universal-bimini-extension?variant=45504199000249
2002,Centurion Boats,HURRICANE-STORM,https://shorelinebrands.com/products/wake-tower-mounted-universal-bimini-extension?variant=45504199000249
2002,Centurion Boats,TORNADO-STORM,https://shorelinebrands.com/products/wake-tower-mounted-universal-bimini-extension?variant=45504199000249
2002,Centurion Boats,CONCOURSE,https://shorelinebrands.com/products/wake-tower-mounted-universal-bimini-extension?variant=45504199000249
2002,Centurion Boats,TYPHOON-STORM,https://shorelinebrands.com/products/wake-tower-mounted-universal-bimini-extension?variant=45504199000249
2002,Centurion Boats,TSUNAMI,https://shorelinebrands.com/products/wake-tower-mounted-universal-bimini-extension?variant=45504199000249
2002,Centurion Boats,TSUNAMI-STORM,https://shorelinebrands.com/products/wake-tower-mounted-universal-bimini-extension?variant=45504199000249
2003,Centurion Boats,SPORT BOWRIDER,https://shorelinebrands.com/products/wake-tower-mounted-universal-bimini-extension?variant=45504199000249
2003,Centurion Boats,CYCLONE-STORM,https://shorelinebrands.com/products/wake-tower-mounted-universal-bimini-extension?variant=45504199000249
2003,Centurion Boats,ECLIPSE,https://shorelinebrands.com/products/wake-tower-mounted-universal-bimini-extension?variant=45504199000249
2003,Centurion Boats,LAPOINT,https://shorelinebrands.com/products/wake-tower-mounted-universal-bimini-extension?variant=45504199000249
2003,Centurion Boats,AVALANCHE-STORM,https://shorelinebrands.com/products/wake-tower-mounted-universal-bimini-extension?variant=45504199000249
2003,Centurion Boats,ELITE BOWRIDER,https://shorelinebrands.com/products/wake-tower-mounted-universal-bimini-extension?variant=45504199000249
2003,Centurion Boats,ELITE,https://shorelinebrands.com/products/wake-tower-mounted-universal-bimini-extension?variant=45504199000249
2003,Centurion Boats,ESCALADE,https://shorelinebrands.com/products/wake-tower-mounted-universal-bimini-extension?variant=45504199000249
2003,Centurion Boats,HURRICANE-STORM,https://shorelinebrands.com/products/wake-tower-mounted-universal-bimini-extension?variant=45504199000249
2003,Centurion Boats,TORNADO-STORM,https://shorelinebrands.com/products/wake-tower-mounted-universal-bimini-extension?variant=45504199000249
2003,Centurion Boats,CONCOURSE,https://shorelinebrands.com/products/wake-tower-mounted-universal-bimini-extension?variant=45504199000249
2003,Centurion Boats,TYPHOON-STORM,https://shorelinebrands.com/products/wake-tower-mounted-universal-bimini-extension?variant=45504199000249
2003,Centurion Boats,TSUNAMI,https://shorelinebrands.com/products/wake-tower-mounted-universal-bimini-extension?variant=45504199000249
2004,Centurion Boats,SPORT BOWRIDER,https://shorelinebrands.com/products/wake-tower-mounted-universal-bimini-extension?variant=45504199000249
2004,Centurion Boats,T-5 COMP,https://shorelinebrands.com/products/wake-tower-mounted-universal-bimini-extension?variant=45504199000249
2004,Centurion Boats,T-5,https://shorelinebrands.com/products/wake-tower-mounted-universal-bimini-extension?variant=45504199000249
2004,Centurion Boats,CYCLONE-STORM,https://shorelinebrands.com/products/wake-tower-mounted-universal-bimini-extension?variant=45504199000249
2004,Centurion Boats,ECLIPSE,https://shorelinebrands.com/products/wake-tower-mounted-universal-bimini-extension?variant=45504199000249
2004,Centurion Boats,LAPOINT,https://shorelinebrands.com/products/wake-tower-mounted-universal-bimini-extension?variant=45504199000249
2004,Centurion Boats,AVALANCHE-STORM,https://shorelinebrands.com/products/wake-tower-mounted-universal-bimini-extension?variant=45504199000249
2004,Centurion Boats,ELITE BOWRIDER,https://shorelinebrands.com/products/wake-tower-mounted-universal-bimini-extension?variant=45504199000249
2004,Centurion Boats,ELITE,https://shorelinebrands.com/products/wake-tower-mounted-universal-bimini-extension?variant=45504199000249
2004,Centurion Boats,ESCALADE,https://shorelinebrands.com/products/wake-tower-mounted-universal-bimini-extension?variant=45504199000249
2004,Centurion Boats,LIGHTNING-STORM,https://shorelinebrands.com/products/wake-tower-mounted-universal-bimini-extension?variant=45504199000249
2004,Centurion Boats,TORNADO-STORM,https://shorelinebrands.com/products/wake-tower-mounted-universal-bimini-extension?variant=45504199000249
2004,Centurion Boats,CONCOURSE,https://shorelinebrands.com/products/wake-tower-mounted-universal-bimini-extension?variant=45504199000249
2004,Centurion Boats,ENZO SV 230,https://shorelinebrands.com/products/wake-tower-mounted-universal-bimini-extension?variant=45504199000249
2004,Centurion Boats,ENZO-STORM,https://shorelinebrands.com/products/wake-tower-mounted-universal-bimini-extension?variant=45504199000249
2004,Centurion Boats,TYPHOON-STORM,https://shorelinebrands.com/products/wake-tower-mounted-universal-bimini-extension?variant=45504199000249
2005,Centurion Boats,THUNDER-STORM,https://shorelinebrands.com/products/wake-tower-mounted-universal-bimini-extension?variant=45504199000249
2005,Centurion Boats,CYCLONE-STORM,https://shorelinebrands.com/products/wake-tower-mounted-universal-bimini-extension?variant=45504199000249
2005,Centurion Boats,ECLIPSE,https://shorelinebrands.com/products/wake-tower-mounted-universal-bimini-extension?variant=45504199000249
2005,Centurion Boats,T-5 COMP,https://shorelinebrands.com/products/wake-tower-mounted-universal-bimini-extension?variant=45504199000249
2005,Centurion Boats,T-5,https://shorelinebrands.com/products/wake-tower-mounted-universal-bimini-extension?variant=45504199000249
2005,Centurion Boats,AVALANCHE-STORM,https://shorelinebrands.com/products/wake-tower-mounted-universal-bimini-extension?variant=45504199000249
2005,Centurion Boats,AVLNCH-STORM,https://shorelinebrands.com/products/wake-tower-mounted-universal-bimini-extension?variant=45504199000249
2005,Centurion Boats,ELITE BOWRIDER,https://shorelinebrands.com/products/wake-tower-mounted-universal-bimini-extension?variant=45504199000249
2005,Centurion Boats,ELITE C4,https://shorelinebrands.com/products/wake-tower-mounted-universal-bimini-extension?variant=45504199000249
2005,Centurion Boats,ELITE,https://shorelinebrands.com/products/wake-tower-mounted-universal-bimini-extension?variant=45504199000249
2005,Centurion Boats,ESCALADE,https://shorelinebrands.com/products/wake-tower-mounted-universal-bimini-extension?variant=45504199000249
2005,Centurion Boats,LIGHTNING-STORM,https://shorelinebrands.com/products/wake-tower-mounted-universal-bimini-extension?variant=45504199000249
2005,Centurion Boats,TORNADO-STORM,https://shorelinebrands.com/products/wake-tower-mounted-universal-bimini-extension?variant=45504199000249
2005,Centurion Boats,ENZO SV 230,https://shorelinebrands.com/products/wake-tower-mounted-universal-bimini-extension?variant=45504199000249
2005,Centurion Boats,ENZO-STORM,https://shorelinebrands.com/products/wake-tower-mounted-universal-bimini-extension?variant=45504199000249
2006,Centurion Boats,CYCLONE,https://shorelinebrands.com/products/wake-tower-mounted-universal-bimini-extension?variant=45504199000249
2006,Centurion Boats,T-5 AIR WARRIOR,https://shorelinebrands.com/products/wake-tower-mounted-universal-bimini-extension?variant=45504199000249
2006,Centurion Boats,T-5 COMP,https://shorelinebrands.com/products/wake-tower-mounted-universal-bimini-extension?variant=45504199000249
2006,Centurion Boats,AVALANCHE C4,https://shorelinebrands.com/products/wake-tower-mounted-universal-bimini-extension?variant=45504199000249
2006,Centurion Boats,AVALANCHE,https://shorelinebrands.com/products/wake-tower-mounted-universal-bimini-extension?variant=45504199000249
2006,Centurion Boats,ELITE AIR WARRIOR C4,https://shorelinebrands.com/products/wake-tower-mounted-universal-bimini-extension?variant=45504199000249
2006,Centurion Boats,ELITE AIR WARRIOR,https://shorelinebrands.com/products/wake-tower-mounted-universal-bimini-extension?variant=45504199000249
2006,Centurion Boats,LIGHTNING C4,https://shorelinebrands.com/products/wake-tower-mounted-universal-bimini-extension?variant=45504199000249
2006,Centurion Boats,ENZO STORM PKG,https://shorelinebrands.com/products/wake-tower-mounted-universal-bimini-extension?variant=45504199000249
2007,Centurion Boats,CYCLONE C4,https://shorelinebrands.com/products/wake-tower-mounted-universal-bimini-extension?variant=45504199000249
2007,Centurion Boats,ECLIPSE C4,https://shorelinebrands.com/products/wake-tower-mounted-universal-bimini-extension?variant=45504199000249
2007,Centurion Boats,T-5 AIR WARRIOR,https://shorelinebrands.com/products/wake-tower-mounted-universal-bimini-extension?variant=45504199000249
2007,Centurion Boats,T-5 COMP,https://shorelinebrands.com/products/wake-tower-mounted-universal-bimini-extension?variant=45504199000249
2007,Centurion Boats,AVALANCHE C4,https://shorelinebrands.com/products/wake-tower-mounted-universal-bimini-extension?variant=45504199000249
2007,Centurion Boats,AVALANCHE,https://shorelinebrands.com/products/wake-tower-mounted-universal-bimini-extension?variant=45504199000249
2007,Centurion Boats,ELITE AIR WARRIOR C4,https://shorelinebrands.com/products/wake-tower-mounted-universal-bimini-extension?variant=45504199000249
2007,Centurion Boats,ELITE C4,https://shorelinebrands.com/products/wake-tower-mounted-universal-bimini-extension?variant=45504199000249
2007,Centurion Boats,ENZO SV216,https://shorelinebrands.com/products/wake-tower-mounted-universal-bimini-extension?variant=45504199000249
2007,Centurion Boats,ESCALADE C4,https://shorelinebrands.com/products/wake-tower-mounted-universal-bimini-extension?variant=45504199000249
2007,Centurion Boats,ESCALADE,https://shorelinebrands.com/products/wake-tower-mounted-universal-bimini-extension?variant=45504199000249
2007,Centurion Boats,LIGHTNING C4,https://shorelinebrands.com/products/wake-tower-mounted-universal-bimini-extension?variant=45504199000249
2007,Centurion Boats,TORNADO,https://shorelinebrands.com/products/wake-tower-mounted-universal-bimini-extension?variant=45504199000249
2007,Centurion Boats,CONCOURSE C4,https://shorelinebrands.com/products/wake-tower-mounted-universal-bimini-extension?variant=45504199000249
2007,Centurion Boats,ENZO SV230,https://shorelinebrands.com/products/wake-tower-mounted-universal-bimini-extension?variant=45504199000249
2007,Centurion Boats,TYPHOON C4,https://shorelinebrands.com/products/wake-tower-mounted-universal-bimini-extension?variant=45504199000249
2007,Centurion Boats,ENZO SV240,https://shorelinebrands.com/products/wake-tower-mounted-universal-bimini-extension?variant=45504199000249
2008,Centurion Boats,CYCLONE,https://shorelinebrands.com/products/wake-tower-mounted-universal-bimini-extension?variant=45504199000249
2008,Centurion Boats,FALCON AIR WARRIOR,https://shorelinebrands.com/products/wake-tower-mounted-universal-bimini-extension?variant=45504199000249
2008,Centurion Boats,FALCON V AIR WARRIOR,https://shorelinebrands.com/products/wake-tower-mounted-universal-bimini-extension?variant=45504199000249
2008,Centurion Boats,FALCON V C4,https://shorelinebrands.com/products/wake-tower-mounted-universal-bimini-extension?variant=45504199000249
2008,Centurion Boats,FALCON,https://shorelinebrands.com/products/wake-tower-mounted-universal-bimini-extension?variant=45504199000249
2008,Centurion Boats,T-5 AIR WARRIOR,https://shorelinebrands.com/products/wake-tower-mounted-universal-bimini-extension?variant=45504199000249
2008,Centurion Boats,T-5 COMP,https://shorelinebrands.com/products/wake-tower-mounted-universal-bimini-extension?variant=45504199000249
2008,Centurion Boats,AVALANCHE C4,https://shorelinebrands.com/products/wake-tower-mounted-universal-bimini-extension?variant=45504199000249
2008,Centurion Boats,AVALANCHE,https://shorelinebrands.com/products/wake-tower-mounted-universal-bimini-extension?variant=45504199000249
2008,Centurion Boats,ELITE AIR WARRIOR C4,https://shorelinebrands.com/products/wake-tower-mounted-universal-bimini-extension?variant=45504199000249
2008,Centurion Boats,ELITE V C4,https://shorelinebrands.com/products/wake-tower-mounted-universal-bimini-extension?variant=45504199000249
2008,Centurion Boats,ENZO SD220,https://shorelinebrands.com/products/wake-tower-mounted-universal-bimini-extension?variant=45504199000249
2008,Centurion Boats,ENZO SV220,https://shorelinebrands.com/products/wake-tower-mounted-universal-bimini-extension?variant=45504199000249
2008,Centurion Boats,ESCALADE C4,https://shorelinebrands.com/products/wake-tower-mounted-universal-bimini-extension?variant=45504199000249
2008,Centurion Boats,ESCALADE,https://shorelinebrands.com/products/wake-tower-mounted-universal-bimini-extension?variant=45504199000249
2008,Centurion Boats,LIGHTNING C4,https://shorelinebrands.com/products/wake-tower-mounted-universal-bimini-extension?variant=45504199000249
2008,Centurion Boats,CONCOURSE C4,https://shorelinebrands.com/products/wake-tower-mounted-universal-bimini-extension?variant=45504199000249
2008,Centurion Boats,ENZO SV230,https://shorelinebrands.com/products/wake-tower-mounted-universal-bimini-extension?variant=45504199000249
2008,Centurion Boats,TYPHOON C4,https://shorelinebrands.com/products/wake-tower-mounted-universal-bimini-extension?variant=45504199000249
2008,Centurion Boats,ENZO SV240,https://shorelinebrands.com/products/wake-tower-mounted-universal-bimini-extension?variant=45504199000249
2009,Centurion Boats,CYCLONE,https://shorelinebrands.com/products/wake-tower-mounted-universal-bimini-extension?variant=45504199000249
2009,Centurion Boats,FALCON AIR WARRIOR,https://shorelinebrands.com/products/wake-tower-mounted-universal-bimini-extension?variant=45504199000249
2009,Centurion Boats,FALCON V AIR WARRIOR,https://shorelinebrands.com/products/wake-tower-mounted-universal-bimini-extension?variant=45504199000249
2009,Centurion Boats,FALCON V C4,https://shorelinebrands.com/products/wake-tower-mounted-universal-bimini-extension?variant=45504199000249
2009,Centurion Boats,FALCON,https://shorelinebrands.com/products/wake-tower-mounted-universal-bimini-extension?variant=45504199000249
2009,Centurion Boats,T-5 AIR WARRIOR,https://shorelinebrands.com/products/wake-tower-mounted-universal-bimini-extension?variant=45504199000249
2009,Centurion Boats,T-5 COMP,https://shorelinebrands.com/products/wake-tower-mounted-universal-bimini-extension?variant=45504199000249
2009,Centurion Boats,AVALANCHE C4,https://shorelinebrands.com/products/wake-tower-mounted-universal-bimini-extension?variant=45504199000249
2009,Centurion Boats,ELITE AIR WARRIOR C4,https://shorelinebrands.com/products/wake-tower-mounted-universal-bimini-extension?variant=45504199000249
2009,Centurion Boats,ELITE V C4,https://shorelinebrands.com/products/wake-tower-mounted-universal-bimini-extension?variant=45504199000249
2009,Centurion Boats,ENZO SD220,https://shorelinebrands.com/products/wake-tower-mounted-universal-bimini-extension?variant=45504199000249
2009,Centurion Boats,ENZO SV220,https://shorelinebrands.com/products/wake-tower-mounted-universal-bimini-extension?variant=45504199000249
2009,Centurion Boats,ESCALADE C4,https://shorelinebrands.com/products/wake-tower-mounted-universal-bimini-extension?variant=45504199000249
2009,Centurion Boats,LIGHTNING C4,https://shorelinebrands.com/products/wake-tower-mounted-universal-bimini-extension?variant=45504199000249
2009,Centurion Boats,CONCOURSE C4,https://shorelinebrands.com/products/wake-tower-mounted-universal-bimini-extension?variant=45504199000249
2009,Centurion Boats,ENZO SV230,https://shorelinebrands.com/products/wake-tower-mounted-universal-bimini-extension?variant=45504199000249
2009,Centurion Boats,TYPHOON C4,https://shorelinebrands.com/products/wake-tower-mounted-universal-bimini-extension?variant=45504199000249
2009,Centurion Boats,ENZO SV240,https://shorelinebrands.com/products/wake-tower-mounted-universal-bimini-extension?variant=45504199000249
2010,Centurion Boats,FALCON V AIR WARRIOR,https://shorelinebrands.com/products/wake-tower-mounted-universal-bimini-extension?variant=45504199000249
2010,Centurion Boats,WAVE,https://shorelinebrands.com/products/wake-tower-mounted-universal-bimini-extension?variant=45504199000249
2010,Centurion Boats,AVALANCHE C4,
2010,Centurion Boats,ELITE V C4,https://shorelinebrands.com/products/wake-tower-mounted-universal-bimini-extension?variant=45504199000249
2010,Centurion Boats,ENZO SV230,
2010,Centurion Boats,ENZO SV240,
2010,Centurion Boats,FLIGHT 33,https://shorelinebrands.com/products/wake-tower-mounted-universal-bimini-extension?variant=45504199000249
2011,Centurion Boats,CARBON PRO,https://shorelinebrands.com/products/wake-tower-mounted-universal-bimini-extension?variant=45504199000249
2011,Centurion Boats,AIR WARRIOR,https://shorelinebrands.com/products/wake-tower-mounted-universal-bimini-extension?variant=45504199000249
2011,Centurion Boats,AVALANCHE C4,
2011,Centurion Boats,ELITE V C4,https://shorelinebrands.com/products/wake-tower-mounted-universal-bimini-extension?variant=45504199000249
2011,Centurion Boats,ENZO SV230,
2011,Centurion Boats,ENZO SV240,
2011,Centurion Boats,FLIGHT 33,https://shorelinebrands.com/products/wake-tower-mounted-universal-bimini-extension?variant=45504199000249
2012,Centurion Boats,CARBON PRO,https://shorelinebrands.com/products/wake-tower-mounted-universal-bimini-extension?variant=45504199000249
2012,Centurion Boats,ENZO SV211,
2012,Centurion Boats,AVALANCHE C4,
2012,Centurion Boats,ELITE V C4,https://shorelinebrands.com/products/wake-tower-mounted-universal-bimini-extension?variant=45504199000249
2012,Centurion Boats,ENZO SV230,
2012,Centurion Boats,ENZO SV233,
2012,Centurion Boats,ENZO SV240,
2012,Centurion Boats,ENZO SV244,
2013,Centurion Boats,CARBON PRO,https://shorelinebrands.com/products/wake-tower-mounted-universal-bimini-extension?variant=45504199000249
2013,Centurion Boats,ENZO SV211,
2013,Centurion Boats,AVALANCHE C4,
2013,Centurion Boats,ELITE V C4,https://shorelinebrands.com/products/wake-tower-mounted-universal-bimini-extension?variant=45504199000249
2013,Centurion Boats,ENZO FX22,
2013,Centurion Boats,ENZO SV230,
2013,Centurion Boats,ENZO SV233,
2013,Centurion Boats,ENZO SV244,
2014,Centurion Boats,CARBON PRO,https://shorelinebrands.com/products/wake-tower-mounted-universal-bimini-extension?variant=45504199000249
2014,Centurion Boats,ENZO SS210,
2014,Centurion Boats,AVALANCHE SS,
2014,Centurion Boats,ENZO FX22,
2014,Centurion Boats,ENZO SS230,
2014,Centurion Boats,ENZO SV233,
2014,Centurion Boats,ENZO FX44,
2014,Centurion Boats,ENZO SV244,
2015,Centurion Boats,CARBON PRO,https://shorelinebrands.com/products/wake-tower-mounted-universal-bimini-extension?variant=45504199000249
2015,Centurion Boats,ENZO SS210,https://shorelinebrands.com/products/wake-tower-mounted-universal-bimini-extension?variant=45504199000249
2015,Centurion Boats,ENZO FS22,https://shorelinebrands.com/products/wake-tower-mounted-universal-bimini-extension?variant=45504199000249
2015,Centurion Boats,ENZO FS33,https://shorelinebrands.com/products/wake-tower-mounted-universal-bimini-extension?variant=45504199000249
2015,Centurion Boats,ENZO SV233,https://shorelinebrands.com/products/wake-tower-mounted-universal-bimini-extension?variant=45504199000249
2015,Centurion Boats,ENZO FS44,https://shorelinebrands.com/products/wake-tower-mounted-universal-bimini-extension?variant=45504199000249
2015,Centurion Boats,ENZO SV244,https://shorelinebrands.com/products/wake-tower-mounted-universal-bimini-extension?variant=45504199000249
2016,Centurion Boats,CARBON PRO,https://shorelinebrands.com/products/wake-tower-mounted-universal-bimini-extension?variant=45504199000249
2016,Centurion Boats,RI217,https://shorelinebrands.com/products/wake-tower-mounted-universal-bimini-extension?variant=45504199000249
2016,Centurion Boats,ENZO FS33,https://shorelinebrands.com/products/wake-tower-mounted-universal-bimini-extension?variant=45504199000249
2016,Centurion Boats,ENZO SV233,https://shorelinebrands.com/products/wake-tower-mounted-universal-bimini-extension?variant=45504199000249
2016,Centurion Boats,ENZO FS44,https://shorelinebrands.com/products/wake-tower-mounted-universal-bimini-extension?variant=45504199000249
2016,Centurion Boats,ENZO SV244,https://shorelinebrands.com/products/wake-tower-mounted-universal-bimini-extension?variant=45504199000249
2016,Centurion Boats,RI237,https://shorelinebrands.com/products/wake-tower-mounted-universal-bimini-extension?variant=45504199000249
2017,Centurion Boats,CARBON PRO,https://shorelinebrands.com/products/wake-tower-mounted-universal-bimini-extension?variant=45504199000249
2017,Centurion Boats,RI217,https://shorelinebrands.com/products/wake-tower-mounted-universal-bimini-extension?variant=45504199000249
2017,Centurion Boats,RI237,https://shorelinebrands.com/products/wake-tower-mounted-universal-bimini-extension?variant=45504199000249
2017,Centurion Boats,RI257,https://shorelinebrands.com/products/wake-tower-mounted-universal-bimini-extension?variant=45504199000249
2018,Centurion Boats,FI21,https://shorelinebrands.com/products/wake-tower-mounted-universal-bimini-extension?variant=45504199000249
2018,Centurion Boats,RI217,https://shorelinebrands.com/products/wake-tower-mounted-universal-bimini-extension?variant=45504199000249
2018,Centurion Boats,FI23,https://shorelinebrands.com/products/wake-tower-mounted-universal-bimini-extension?variant=45504199000249
2018,Centurion Boats,RI237 w/ Sewlong Bimini,https://shorelinebrands.com/products/centurion-and-supreme-bimini-extension-kit?variant=45345971208377
2018,Centurion Boats,RI237,https://shorelinebrands.com/products/wake-tower-mounted-universal-bimini-extension?variant=45504199000249
2018,Centurion Boats,RI257 w/ Sewlong Bimini,https://shorelinebrands.com/products/centurion-and-supreme-bimini-extension-kit?variant=45345971208377
2018,Centurion Boats,RI257,https://shorelinebrands.com/products/wake-tower-mounted-universal-bimini-extension?variant=45504199000249
2019,Centurion Boats,FI21,https://shorelinebrands.com/products/wake-tower-mounted-universal-bimini-extension?variant=45504199000249
2019,Centurion Boats,RI217 w/ Sewlong Bimini,https://shorelinebrands.com/products/centurion-and-supreme-bimini-extension-kit?variant=45345971208377
2019,Centurion Boats,RI217 w/ Maximus Tower,https://shorelinebrands.com/products/wake-tower-mounted-universal-bimini-extension?variant=45504199000249
2019,Centurion Boats,RI217 w/ Dropzone Tower,https://www.shorelinebrands.com/product-page/universal-shade-sail-bimini-extension-transom-mounted
2019,Centurion Boats,FI23,https://shorelinebrands.com/products/wake-tower-mounted-universal-bimini-extension?variant=45504199000249
2019,Centurion Boats,RI237 w/ Sewlong Bimini,https://shorelinebrands.com/products/centurion-and-supreme-bimini-extension-kit?variant=45345971208377
2019,Centurion Boats,RI237 w/ Maximus Tower,https://shorelinebrands.com/products/wake-tower-mounted-universal-bimini-extension?variant=45504199000249
2019,Centurion Boats,RI237 w/ Dropzone Tower,
2019,Centurion Boats,FI25,https://shorelinebrands.com/products/wake-tower-mounted-universal-bimini-extension?variant=45504199000249
2019,Centurion Boats,RI257 w/ Sewlong Bimini,https://shorelinebrands.com/products/centurion-and-supreme-bimini-extension-kit?variant=45345971208377
2019,Centurion Boats,RI257 w/ Maximus Tower,https://shorelinebrands.com/products/wake-tower-mounted-universal-bimini-extension?variant=45504199000249
2019,Centurion Boats,RI257 w/ Dropzone Tower,
2020,Centurion Boats,FI21,https://shorelinebrands.com/products/wake-tower-mounted-universal-bimini-extension?variant=45504199000249
2020,Centurion Boats,VI22,https://shorelinebrands.com/products/wake-tower-mounted-universal-bimini-extension?variant=45504199000249
2020,Centurion Boats,FI23,https://shorelinebrands.com/products/wake-tower-mounted-universal-bimini-extension?variant=45504199000249
2020,Centurion Boats,RI237 w/ Maximus Tower,https://shorelinebrands.com/products/wake-tower-mounted-universal-bimini-extension?variant=45504199000249
2020,Centurion Boats,RI237 w/ Dropzone Tower,
2020,Centurion Boats,RI237 w/ Sewlong Bimini,https://shorelinebrands.com/products/centurion-and-supreme-bimini-extension-kit?variant=45345971208377
2020,Centurion Boats,VI24,https://shorelinebrands.com/products/wake-tower-mounted-universal-bimini-extension?variant=45504199000249
2020,Centurion Boats,FI25,https://shorelinebrands.com/products/wake-tower-mounted-universal-bimini-extension?variant=45504199000249
2020,Centurion Boats,RI257 w/ Maximus Tower,https://shorelinebrands.com/products/wake-tower-mounted-universal-bimini-extension?variant=45504199000249
2020,Centurion Boats,RI257 w/ Dropzone Tower,
2020,Centurion Boats,RI257 w/ Sewlong Bimini,https://shorelinebrands.com/products/centurion-and-supreme-bimini-extension-kit?variant=45345971208377
2021,Centurion Boats,FI21,https://shorelinebrands.com/products/wake-tower-mounted-universal-bimini-extension?variant=45504199000249
2021,Centurion Boats,VI22,https://shorelinebrands.com/products/wake-tower-mounted-universal-bimini-extension?variant=45504199000249
2021,Centurion Boats,FI23,https://shorelinebrands.com/products/wake-tower-mounted-universal-bimini-extension?variant=45504199000249
2021,Centurion Boats,RI237 w/ Sewlong Bimini,https://shorelinebrands.com/products/centurion-and-supreme-bimini-extension-kit?variant=45345971208377
2021,Centurion Boats,RI237,
2021,Centurion Boats,RI245 w/ Sewlong Bimini,https://shorelinebrands.com/products/centurion-and-supreme-bimini-extension-kit?variant=45345971208377
2021,Centurion Boats,RI245,
2021,Centurion Boats,VI24,https://shorelinebrands.com/products/wake-tower-mounted-universal-bimini-extension?variant=45504199000249
2021,Centurion Boats,FI25,https://shorelinebrands.com/products/wake-tower-mounted-universal-bimini-extension?variant=45504199000249
2021,Centurion Boats,RI257 w/ Sewlong Bimini,https://shorelinebrands.com/products/centurion-and-supreme-bimini-extension-kit?variant=45345971208377
2021,Centurion Boats,RI257,
2021,Centurion Boats,RI265 w/ Sewlong Bimini,https://shorelinebrands.com/products/centurion-and-supreme-bimini-extension-kit?variant=45345971208377
2021,Centurion Boats,RI265,
2022,Centurion Boats,FI21,https://shorelinebrands.com/products/wake-tower-mounted-universal-bimini-extension?variant=45504199000249
2022,Centurion Boats,VI22,https://shorelinebrands.com/products/wake-tower-mounted-universal-bimini-extension?variant=45504199000249
2022,Centurion Boats,FI23,https://shorelinebrands.com/products/wake-tower-mounted-universal-bimini-extension?variant=45504199000249
2022,Centurion Boats,RI230 w/ Sewlong Bimini,https://shorelinebrands.com/products/centurion-and-supreme-bimini-extension-kit?variant=45345971208377
2022,Centurion Boats,RI230,
2022,Centurion Boats,RI245 w/ Sewlong Bimini,https://shorelinebrands.com/products/centurion-and-supreme-bimini-extension-kit?variant=45345971208377
2022,Centurion Boats,RI245,
2022,Centurion Boats,VI24,https://shorelinebrands.com/products/wake-tower-mounted-universal-bimini-extension?variant=45504199000249
2022,Centurion Boats,FI25,https://shorelinebrands.com/products/wake-tower-mounted-universal-bimini-extension?variant=45504199000249
2022,Centurion Boats,RI265 w/ Sewlong Bimini,https://shorelinebrands.com/products/centurion-and-supreme-bimini-extension-kit?variant=45345971208377
2022,Centurion Boats,RI265,
2023,Centurion Boats,FI21,https://shorelinebrands.com/products/wake-tower-mounted-universal-bimini-extension?variant=45504199000249
2023,Centurion Boats,VI22,https://shorelinebrands.com/products/wake-tower-mounted-universal-bimini-extension?variant=45504199000249
2023,Centurion Boats,FI23,https://shorelinebrands.com/products/wake-tower-mounted-universal-bimini-extension?variant=45504199000249
2023,Centurion Boats,RI230 w/ Sewlong Bimini,https://shorelinebrands.com/products/centurion-and-supreme-bimini-extension-kit?variant=45345971208377
2023,Centurion Boats,RI230,
2023,Centurion Boats,RI245 w/ Sewlong Bimini,https://shorelinebrands.com/products/centurion-and-supreme-bimini-extension-kit?variant=45345971208377
2023,Centurion Boats,RI245,
2023,Centurion Boats,FI25,https://shorelinebrands.com/products/wake-tower-mounted-universal-bimini-extension?variant=45504199000249
2023,Centurion Boats,RI265,
2023,Centurion Boats,RI265 w/ Sewlong Bimini,https://shorelinebrands.com/products/centurion-and-supreme-bimini-extension-kit?variant=45345971208377
2024,Centurion Boats,fi23,https://shorelinebrands.com/products/wake-tower-mounted-universal-bimini-extension?variant=45504199000249
2024,Centurion Boats,fi25,https://shorelinebrands.com/products/wake-tower-mounted-universal-bimini-extension?variant=45504199000249
2024,Centurion Boats,fe22,https://shorelinebrands.com/products/wake-tower-mounted-universal-bimini-extension?variant=45504199000249
2024,Centurion Boats,RI230 w/ Predator tower,https://shorelinebrands.com/products/centurion-predator-tower-bimini-extension?variant=45345969045689
2024,Centurion Boats,RI230 w/ Sewlong Bimini,https://shorelinebrands.com/products/centurion-and-supreme-bimini-extension-kit?variant=45345971208377
2024,Centurion Boats,RI245 w/ Predator tower,https://shorelinebrands.com/products/centurion-predator-tower-bimini-extension?variant=45345969045689
2024,Centurion Boats,RI245 w/ Sewlong Bimini,https://shorelinebrands.com/products/centurion-and-supreme-bimini-extension-kit?variant=45345971208377
2024,Centurion Boats,RI265 w/ Predator tower,https://shorelinebrands.com/products/centurion-predator-tower-bimini-extension?variant=45345969045689
2024,Centurion Boats,RI265 w/ Sewlong Bimini,https://shorelinebrands.com/products/centurion-and-supreme-bimini-extension-kit?variant=45345971208377
2025,Centurion Boats,RI230 w/ Predator tower,https://shorelinebrands.com/products/centurion-predator-tower-bimini-extension?variant=45345969045689
2025,Centurion Boats,RI230 w/ Sewlong Bimini,https://shorelinebrands.com/products/centurion-and-supreme-bimini-extension-kit?variant=45345971208377
2025,Centurion Boats,RI245 w/ Predator tower,https://shorelinebrands.com/products/centurion-predator-tower-bimini-extension?variant=45345969045689
2025,Centurion Boats,RI245 w/ Sewlong Bimini,https://shorelinebrands.com/products/centurion-and-supreme-bimini-extension-kit?variant=45345971208377
2025,Centurion Boats,RI265 w/ Predator tower,https://shorelinebrands.com/products/centurion-predator-tower-bimini-extension?variant=45345969045689
2025,Centurion Boats,RI265 w/ Sewlong Bimini,https://shorelinebrands.com/products/centurion-and-supreme-bimini-extension-kit?variant=45345971208377
2025,Centurion Boats,FE22,https://shorelinebrands.com/products/wake-tower-mounted-universal-bimini-extension?variant=45504199000249
2025,Centurion Boats,FE23,https://shorelinebrands.com/products/wake-tower-mounted-universal-bimini-extension?variant=45504199000249
2025,Centurion Boats,FE25,https://shorelinebrands.com/products/wake-tower-mounted-universal-bimini-extension?variant=45504199000249
2025,Centurion Boats,NV213,https://shorelinebrands.com/products/wake-tower-mounted-universal-bimini-extension?variant=45504199000249
2025,Centurion Boats,NV233,https://shorelinebrands.com/products/wake-tower-mounted-universal-bimini-extension?variant=45504199000249
2026,Centurion Boats,RI230 w/ Predator tower,https://shorelinebrands.com/products/centurion-predator-tower-bimini-extension?variant=45345969045689
2026,Centurion Boats,RI230 w/ Sewlong Bimini,https://shorelinebrands.com/products/centurion-and-supreme-bimini-extension-kit?variant=45345971208377
2026,Centurion Boats,RI245 w/ Predator Tower,https://shorelinebrands.com/products/centurion-predator-tower-bimini-extension?variant=45345969045689
2026,Centurion Boats,RI245 w/ Sewlong Bimini,https://shorelinebrands.com/products/centurion-and-supreme-bimini-extension-kit?variant=45345971208377
2026,Centurion Boats,RI265 w/ Predator Tower,https://shorelinebrands.com/products/centurion-predator-tower-bimini-extension?variant=45345969045689
2026,Centurion Boats,RI265 w/ Sewlong Bimini,https://shorelinebrands.com/products/centurion-and-supreme-bimini-extension-kit?variant=45345971208377
2026,Centurion Boats,FE22,https://shorelinebrands.com/products/wake-tower-mounted-universal-bimini-extension?variant=45504199000249
2027,Centurion Boats,FE22 w/ Sewlong Bimini,https://shorelinebrands.com/products/centurion-and-supreme-bimini-extension-kit?variant=45345971208377
2028,Centurion Boats,FE23,https://shorelinebrands.com/products/wake-tower-mounted-universal-bimini-extension?variant=45504199000249
2029,Centurion Boats,FE23 w/ Sewlong Bimini,https://shorelinebrands.com/products/centurion-and-supreme-bimini-extension-kit?variant=45345971208377
2030,Centurion Boats,FE25,https://shorelinebrands.com/products/wake-tower-mounted-universal-bimini-extension?variant=45504199000249
2031,Centurion Boats,FE25 w/ Sewlong Bimini,https://shorelinebrands.com/products/centurion-and-supreme-bimini-extension-kit?variant=45345971208377
2032,Centurion Boats,NV213,https://shorelinebrands.com/products/wake-tower-mounted-universal-bimini-extension?variant=45504199000249
2033,Centurion Boats,NV213 w/ Sewlong Bimini,https://shorelinebrands.com/products/centurion-and-supreme-bimini-extension-kit?variant=45345971208377
2034,Centurion Boats,NV233,https://shorelinebrands.com/products/wake-tower-mounted-universal-bimini-extension?variant=45504199000249
2035,Centurion Boats,NV233 w/ Sewlong Bimini,https://shorelinebrands.com/products/centurion-and-supreme-bimini-extension-kit?variant=45345971208377
2001,Malibu Boats,RESPONSE LX,https://shorelinebrands.com/products/wake-tower-mounted-universal-bimini-extension?variant=45504199000249
2001,Malibu Boats,SPORTSTER,https://shorelinebrands.com/products/wake-tower-mounted-universal-bimini-extension?variant=45504199000249
2001,Malibu Boats,SPORTSTER LX,https://shorelinebrands.com/products/wake-tower-mounted-universal-bimini-extension?variant=45504199000249
2001,Malibu Boats,SUNSETTER,https://shorelinebrands.com/products/wake-tower-mounted-universal-bimini-extension?variant=45504199000249
2001,Malibu Boats,SUNSETTER VLX,https://shorelinebrands.com/products/wake-tower-mounted-universal-bimini-extension?variant=45504199000249
2001,Malibu Boats,WAKESETTER VLX,https://shorelinebrands.com/products/wake-tower-mounted-universal-bimini-extension?variant=45504199000249
2001,Malibu Boats,SUNSETTER LXI,https://shorelinebrands.com/products/wake-tower-mounted-universal-bimini-extension?variant=45504199000249
2001,Malibu Boats,SUNSCAPE LSV,https://shorelinebrands.com/products/wake-tower-mounted-universal-bimini-extension?variant=45504199000249
2001,Malibu Boats,WAKESETTER LSV,https://shorelinebrands.com/products/wake-tower-mounted-universal-bimini-extension?variant=45504199000249
2002,Malibu Boats,RESPONSE,https://shorelinebrands.com/products/wake-tower-mounted-universal-bimini-extension?variant=45504199000249
2002,Malibu Boats,RESPONSE LX,https://shorelinebrands.com/products/wake-tower-mounted-universal-bimini-extension?variant=45504199000249
2002,Malibu Boats,SPORTSTER,https://shorelinebrands.com/products/wake-tower-mounted-universal-bimini-extension?variant=45504199000249
2002,Malibu Boats,SPORTSTER LX,https://shorelinebrands.com/products/wake-tower-mounted-universal-bimini-extension?variant=45504199000249
2002,Malibu Boats,SUNSCAPE LSV,https://shorelinebrands.com/products/wake-tower-mounted-universal-bimini-extension?variant=45504199000249
2002,Malibu Boats,SUNSETTER,https://shorelinebrands.com/products/wake-tower-mounted-universal-bimini-extension?variant=45504199000249
2002,Malibu Boats,WAKESETTER,https://shorelinebrands.com/products/wake-tower-mounted-universal-bimini-extension?variant=45504199000249
2002,Malibu Boats,WAKESETTER VLX,https://shorelinebrands.com/products/wake-tower-mounted-universal-bimini-extension?variant=45504199000249
2002,Malibu Boats,SUNSETTER LXI,https://shorelinebrands.com/products/wake-tower-mounted-universal-bimini-extension?variant=45504199000249
2002,Malibu Boats,WAKESETTER LXI,https://shorelinebrands.com/products/wake-tower-mounted-universal-bimini-extension?variant=45504199000249
2002,Malibu Boats,SUNSETTER XTI,https://shorelinebrands.com/products/wake-tower-mounted-universal-bimini-extension?variant=45504199000249
2002,Malibu Boats,WAKESETTER LSV,https://shorelinebrands.com/products/wake-tower-mounted-universal-bimini-extension?variant=45504199000249
2002,Malibu Boats,WAKESETTER XTI,https://shorelinebrands.com/products/wake-tower-mounted-universal-bimini-extension?variant=45504199000249
2003,Malibu Boats,RESPONSE,https://shorelinebrands.com/products/wake-tower-mounted-universal-bimini-extension?variant=45504199000249
2003,Malibu Boats,RESPONSE LX,https://shorelinebrands.com/products/wake-tower-mounted-universal-bimini-extension?variant=45504199000249
2003,Malibu Boats,SPORTSTER,https://shorelinebrands.com/products/wake-tower-mounted-universal-bimini-extension?variant=45504199000249
2003,Malibu Boats,SPORTSTER LX,https://shorelinebrands.com/products/wake-tower-mounted-universal-bimini-extension?variant=45504199000249
2003,Malibu Boats,RESPONSE LXI,https://shorelinebrands.com/products/wake-tower-mounted-universal-bimini-extension?variant=45504199000249
2003,Malibu Boats,SUNSCAPE LSV,https://shorelinebrands.com/products/wake-tower-mounted-universal-bimini-extension?variant=45504199000249
2003,Malibu Boats,SUNSETTER XTI,https://shorelinebrands.com/products/wake-tower-mounted-universal-bimini-extension?variant=45504199000249
2003,Malibu Boats,WAKESETTER,https://shorelinebrands.com/products/wake-tower-mounted-universal-bimini-extension?variant=45504199000249
2003,Malibu Boats,WAKESETTER VLX,https://shorelinebrands.com/products/wake-tower-mounted-universal-bimini-extension?variant=45504199000249
2003,Malibu Boats,SUNSETTER LXI,https://shorelinebrands.com/products/wake-tower-mounted-universal-bimini-extension?variant=45504199000249
2003,Malibu Boats,WAKESETTER XTI,https://shorelinebrands.com/products/wake-tower-mounted-universal-bimini-extension?variant=45504199000249
2003,Malibu Boats,WAKESETTER LSV,https://shorelinebrands.com/products/wake-tower-mounted-universal-bimini-extension?variant=45504199000249
2004,Malibu Boats,RESPONSE,https://shorelinebrands.com/products/wake-tower-mounted-universal-bimini-extension?variant=45504199000249
2004,Malibu Boats,RESPONSE LX,https://shorelinebrands.com/products/wake-tower-mounted-universal-bimini-extension?variant=45504199000249
2004,Malibu Boats,SPORTSTER,https://shorelinebrands.com/products/wake-tower-mounted-universal-bimini-extension?variant=45504199000249
2004,Malibu Boats,SPORTSTER LX,https://shorelinebrands.com/products/wake-tower-mounted-universal-bimini-extension?variant=45504199000249
2004,Malibu Boats,RESPONSE LXI,https://shorelinebrands.com/products/wake-tower-mounted-universal-bimini-extension?variant=45504199000249
2004,Malibu Boats,SUNSCAPE LSV,https://shorelinebrands.com/products/wake-tower-mounted-universal-bimini-extension?variant=45504199000249
2004,Malibu Boats,SUNSETTER XTI,https://shorelinebrands.com/products/wake-tower-mounted-universal-bimini-extension?variant=45504199000249
2004,Malibu Boats,WAKESETTER,https://shorelinebrands.com/products/wake-tower-mounted-universal-bimini-extension?variant=45504199000249
2004,Malibu Boats,WAKESETTER VLX,https://shorelinebrands.com/products/wake-tower-mounted-universal-bimini-extension?variant=45504199000249
2004,Malibu Boats,SUNSETTER LXI,https://shorelinebrands.com/products/wake-tower-mounted-universal-bimini-extension?variant=45504199000249
2004,Malibu Boats,WAKESETTER XTI,https://shorelinebrands.com/products/wake-tower-mounted-universal-bimini-extension?variant=45504199000249
2004,Malibu Boats,WAKESETTER LSV,https://shorelinebrands.com/products/wake-tower-mounted-universal-bimini-extension?variant=45504199000249
2005,Malibu Boats,RESPONSE,https://shorelinebrands.com/products/wake-tower-mounted-universal-bimini-extension?variant=45504199000249
2005,Malibu Boats,RESPONSE LX,https://shorelinebrands.com/products/wake-tower-mounted-universal-bimini-extension?variant=45504199000249
2005,Malibu Boats,SPORTSTER,https://shorelinebrands.com/products/wake-tower-mounted-universal-bimini-extension?variant=45504199000249
2005,Malibu Boats,SPORTSTER LX,https://shorelinebrands.com/products/wake-tower-mounted-universal-bimini-extension?variant=45504199000249
2005,Malibu Boats,I-RIDE,https://shorelinebrands.com/products/wake-tower-mounted-universal-bimini-extension?variant=45504199000249
2005,Malibu Boats,RESPONSE LXI,https://shorelinebrands.com/products/wake-tower-mounted-universal-bimini-extension?variant=45504199000249
2005,Malibu Boats,SUNSCAPE LSV,https://shorelinebrands.com/products/wake-tower-mounted-universal-bimini-extension?variant=45504199000249
2005,Malibu Boats,SUNSETTER XTI,https://shorelinebrands.com/products/wake-tower-mounted-universal-bimini-extension?variant=45504199000249
2005,Malibu Boats,V-RIDE,https://shorelinebrands.com/products/wake-tower-mounted-universal-bimini-extension?variant=45504199000249
2005,Malibu Boats,WAKESETTER VLX,https://shorelinebrands.com/products/wake-tower-mounted-universal-bimini-extension?variant=45504199000249
2005,Malibu Boats,SUNSETTER LXI,https://shorelinebrands.com/products/wake-tower-mounted-universal-bimini-extension?variant=45504199000249
2005,Malibu Boats,WAKESETTER XTI,https://shorelinebrands.com/products/wake-tower-mounted-universal-bimini-extension?variant=45504199000249
2005,Malibu Boats,WAKESETTER LSV,https://shorelinebrands.com/products/wake-tower-mounted-universal-bimini-extension?variant=45504199000249
2006,Malibu Boats,RESPONSE,https://shorelinebrands.com/products/wake-tower-mounted-universal-bimini-extension?variant=45504199000249
2006,Malibu Boats,RESPONSE LX,https://shorelinebrands.com/products/wake-tower-mounted-universal-bimini-extension?variant=45504199000249
2006,Malibu Boats,I-RIDE,https://shorelinebrands.com/products/wake-tower-mounted-universal-bimini-extension?variant=45504199000249
2006,Malibu Boats,RESPONSE LXI,https://shorelinebrands.com/products/wake-tower-mounted-universal-bimini-extension?variant=45504199000249
2006,Malibu Boats,RIDE XTI,https://shorelinebrands.com/products/wake-tower-mounted-universal-bimini-extension?variant=45504199000249
2006,Malibu Boats,SUNSCAPE LSV,https://shorelinebrands.com/products/wake-tower-mounted-universal-bimini-extension?variant=45504199000249
2006,Malibu Boats,SUNSETTER XTI,https://shorelinebrands.com/products/wake-tower-mounted-universal-bimini-extension?variant=45504199000249
2006,Malibu Boats,V-RIDE,https://shorelinebrands.com/products/wake-tower-mounted-universal-bimini-extension?variant=45504199000249
2006,Malibu Boats,WAKESETTER VLX,https://shorelinebrands.com/products/wake-tower-mounted-universal-bimini-extension?variant=45504199000249
2006,Malibu Boats,SUNSETTER LXI,https://shorelinebrands.com/products/wake-tower-mounted-universal-bimini-extension?variant=45504199000249
2006,Malibu Boats,WAKESETTER XTI,https://shorelinebrands.com/products/wake-tower-mounted-universal-bimini-extension?variant=45504199000249
2006,Malibu Boats,WAKESETTER LSV,https://shorelinebrands.com/products/wake-tower-mounted-universal-bimini-extension?variant=45504199000249
2006,Malibu Boats,SUNSCAPE 247 LSV,https://shorelinebrands.com/products/wake-tower-mounted-universal-bimini-extension?variant=45504199000249
2006,Malibu Boats,WAKESETTER 247 LSV,https://shorelinebrands.com/products/wake-tower-mounted-universal-bimini-extension?variant=45504199000249
2007,Malibu Boats,RESPONSE,https://shorelinebrands.com/products/wake-tower-mounted-universal-bimini-extension?variant=45504199000249
2007,Malibu Boats,RESPONSE LX,https://shorelinebrands.com/products/wake-tower-mounted-universal-bimini-extension?variant=45504199000249
2007,Malibu Boats,SUNSCAPE LSV,https://shorelinebrands.com/products/wake-tower-mounted-universal-bimini-extension?variant=45504199000249
2007,Malibu Boats,WAKESETTER VTX,https://shorelinebrands.com/products/wake-tower-mounted-universal-bimini-extension?variant=45504199000249
2007,Malibu Boats,I-RIDE,https://shorelinebrands.com/products/wake-tower-mounted-universal-bimini-extension?variant=45504199000249
2007,Malibu Boats,RESPONSE LXI,https://shorelinebrands.com/products/wake-tower-mounted-universal-bimini-extension?variant=45504199000249
2007,Malibu Boats,RESPONSE LXI SE,https://shorelinebrands.com/products/wake-tower-mounted-universal-bimini-extension?variant=45504199000249
2007,Malibu Boats,RIDE XTI,https://shorelinebrands.com/products/wake-tower-mounted-universal-bimini-extension?variant=45504199000249
2007,Malibu Boats,V-RIDE,https://shorelinebrands.com/products/wake-tower-mounted-universal-bimini-extension?variant=45504199000249
2007,Malibu Boats,WAKESETTER VLX,https://shorelinebrands.com/products/wake-tower-mounted-universal-bimini-extension?variant=45504199000249
2007,Malibu Boats,WAKESETTER VLX SE,https://shorelinebrands.com/products/wake-tower-mounted-universal-bimini-extension?variant=45504199000249
2007,Malibu Boats,WAKESETTER XTI,https://shorelinebrands.com/products/wake-tower-mounted-universal-bimini-extension?variant=45504199000249
2007,Malibu Boats,WAKESETTER LSV,https://shorelinebrands.com/products/wake-tower-mounted-universal-bimini-extension?variant=45504199000249
2007,Malibu Boats,SUNSCAPE 247 LSV,https://shorelinebrands.com/products/wake-tower-mounted-universal-bimini-extension?variant=45504199000249
2007,Malibu Boats,WAKESETTER 247 LSV,https://shorelinebrands.com/products/wake-tower-mounted-universal-bimini-extension?variant=45504199000249
2007,Malibu Boats,WAKESETTER 247 RX,https://shorelinebrands.com/products/wake-tower-mounted-universal-bimini-extension?variant=45504199000249
2008,Malibu Boats,RESPONSE,https://shorelinebrands.com/products/wake-tower-mounted-universal-bimini-extension?variant=45504199000249
2008,Malibu Boats,RESPONSE LX,https://shorelinebrands.com/products/wake-tower-mounted-universal-bimini-extension?variant=45504199000249
2008,Malibu Boats,SUNSCAPE LSV,https://shorelinebrands.com/products/wake-tower-mounted-universal-bimini-extension?variant=45504199000249
2008,Malibu Boats,WAKESETTER VTX,https://shorelinebrands.com/products/wake-tower-mounted-universal-bimini-extension?variant=45504199000249
2008,Malibu Boats,I-RIDE,https://shorelinebrands.com/products/wake-tower-mounted-universal-bimini-extension?variant=45504199000249
2008,Malibu Boats,RESPONSE LXI,https://shorelinebrands.com/products/wake-tower-mounted-universal-bimini-extension?variant=45504199000249
2008,Malibu Boats,V-RIDE,https://shorelinebrands.com/products/wake-tower-mounted-universal-bimini-extension?variant=45504199000249
2008,Malibu Boats,WAKESETTER VLX,https://shorelinebrands.com/products/wake-tower-mounted-universal-bimini-extension?variant=45504199000249
2008,Malibu Boats,WAKESETTER XTI,https://shorelinebrands.com/products/wake-tower-mounted-universal-bimini-extension?variant=45504199000249
2008,Malibu Boats,WAKESETTER LSV,https://shorelinebrands.com/products/wake-tower-mounted-universal-bimini-extension?variant=45504199000249
2008,Malibu Boats,SUNSCAPE 247 LSV,https://shorelinebrands.com/products/wake-tower-mounted-universal-bimini-extension?variant=45504199000249
2008,Malibu Boats,WAKESETTER 247 LSV,https://shorelinebrands.com/products/wake-tower-mounted-universal-bimini-extension?variant=45504199000249
2008,Malibu Boats,WAKESETTER 247 RX,https://shorelinebrands.com/products/wake-tower-mounted-universal-bimini-extension?variant=45504199000249
2009,Malibu Boats,RESPONSE,https://shorelinebrands.com/products/wake-tower-mounted-universal-bimini-extension?variant=45504199000249
2009,Malibu Boats,RESPONSE FXI,https://shorelinebrands.com/products/wake-tower-mounted-universal-bimini-extension?variant=45504199000249
2009,Malibu Boats,RESPONSE LX,https://shorelinebrands.com/products/wake-tower-mounted-universal-bimini-extension?variant=45504199000249
2009,Malibu Boats,SUNSCAPE LSV,https://shorelinebrands.com/products/wake-tower-mounted-universal-bimini-extension?variant=45504199000249
2009,Malibu Boats,WAKESETTER VTX,https://shorelinebrands.com/products/wake-tower-mounted-universal-bimini-extension?variant=45504199000249
2009,Malibu Boats,RESPONSE LXI,https://shorelinebrands.com/products/wake-tower-mounted-universal-bimini-extension?variant=45504199000249
2009,Malibu Boats,V-RIDE,https://shorelinebrands.com/products/wake-tower-mounted-universal-bimini-extension?variant=45504199000249
2009,Malibu Boats,WAKESETTER VLX,https://shorelinebrands.com/products/wake-tower-mounted-universal-bimini-extension?variant=45504199000249
2009,Malibu Boats,WAKESETTER LSV,https://shorelinebrands.com/products/wake-tower-mounted-universal-bimini-extension?variant=45504199000249
2009,Malibu Boats,WAKESETTER XTI,https://shorelinebrands.com/products/wake-tower-mounted-universal-bimini-extension?variant=45504199000249
2009,Malibu Boats,SUNSCAPE 247 LSV,https://shorelinebrands.com/products/wake-tower-mounted-universal-bimini-extension?variant=45504199000249
2009,Malibu Boats,WAKESETTER 247 LSV,https://shorelinebrands.com/products/wake-tower-mounted-universal-bimini-extension?variant=45504199000249
2009,Malibu Boats,WAKESETTER 247 RX,https://shorelinebrands.com/products/wake-tower-mounted-universal-bimini-extension?variant=45504199000249
2010,Malibu Boats,RESPONSE,https://shorelinebrands.com/products/wake-tower-mounted-universal-bimini-extension?variant=45504199000249
2010,Malibu Boats,RESPONSE FXI,https://shorelinebrands.com/products/wake-tower-mounted-universal-bimini-extension?variant=45504199000249
2010,Malibu Boats,RESPONSE LX,https://shorelinebrands.com/products/wake-tower-mounted-universal-bimini-extension?variant=45504199000249
2010,Malibu Boats,SUNSCAPE LSV,https://shorelinebrands.com/products/wake-tower-mounted-universal-bimini-extension?variant=45504199000249
2010,Malibu Boats,WAKESETTER VTX,https://shorelinebrands.com/products/wake-tower-mounted-universal-bimini-extension?variant=45504199000249
2010,Malibu Boats,RESPONSE LXI,https://shorelinebrands.com/products/wake-tower-mounted-universal-bimini-extension?variant=45504199000249
2010,Malibu Boats,V-RIDE,https://shorelinebrands.com/products/wake-tower-mounted-universal-bimini-extension?variant=45504199000249
2010,Malibu Boats,WAKESETTER VLX,https://shorelinebrands.com/products/wake-tower-mounted-universal-bimini-extension?variant=45504199000249
2010,Malibu Boats,WAKESETTER LSV,https://shorelinebrands.com/products/wake-tower-mounted-universal-bimini-extension?variant=45504199000249
2010,Malibu Boats,SUNSCAPE 247 LSV,https://shorelinebrands.com/products/wake-tower-mounted-universal-bimini-extension?variant=45504199000249
2010,Malibu Boats,WAKESETTER 247 LSV,https://shorelinebrands.com/products/wake-tower-mounted-universal-bimini-extension?variant=45504199000249
2011,Malibu Boats,RESPONSE,https://shorelinebrands.com/products/wake-tower-mounted-universal-bimini-extension?variant=45504199000249
2011,Malibu Boats,RESPONSE FXI,https://shorelinebrands.com/products/wake-tower-mounted-universal-bimini-extension?variant=45504199000249
2011,Malibu Boats,RESPONSE LX,https://shorelinebrands.com/products/wake-tower-mounted-universal-bimini-extension?variant=45504199000249
2011,Malibu Boats,SUNSCAPE LSV,https://shorelinebrands.com/products/wake-tower-mounted-universal-bimini-extension?variant=45504199000249
2011,Malibu Boats,WAKESETTER VTX,https://shorelinebrands.com/products/wake-tower-mounted-universal-bimini-extension?variant=45504199000249
2011,Malibu Boats,RESPONSE LXI,https://shorelinebrands.com/products/wake-tower-mounted-universal-bimini-extension?variant=45504199000249
2011,Malibu Boats,V-RIDE,https://shorelinebrands.com/products/wake-tower-mounted-universal-bimini-extension?variant=45504199000249
2011,Malibu Boats,WAKESETTER VLX,https://shorelinebrands.com/products/wake-tower-mounted-universal-bimini-extension?variant=45504199000249
2011,Malibu Boats,WAKESETTER LSV,https://shorelinebrands.com/products/wake-tower-mounted-universal-bimini-extension?variant=45504199000249
2011,Malibu Boats,SUNSCAPE 247 LSV,https://shorelinebrands.com/products/wake-tower-mounted-universal-bimini-extension?variant=45504199000249
2011,Malibu Boats,WAKESETTER 247 LSV,https://shorelinebrands.com/products/wake-tower-mounted-universal-bimini-extension?variant=45504199000249
2012,Malibu Boats,RESPONSE,https://shorelinebrands.com/products/wake-tower-mounted-universal-bimini-extension?variant=45504199000249
2012,Malibu Boats,RESPONSE LX,https://shorelinebrands.com/products/wake-tower-mounted-universal-bimini-extension?variant=45504199000249
2012,Malibu Boats,SUNSCAPE LSV,https://shorelinebrands.com/products/wake-tower-mounted-universal-bimini-extension?variant=45504199000249
2012,Malibu Boats,WAKESETTER VTX,https://shorelinebrands.com/products/wake-tower-mounted-universal-bimini-extension?variant=45504199000249
2012,Malibu Boats,RESPONSE TXI,https://shorelinebrands.com/products/wake-tower-mounted-universal-bimini-extension?variant=45504199000249
2012,Malibu Boats,V-RIDE,https://shorelinebrands.com/products/wake-tower-mounted-universal-bimini-extension?variant=45504199000249
2012,Malibu Boats,WAKESETTER 22 MXZ,https://shorelinebrands.com/products/wake-tower-mounted-universal-bimini-extension?variant=45504199000249
2012,Malibu Boats,WAKESETTER VLX,https://shorelinebrands.com/products/wake-tower-mounted-universal-bimini-extension?variant=45504199000249
2012,Malibu Boats,WAKESETTER LSV,https://shorelinebrands.com/products/wake-tower-mounted-universal-bimini-extension?variant=45504199000249
2012,Malibu Boats,SUNSCAPE 247 LSV,https://shorelinebrands.com/products/wake-tower-mounted-universal-bimini-extension?variant=45504199000249
2012,Malibu Boats,WAKESETTER 247 LSV,https://shorelinebrands.com/products/wake-tower-mounted-universal-bimini-extension?variant=45504199000249
2013,Malibu Boats,RESPONSE,https://shorelinebrands.com/products/wake-tower-mounted-universal-bimini-extension?variant=45504199000249
2013,Malibu Boats,RESPONSE LX,https://shorelinebrands.com/products/wake-tower-mounted-universal-bimini-extension?variant=45504199000249
2013,Malibu Boats,WAKESETTER 20 MXZ,https://shorelinebrands.com/products/wake-tower-mounted-universal-bimini-extension?variant=45504199000249
2013,Malibu Boats,WAKESETTER 20 VTX,https://shorelinebrands.com/products/wake-tower-mounted-universal-bimini-extension?variant=45504199000249
2013,Malibu Boats,RESPONSE TXI,https://shorelinebrands.com/products/wake-tower-mounted-universal-bimini-extension?variant=45504199000249
2013,Malibu Boats,21 RIDE,https://shorelinebrands.com/products/wake-tower-mounted-universal-bimini-extension?variant=45504199000249
2013,Malibu Boats,WAKESETTER 21 VLX,https://shorelinebrands.com/products/wake-tower-mounted-universal-bimini-extension?variant=45504199000249
2013,Malibu Boats,WAKESETTER 22 MXZ,https://shorelinebrands.com/products/wake-tower-mounted-universal-bimini-extension?variant=45504199000249
2013,Malibu Boats,23 RIDE,https://shorelinebrands.com/products/wake-tower-mounted-universal-bimini-extension?variant=45504199000249
2013,Malibu Boats,WAKESETTER 23 LSV,https://shorelinebrands.com/products/wake-tower-mounted-universal-bimini-extension?variant=45504199000249
2013,Malibu Boats,WAKESETTER 24 MXZ,https://shorelinebrands.com/products/wake-tower-mounted-universal-bimini-extension?variant=45504199000249
2013,Malibu Boats,WAKESETTER 247 LSV,https://shorelinebrands.com/products/wake-tower-mounted-universal-bimini-extension?variant=45504199000249
2014,Malibu Boats,RESPONSE,https://shorelinebrands.com/products/wake-tower-mounted-universal-bimini-extension?variant=45504199000249
2014,Malibu Boats,RESPONSE LX,https://shorelinebrands.com/products/wake-tower-mounted-universal-bimini-extension?variant=45504199000249
2014,Malibu Boats,WAKESETTER 20 MXZ,https://shorelinebrands.com/products/wake-tower-mounted-universal-bimini-extension?variant=45504199000249
2014,Malibu Boats,WAKESETTER 20 VTX,https://shorelinebrands.com/products/wake-tower-mounted-universal-bimini-extension?variant=45504199000249
2014,Malibu Boats,RESPONSE TXI,https://shorelinebrands.com/products/wake-tower-mounted-universal-bimini-extension?variant=45504199000249
2014,Malibu Boats,21 RIDE,https://shorelinebrands.com/products/wake-tower-mounted-universal-bimini-extension?variant=45504199000249
2014,Malibu Boats,WAKESETTER 21 VLX,https://shorelinebrands.com/products/wake-tower-mounted-universal-bimini-extension?variant=45504199000249
2014,Malibu Boats,WAKESETTER 22 MXZ,https://shorelinebrands.com/products/wake-tower-mounted-universal-bimini-extension?variant=45504199000249
2014,Malibu Boats,23 RIDE,https://shorelinebrands.com/products/wake-tower-mounted-universal-bimini-extension?variant=45504199000249
2014,Malibu Boats,WAKESETTER 23 LSV,https://shorelinebrands.com/products/wake-tower-mounted-universal-bimini-extension?variant=45504199000249
2014,Malibu Boats,WAKESETTER 24 MXZ,https://shorelinebrands.com/products/wake-tower-mounted-universal-bimini-extension?variant=45504199000249
2014,Malibu Boats,WAKESETTER 247 LSV,https://shorelinebrands.com/products/wake-tower-mounted-universal-bimini-extension?variant=45504199000249
2015,Malibu Boats,RESPONSE,https://shorelinebrands.com/products/wake-tower-mounted-universal-bimini-extension?variant=45504199000249
2015,Malibu Boats,RESPONSE LX,https://shorelinebrands.com/products/wake-tower-mounted-universal-bimini-extension?variant=45504199000249
2015,Malibu Boats,RESPONSE LXR,https://shorelinebrands.com/products/wake-tower-mounted-universal-bimini-extension?variant=45504199000249
2015,Malibu Boats,WAKESETTER 20 MXZ,https://shorelinebrands.com/products/wake-tower-mounted-universal-bimini-extension?variant=45504199000249
2015,Malibu Boats,WAKESETTER 20 VTX,https://shorelinebrands.com/products/wake-tower-mounted-universal-bimini-extension?variant=45504199000249
2015,Malibu Boats,RESPONSE TXI,https://shorelinebrands.com/products/wake-tower-mounted-universal-bimini-extension?variant=45504199000249
2015,Malibu Boats,WAKESETTER 22 MXZ,https://shorelinebrands.com/products/2015-2025-malibu-boats-bimini-mounted-shade-extension?variant=45345971372217
2015,Malibu Boats,WAKESETTER 22 VLX,https://shorelinebrands.com/products/2015-2025-malibu-boats-bimini-mounted-shade-extension?variant=45345971372217
2015,Malibu Boats,WAKESETTER 23 LSV,https://shorelinebrands.com/products/2015-2025-malibu-boats-bimini-mounted-shade-extension?variant=45345971372217
2015,Malibu Boats,WAKESETTER 24 MXZ,https://shorelinebrands.com/products/2015-2025-malibu-boats-bimini-mounted-shade-extension?variant=45345971372217
2015,Malibu Boats,WAKESETTER 247 LSV,https://shorelinebrands.com/products/wake-tower-mounted-universal-bimini-extension?variant=45504199000249
2016,Malibu Boats,RESPONSE LXR,https://shorelinebrands.com/products/wake-tower-mounted-universal-bimini-extension?variant=45504199000249
2016,Malibu Boats,RESPONSE,https://shorelinebrands.com/products/wake-tower-mounted-universal-bimini-extension?variant=45504199000249
2016,Malibu Boats,WAKESETTER 20 MXZ,https://shorelinebrands.com/products/2015-2025-malibu-boats-bimini-mounted-shade-extension?variant=45345971372217
2016,Malibu Boats,WAKESETTER 20 VTX,https://shorelinebrands.com/products/wake-tower-mounted-universal-bimini-extension?variant=45504199000249
2016,Malibu Boats,RESPONSE TXI,https://shorelinebrands.com/products/wake-tower-mounted-universal-bimini-extension?variant=45504199000249
2016,Malibu Boats,WAKESETTER 22 MXZ,https://shorelinebrands.com/products/2015-2025-malibu-boats-bimini-mounted-shade-extension?variant=45345971372217
2016,Malibu Boats,WAKESETTER 22 VLX,https://shorelinebrands.com/products/2015-2025-malibu-boats-bimini-mounted-shade-extension?variant=45345971372217
2016,Malibu Boats,M235,https://shorelinebrands.com/products/wake-tower-mounted-universal-bimini-extension?variant=45504199000249
2016,Malibu Boats,WAKESETTER 23 LSV,https://shorelinebrands.com/products/2015-2025-malibu-boats-bimini-mounted-shade-extension?variant=45345971372217
2016,Malibu Boats,WAKESETTER 24 MXZ,https://shorelinebrands.com/products/2015-2025-malibu-boats-bimini-mounted-shade-extension?variant=45345971372217
2016,Malibu Boats,WAKESETTER 25 LSV,https://shorelinebrands.com/products/2015-2025-malibu-boats-bimini-mounted-shade-extension?variant=45345971372217
2017,Malibu Boats,WAKESETTER 20 VTX,https://shorelinebrands.com/products/wake-tower-mounted-universal-bimini-extension?variant=45504199000249
2017,Malibu Boats,WKSTTR 20VTX SLWTR PK,https://shorelinebrands.com/products/wake-tower-mounted-universal-bimini-extension?variant=45504199000249
2017,Malibu Boats,RESPONSE TXI CB,https://shorelinebrands.com/products/wake-tower-mounted-universal-bimini-extension?variant=45504199000249
2017,Malibu Boats,RESPONSE TXI MO,https://shorelinebrands.com/products/wake-tower-mounted-universal-bimini-extension?variant=45504199000249
2017,Malibu Boats,RESPONSE TXI MOCB,https://shorelinebrands.com/products/wake-tower-mounted-universal-bimini-extension?variant=45504199000249
2017,Malibu Boats,RESPONSE TXI SLWTR PK,https://shorelinebrands.com/products/wake-tower-mounted-universal-bimini-extension?variant=45504199000249
2017,Malibu Boats,RESPONSE TXI,https://shorelinebrands.com/products/wake-tower-mounted-universal-bimini-extension?variant=45504199000249
2017,Malibu Boats,WAKESETTER 21 VLX,https://shorelinebrands.com/products/2015-2025-malibu-boats-bimini-mounted-shade-extension?variant=45345971372217
2017,Malibu Boats,WAKESETTER 22 MXZ,https://shorelinebrands.com/products/2015-2025-malibu-boats-bimini-mounted-shade-extension?variant=45345971372217
2017,Malibu Boats,WAKESETTER 22 VLX,https://shorelinebrands.com/products/2015-2025-malibu-boats-bimini-mounted-shade-extension?variant=45345971372217
2017,Malibu Boats,M235,https://shorelinebrands.com/products/2015-2025-malibu-boats-bimini-mounted-shade-extension?variant=45345971372217
2017,Malibu Boats,WAKESETTER 23 LSV,https://shorelinebrands.com/products/2015-2025-malibu-boats-bimini-mounted-shade-extension?variant=45345971372217
2017,Malibu Boats,WAKESETTER 24 MXZ,https://shorelinebrands.com/products/2015-2025-malibu-boats-bimini-mounted-shade-extension?variant=45345971372217
2017,Malibu Boats,WAKESETTER 25 LSV,https://shorelinebrands.com/products/2015-2025-malibu-boats-bimini-mounted-shade-extension?variant=45345971372217
2018,Malibu Boats,WAKESETTER 20 VTX,https://shorelinebrands.com/products/2015-2025-malibu-boats-bimini-mounted-shade-extension?variant=45345971372217
2018,Malibu Boats,RESPONSE TXI,https://shorelinebrands.com/products/wake-tower-mounted-universal-bimini-extension?variant=45504199000249
2018,Malibu Boats,WAKESETTER 21 MLX,https://shorelinebrands.com/products/2015-2025-malibu-boats-bimini-mounted-shade-extension?variant=45345971372217
2018,Malibu Boats,WAKESETTER 21 VLX,https://shorelinebrands.com/products/2015-2025-malibu-boats-bimini-mounted-shade-extension?variant=45345971372217
2018,Malibu Boats,WAKESETTER 22 MXZ,https://shorelinebrands.com/products/2015-2025-malibu-boats-bimini-mounted-shade-extension?variant=45345971372217
2018,Malibu Boats,WAKESETTER 22 VLX,https://shorelinebrands.com/products/2015-2025-malibu-boats-bimini-mounted-shade-extension?variant=45345971372217
2018,Malibu Boats,M235,https://shorelinebrands.com/products/2015-2025-malibu-boats-bimini-mounted-shade-extension?variant=45345971372217
2018,Malibu Boats,WAKESETTER 23 LSV,https://shorelinebrands.com/products/2015-2025-malibu-boats-bimini-mounted-shade-extension?variant=45345971372217
2018,Malibu Boats,WAKESETTER 24 MXZ,https://shorelinebrands.com/products/2015-2025-malibu-boats-bimini-mounted-shade-extension?variant=45345971372217
2018,Malibu Boats,WAKESETTER 25 LSV,https://shorelinebrands.com/products/2015-2025-malibu-boats-bimini-mounted-shade-extension?variant=45345971372217
2019,Malibu Boats,WAKESETTER 20 VTX,https://shorelinebrands.com/products/2015-2025-malibu-boats-bimini-mounted-shade-extension?variant=45345971372217
2019,Malibu Boats,RESPONSE TXI CB,https://shorelinebrands.com/products/2015-2025-malibu-boats-bimini-mounted-shade-extension?variant=45345971372217
2019,Malibu Boats,RESPONSE TXI MO,https://shorelinebrands.com/products/2015-2025-malibu-boats-bimini-mounted-shade-extension?variant=45345971372217
2019,Malibu Boats,RESPONSE TXI,https://shorelinebrands.com/products/wake-tower-mounted-universal-bimini-extension?variant=45504199000249
2019,Malibu Boats,WAKESETTER 21 MLX,https://shorelinebrands.com/products/2015-2025-malibu-boats-bimini-mounted-shade-extension?variant=45345971372217
2019,Malibu Boats,WAKESETTER 21 VLX,https://shorelinebrands.com/products/2015-2025-malibu-boats-bimini-mounted-shade-extension?variant=45345971372217
2019,Malibu Boats,WAKESETTER 22 LSV,https://shorelinebrands.com/products/2015-2025-malibu-boats-bimini-mounted-shade-extension?variant=45345971372217
2019,Malibu Boats,WAKESETTER 22 MXZ,https://shorelinebrands.com/products/2015-2025-malibu-boats-bimini-mounted-shade-extension?variant=45345971372217
2019,Malibu Boats,M235,https://shorelinebrands.com/products/2015-2025-malibu-boats-bimini-mounted-shade-extension?variant=45345971372217
2019,Malibu Boats,WAKESETTER 23 LSV,https://shorelinebrands.com/products/2015-2025-malibu-boats-bimini-mounted-shade-extension?variant=45345971372217
2019,Malibu Boats,WAKESETTER 24 MXZ,https://shorelinebrands.com/products/2015-2025-malibu-boats-bimini-mounted-shade-extension?variant=45345971372217
2019,Malibu Boats,WAKESETTER 25 LSV,https://shorelinebrands.com/products/2015-2025-malibu-boats-bimini-mounted-shade-extension?variant=45345971372217
2020,Malibu Boats,WAKESETTER 20 VTX,https://shorelinebrands.com/products/2015-2025-malibu-boats-bimini-mounted-shade-extension?variant=45345971372217
2020,Malibu Boats,RESPONSE TXI,
2020,Malibu Boats,WAKESETTER 21 MLX,https://shorelinebrands.com/products/2015-2025-malibu-boats-bimini-mounted-shade-extension?variant=45345971372217
2020,Malibu Boats,WAKESETTER 21 VLX,https://shorelinebrands.com/products/2015-2025-malibu-boats-bimini-mounted-shade-extension?variant=45345971372217
2020,Malibu Boats,WAKESETTER 22 LSV,https://shorelinebrands.com/products/2015-2025-malibu-boats-bimini-mounted-shade-extension?variant=45345971372217
2020,Malibu Boats,WAKESETTER 22 MXZ,https://shorelinebrands.com/products/2015-2025-malibu-boats-bimini-mounted-shade-extension?variant=45345971372217
2020,Malibu Boats,M240,https://shorelinebrands.com/products/2015-2025-malibu-boats-bimini-mounted-shade-extension?variant=45345971372217
2020,Malibu Boats,WAKESETTER 23 LSV,https://shorelinebrands.com/products/2015-2025-malibu-boats-bimini-mounted-shade-extension?variant=45345971372217
2020,Malibu Boats,WAKESETTER 23 MXZ,https://shorelinebrands.com/products/2015-2025-malibu-boats-bimini-mounted-shade-extension?variant=45345971372217
2020,Malibu Boats,WAKESETTER 24 MXZ,https://shorelinebrands.com/products/2015-2025-malibu-boats-bimini-mounted-shade-extension?variant=45345971372217
2020,Malibu Boats,WAKESETTER 25 LSV,https://shorelinebrands.com/products/2015-2025-malibu-boats-bimini-mounted-shade-extension?variant=45345971372217
2021,Malibu Boats,WAKESETTER 20 VTX,https://shorelinebrands.com/products/2015-2025-malibu-boats-bimini-mounted-shade-extension?variant=45345971372217
2021,Malibu Boats,RESPONSE TXI,
2021,Malibu Boats,WAKESETTER 21 MLX,https://shorelinebrands.com/products/2015-2025-malibu-boats-bimini-mounted-shade-extension?variant=45345971372217
2021,Malibu Boats,WAKESETTER 21 VLX,https://shorelinebrands.com/products/2015-2025-malibu-boats-bimini-mounted-shade-extension?variant=45345971372217
2021,Malibu Boats,M220,https://shorelinebrands.com/products/2015-2025-malibu-boats-bimini-mounted-shade-extension?variant=45345971372217
2021,Malibu Boats,WAKESETTER 22 LSV,https://shorelinebrands.com/products/2015-2025-malibu-boats-bimini-mounted-shade-extension?variant=45345971372217
2021,Malibu Boats,M240,https://shorelinebrands.com/products/2015-2025-malibu-boats-bimini-mounted-shade-extension?variant=45345971372217
2021,Malibu Boats,WAKESETTER 23 LSV,https://shorelinebrands.com/products/2015-2025-malibu-boats-bimini-mounted-shade-extension?variant=45345971372217
2021,Malibu Boats,WAKESETTER 23 MXZ,https://shorelinebrands.com/products/2015-2025-malibu-boats-bimini-mounted-shade-extension?variant=45345971372217
2021,Malibu Boats,WAKESETTER 24 MXZ,https://shorelinebrands.com/products/2015-2025-malibu-boats-bimini-mounted-shade-extension?variant=45345971372217
2021,Malibu Boats,WAKESETTER 25 LSV,https://shorelinebrands.com/products/2015-2025-malibu-boats-bimini-mounted-shade-extension?variant=45345971372217
2022,Malibu Boats,WAKESETTER 20 VTX,https://shorelinebrands.com/products/2015-2025-malibu-boats-bimini-mounted-shade-extension?variant=45345971372217
2022,Malibu Boats,RESPONSE TXI,
2022,Malibu Boats,WAKESETTER 21 LX,https://shorelinebrands.com/products/2015-2025-malibu-boats-bimini-mounted-shade-extension?variant=45345971372217
2022,Malibu Boats,M220,https://shorelinebrands.com/products/2015-2025-malibu-boats-bimini-mounted-shade-extension?variant=45345971372217
2022,Malibu Boats,WAKESETTER 22 LSV,https://shorelinebrands.com/products/2015-2025-malibu-boats-bimini-mounted-shade-extension?variant=45345971372217
2022,Malibu Boats,M240,https://shorelinebrands.com/products/2015-2025-malibu-boats-bimini-mounted-shade-extension?variant=45345971372217
2022,Malibu Boats,WAKESETTER 23 LSV,https://shorelinebrands.com/products/2015-2025-malibu-boats-bimini-mounted-shade-extension?variant=45345971372217
2022,Malibu Boats,WAKESETTER 23 MXZ,https://shorelinebrands.com/products/2015-2025-malibu-boats-bimini-mounted-shade-extension?variant=45345971372217
2022,Malibu Boats,WAKESETTER 24 MXZ,https://shorelinebrands.com/products/2015-2025-malibu-boats-bimini-mounted-shade-extension?variant=45345971372217
2022,Malibu Boats,WAKESETTER 25 LSV,https://shorelinebrands.com/products/2015-2025-malibu-boats-bimini-mounted-shade-extension?variant=45345971372217
2023,Malibu Boats,WAKESETTER 20 VTX,https://shorelinebrands.com/products/2015-2025-malibu-boats-bimini-mounted-shade-extension?variant=45345971372217
2023,Malibu Boats,WAKESETTER 21 LX,https://shorelinebrands.com/products/2015-2025-malibu-boats-bimini-mounted-shade-extension?variant=45345971372217
2023,Malibu Boats,M220,https://shorelinebrands.com/products/2015-2025-malibu-boats-bimini-mounted-shade-extension?variant=45345971372217
2023,Malibu Boats,WAKESETTER 22 LSV,https://shorelinebrands.com/products/2015-2025-malibu-boats-bimini-mounted-shade-extension?variant=45345971372217
2023,Malibu Boats,M240,https://shorelinebrands.com/products/2015-2025-malibu-boats-bimini-mounted-shade-extension?variant=45345971372217
2023,Malibu Boats,WAKESETTER 23 LSV,https://shorelinebrands.com/products/2015-2025-malibu-boats-bimini-mounted-shade-extension?variant=45345971372217
2023,Malibu Boats,WAKESETTER 23 MXZ,https://shorelinebrands.com/products/2015-2025-malibu-boats-bimini-mounted-shade-extension?variant=45345971372217
2023,Malibu Boats,WAKESETTER 24 MXZ,https://shorelinebrands.com/products/2015-2025-malibu-boats-bimini-mounted-shade-extension?variant=45345971372217
2023,Malibu Boats,WAKESETTER 25 LSV,https://shorelinebrands.com/products/2015-2025-malibu-boats-bimini-mounted-shade-extension?variant=45345971372217
2023,Malibu Boats,WAKESETTER 26 LSV,https://shorelinebrands.com/products/2015-2025-malibu-boats-bimini-mounted-shade-extension?variant=45345971372217
2024,Malibu Boats,WAKESETTER 20 VTX,https://shorelinebrands.com/products/2015-2025-malibu-boats-bimini-mounted-shade-extension?variant=45345971372217
2024,Malibu Boats,WAKESETTER 21 LX,https://shorelinebrands.com/products/2015-2025-malibu-boats-bimini-mounted-shade-extension?variant=45345971372217
2024,Malibu Boats,M220,https://shorelinebrands.com/products/2015-2025-malibu-boats-bimini-mounted-shade-extension?variant=45345971372217
2024,Malibu Boats,WAKESETTER 22 LSV,https://shorelinebrands.com/products/2015-2025-malibu-boats-bimini-mounted-shade-extension?variant=45345971372217
2024,Malibu Boats,M240,https://shorelinebrands.com/products/2015-2025-malibu-boats-bimini-mounted-shade-extension?variant=45345971372217
2024,Malibu Boats,M244,https://shorelinebrands.com/products/2015-2025-malibu-boats-bimini-mounted-shade-extension?variant=45345971372217
2024,Malibu Boats,WAKESETTER 23 LSV,https://shorelinebrands.com/products/2015-2025-malibu-boats-bimini-mounted-shade-extension?variant=45345971372217
2024,Malibu Boats,WAKESETTER 22 MXZ,https://shorelinebrands.com/products/2015-2025-malibu-boats-bimini-mounted-shade-extension?variant=45345971372217
2024,Malibu Boats,WAKESETTER 23 MXZ,https://shorelinebrands.com/products/2015-2025-malibu-boats-bimini-mounted-shade-extension?variant=45345971372217
2024,Malibu Boats,WAKESETTER 24 MXZ,https://shorelinebrands.com/products/2015-2025-malibu-boats-bimini-mounted-shade-extension?variant=45345971372217
2024,Malibu Boats,WAKESETTER 25 LSV,https://shorelinebrands.com/products/2015-2025-malibu-boats-bimini-mounted-shade-extension?variant=45345971372217
2024,Malibu Boats,WAKESETTER 26 LSV,https://shorelinebrands.com/products/2015-2025-malibu-boats-bimini-mounted-shade-extension?variant=45345971372217
2025,Malibu Boats,WAKESETTER 20 VTX,https://shorelinebrands.com/products/2015-2025-malibu-boats-bimini-mounted-shade-extension?variant=45345971372217
2025,Malibu Boats,WAKESETTER 21 LX,https://shorelinebrands.com/products/2015-2025-malibu-boats-bimini-mounted-shade-extension?variant=45345971372217
2025,Malibu Boats,M220,https://shorelinebrands.com/products/2015-2025-malibu-boats-bimini-mounted-shade-extension?variant=45345971372217
2025,Malibu Boats,WAKESETTER 22 LSV,https://shorelinebrands.com/products/2015-2025-malibu-boats-bimini-mounted-shade-extension?variant=45345971372217
2025,Malibu Boats,M240,https://shorelinebrands.com/products/2015-2025-malibu-boats-bimini-mounted-shade-extension?variant=45345971372217
2025,Malibu Boats,M244,https://shorelinebrands.com/products/2015-2025-malibu-boats-bimini-mounted-shade-extension?variant=45345971372217
2025,Malibu Boats,WAKESETTER 23 LSV,https://shorelinebrands.com/products/2015-2025-malibu-boats-bimini-mounted-shade-extension?variant=45345971372217
2025,Malibu Boats,WAKESETTER 22 MXZ,https://shorelinebrands.com/products/2015-2025-malibu-boats-bimini-mounted-shade-extension?variant=45345971372217
2025,Malibu Boats,WAKESETTER 23 MXZ,https://shorelinebrands.com/products/2015-2025-malibu-boats-bimini-mounted-shade-extension?variant=45345971372217
2025,Malibu Boats,WAKESETTER 24 MXZ,https://shorelinebrands.com/products/2015-2025-malibu-boats-bimini-mounted-shade-extension?variant=45345971372217
2025,Malibu Boats,WAKESETTER 25 LSV,https://shorelinebrands.com/products/2015-2025-malibu-boats-bimini-mounted-shade-extension?variant=45345971372217
2025,Malibu Boats,WAKESETTER 26 LSV,https://shorelinebrands.com/products/2015-2025-malibu-boats-bimini-mounted-shade-extension?variant=45345971372217
2026,Malibu Boats,WAKESETTER 20 VTX,https://shorelinebrands.com/products/2015-2025-malibu-boats-bimini-mounted-shade-extension?variant=45345971372217
2026,Malibu Boats,WAKESETTER 21 LX,https://shorelinebrands.com/products/2015-2025-malibu-boats-bimini-mounted-shade-extension?variant=45345971372217
2026,Malibu Boats,M220,https://shorelinebrands.com/products/2015-2025-malibu-boats-bimini-mounted-shade-extension?variant=45345971372217
2026,Malibu Boats,WAKESETTER 22 LSV,https://shorelinebrands.com/products/2015-2025-malibu-boats-bimini-mounted-shade-extension?variant=45345971372217
2026,Malibu Boats,M240,https://shorelinebrands.com/products/2015-2025-malibu-boats-bimini-mounted-shade-extension?variant=45345971372217
2026,Malibu Boats,M244,https://shorelinebrands.com/products/2015-2025-malibu-boats-bimini-mounted-shade-extension?variant=45345971372217
2026,Malibu Boats,WAKESETTER 23 LSV,https://shorelinebrands.com/products/2015-2025-malibu-boats-bimini-mounted-shade-extension?variant=45345971372217
2026,Malibu Boats,WAKESETTER 22 MXZ,https://shorelinebrands.com/products/2015-2025-malibu-boats-bimini-mounted-shade-extension?variant=45345971372217
2026,Malibu Boats,WAKESETTER 23 MXZ,https://shorelinebrands.com/products/2015-2025-malibu-boats-bimini-mounted-shade-extension?variant=45345971372217
2026,Malibu Boats,WAKESETTER 24 MXZ,https://shorelinebrands.com/products/2015-2025-malibu-boats-bimini-mounted-shade-extension?variant=45345971372217
2026,Malibu Boats,WAKESETTER 25 LSV,https://shorelinebrands.com/products/2015-2025-malibu-boats-bimini-mounted-shade-extension?variant=45345971372217
2026,Malibu Boats,WAKESETTER 26 LSV,https://shorelinebrands.com/products/2015-2025-malibu-boats-bimini-mounted-shade-extension?variant=45345971372217
2000,Mastercraft Boat Co,X5,https://shorelinebrands.com/products/wake-tower-mounted-universal-bimini-extension?variant=45504199000249
2000,Mastercraft Boat Co,X-STAR,https://shorelinebrands.com/products/wake-tower-mounted-universal-bimini-extension?variant=45504199000249
2000,Mastercraft Boat Co,210 VRS,https://shorelinebrands.com/products/wake-tower-mounted-universal-bimini-extension?variant=45504199000249
2000,Mastercraft Boat Co,220 VRS,https://shorelinebrands.com/products/wake-tower-mounted-universal-bimini-extension?variant=45504199000249
2000,Mastercraft Boat Co,230 SV,https://shorelinebrands.com/products/wake-tower-mounted-universal-bimini-extension?variant=45504199000249
2000,Mastercraft Boat Co,230 VRS,https://shorelinebrands.com/products/wake-tower-mounted-universal-bimini-extension?variant=45504199000249
2000,Mastercraft Boat Co,190,https://shorelinebrands.com/products/wake-tower-mounted-universal-bimini-extension?variant=45504199000249
2000,Mastercraft Boat Co,195,https://shorelinebrands.com/products/wake-tower-mounted-universal-bimini-extension?variant=45504199000249
2000,Mastercraft Boat Co,205,https://shorelinebrands.com/products/wake-tower-mounted-universal-bimini-extension?variant=45504199000249
2000,Mastercraft Boat Co,205V,https://shorelinebrands.com/products/wake-tower-mounted-universal-bimini-extension?variant=45504199000249
2000,Mastercraft Boat Co,19,https://shorelinebrands.com/products/wake-tower-mounted-universal-bimini-extension?variant=45504199000249
2001,Mastercraft Boat Co,210,https://shorelinebrands.com/products/wake-tower-mounted-universal-bimini-extension?variant=45504199000249
2001,Mastercraft Boat Co,220 VRS,https://shorelinebrands.com/products/wake-tower-mounted-universal-bimini-extension?variant=45504199000249
2001,Mastercraft Boat Co,230,https://shorelinebrands.com/products/wake-tower-mounted-universal-bimini-extension?variant=45504199000249
2001,Mastercraft Boat Co,230 SV,https://shorelinebrands.com/products/wake-tower-mounted-universal-bimini-extension?variant=45504199000249
2001,Mastercraft Boat Co,19 SKIER,https://shorelinebrands.com/products/wake-tower-mounted-universal-bimini-extension?variant=45504199000249
2001,Mastercraft Boat Co,190,https://shorelinebrands.com/products/wake-tower-mounted-universal-bimini-extension?variant=45504199000249
2001,Mastercraft Boat Co,195,https://shorelinebrands.com/products/wake-tower-mounted-universal-bimini-extension?variant=45504199000249
2001,Mastercraft Boat Co,205 VRS,https://shorelinebrands.com/products/wake-tower-mounted-universal-bimini-extension?variant=45504199000249
2001,Mastercraft Boat Co,209,https://shorelinebrands.com/products/wake-tower-mounted-universal-bimini-extension?variant=45504199000249
2001,Mastercraft Boat Co,X5,https://shorelinebrands.com/products/wake-tower-mounted-universal-bimini-extension?variant=45504199000249
2001,Mastercraft Boat Co,X-STAR,https://shorelinebrands.com/products/wake-tower-mounted-universal-bimini-extension?variant=45504199000249
2001,Mastercraft Boat Co,X10,https://shorelinebrands.com/products/wake-tower-mounted-universal-bimini-extension?variant=45504199000249
2001,Mastercraft Boat Co,X9,https://shorelinebrands.com/products/wake-tower-mounted-universal-bimini-extension?variant=45504199000249
2001,Mastercraft Boat Co,X30,https://shorelinebrands.com/products/wake-tower-mounted-universal-bimini-extension?variant=45504199000249
2002,Mastercraft Boat Co,210,https://shorelinebrands.com/products/wake-tower-mounted-universal-bimini-extension?variant=45504199000249
2002,Mastercraft Boat Co,220 VRS,https://shorelinebrands.com/products/wake-tower-mounted-universal-bimini-extension?variant=45504199000249
2002,Mastercraft Boat Co,230,https://shorelinebrands.com/products/wake-tower-mounted-universal-bimini-extension?variant=45504199000249
2002,Mastercraft Boat Co,230 SV,https://shorelinebrands.com/products/wake-tower-mounted-universal-bimini-extension?variant=45504199000249
2002,Mastercraft Boat Co,19 SKIER,https://shorelinebrands.com/products/wake-tower-mounted-universal-bimini-extension?variant=45504199000249
2002,Mastercraft Boat Co,190,https://shorelinebrands.com/products/wake-tower-mounted-universal-bimini-extension?variant=45504199000249
2002,Mastercraft Boat Co,197,https://shorelinebrands.com/products/wake-tower-mounted-universal-bimini-extension?variant=45504199000249
2002,Mastercraft Boat Co,205 VRS,https://shorelinebrands.com/products/wake-tower-mounted-universal-bimini-extension?variant=45504199000249
2002,Mastercraft Boat Co,209,https://shorelinebrands.com/products/wake-tower-mounted-universal-bimini-extension?variant=45504199000249
2002,Mastercraft Boat Co,X5,https://shorelinebrands.com/products/wake-tower-mounted-universal-bimini-extension?variant=45504199000249
2002,Mastercraft Boat Co,X7,https://shorelinebrands.com/products/wake-tower-mounted-universal-bimini-extension?variant=45504199000249
2002,Mastercraft Boat Co,X-STAR,https://shorelinebrands.com/products/wake-tower-mounted-universal-bimini-extension?variant=45504199000249
2002,Mastercraft Boat Co,X10,https://shorelinebrands.com/products/wake-tower-mounted-universal-bimini-extension?variant=45504199000249
2002,Mastercraft Boat Co,X9,https://shorelinebrands.com/products/wake-tower-mounted-universal-bimini-extension?variant=45504199000249
2002,Mastercraft Boat Co,X30,https://shorelinebrands.com/products/wake-tower-mounted-universal-bimini-extension?variant=45504199000249
2003,Mastercraft Boat Co,210 VRS,https://shorelinebrands.com/products/wake-tower-mounted-universal-bimini-extension?variant=45504199000249
2003,Mastercraft Boat Co,220 VRS,https://shorelinebrands.com/products/wake-tower-mounted-universal-bimini-extension?variant=45504199000249
2003,Mastercraft Boat Co,230 VRS,https://shorelinebrands.com/products/wake-tower-mounted-universal-bimini-extension?variant=45504199000249
2003,Mastercraft Boat Co,280 VLD,https://shorelinebrands.com/products/wake-tower-mounted-universal-bimini-extension?variant=45504199000249
2003,Mastercraft Boat Co,190 EVO,https://shorelinebrands.com/products/wake-tower-mounted-universal-bimini-extension?variant=45504199000249
2003,Mastercraft Boat Co,190,https://shorelinebrands.com/products/wake-tower-mounted-universal-bimini-extension?variant=45504199000249
2003,Mastercraft Boat Co,197,https://shorelinebrands.com/products/wake-tower-mounted-universal-bimini-extension?variant=45504199000249
2003,Mastercraft Boat Co,197 35TH ANNIVERSARY,https://shorelinebrands.com/products/wake-tower-mounted-universal-bimini-extension?variant=45504199000249
2003,Mastercraft Boat Co,205 VRS,https://shorelinebrands.com/products/wake-tower-mounted-universal-bimini-extension?variant=45504199000249
2003,Mastercraft Boat Co,209,https://shorelinebrands.com/products/wake-tower-mounted-universal-bimini-extension?variant=45504199000249
2003,Mastercraft Boat Co,X7,https://shorelinebrands.com/products/wake-tower-mounted-universal-bimini-extension?variant=45504199000249
2003,Mastercraft Boat Co,X10,https://shorelinebrands.com/products/wake-tower-mounted-universal-bimini-extension?variant=45504199000249
2003,Mastercraft Boat Co,X2,https://shorelinebrands.com/products/wake-tower-mounted-universal-bimini-extension?variant=45504199000249
2003,Mastercraft Boat Co,X9,https://shorelinebrands.com/products/wake-tower-mounted-universal-bimini-extension?variant=45504199000249
2003,Mastercraft Boat Co,X-STAR,https://shorelinebrands.com/products/wake-tower-mounted-universal-bimini-extension?variant=45504199000249
2003,Mastercraft Boat Co,X30,https://shorelinebrands.com/products/wake-tower-mounted-universal-bimini-extension?variant=45504199000249
2004,Mastercraft Boat Co,210 VRS,https://shorelinebrands.com/products/wake-tower-mounted-universal-bimini-extension?variant=45504199000249
2004,Mastercraft Boat Co,220 VRS,https://shorelinebrands.com/products/wake-tower-mounted-universal-bimini-extension?variant=45504199000249
2004,Mastercraft Boat Co,230 VRS,https://shorelinebrands.com/products/wake-tower-mounted-universal-bimini-extension?variant=45504199000249
2004,Mastercraft Boat Co,280 STS,https://shorelinebrands.com/products/wake-tower-mounted-universal-bimini-extension?variant=45504199000249
2004,Mastercraft Boat Co,280 VLD,https://shorelinebrands.com/products/wake-tower-mounted-universal-bimini-extension?variant=45504199000249
2004,Mastercraft Boat Co,190,https://shorelinebrands.com/products/wake-tower-mounted-universal-bimini-extension?variant=45504199000249
2004,Mastercraft Boat Co,197,https://shorelinebrands.com/products/wake-tower-mounted-universal-bimini-extension?variant=45504199000249
2004,Mastercraft Boat Co,205 VRS,https://shorelinebrands.com/products/wake-tower-mounted-universal-bimini-extension?variant=45504199000249
2004,Mastercraft Boat Co,209,https://shorelinebrands.com/products/wake-tower-mounted-universal-bimini-extension?variant=45504199000249
2004,Mastercraft Boat Co,X7,https://shorelinebrands.com/products/wake-tower-mounted-universal-bimini-extension?variant=45504199000249
2004,Mastercraft Boat Co,X10,https://shorelinebrands.com/products/wake-tower-mounted-universal-bimini-extension?variant=45504199000249
2004,Mastercraft Boat Co,X2,https://shorelinebrands.com/products/wake-tower-mounted-universal-bimini-extension?variant=45504199000249
2004,Mastercraft Boat Co,X9,https://shorelinebrands.com/products/wake-tower-mounted-universal-bimini-extension?variant=45504199000249
2004,Mastercraft Boat Co,XSTAR,https://shorelinebrands.com/products/wake-tower-mounted-universal-bimini-extension?variant=45504199000249
2004,Mastercraft Boat Co,X30,https://shorelinebrands.com/products/wake-tower-mounted-universal-bimini-extension?variant=45504199000249
2004,Mastercraft Boat Co,X80,https://shorelinebrands.com/products/wake-tower-mounted-universal-bimini-extension?variant=45504199000249
2004,Mastercraft Boat Co,X80 STS,https://shorelinebrands.com/products/wake-tower-mounted-universal-bimini-extension?variant=45504199000249
2005,Mastercraft Boat Co,210 VRS,https://shorelinebrands.com/products/wake-tower-mounted-universal-bimini-extension?variant=45504199000249
2005,Mastercraft Boat Co,220 VRS,https://shorelinebrands.com/products/wake-tower-mounted-universal-bimini-extension?variant=45504199000249
2005,Mastercraft Boat Co,230 VRS,https://shorelinebrands.com/products/wake-tower-mounted-universal-bimini-extension?variant=45504199000249
2005,Mastercraft Boat Co,245 SS,https://shorelinebrands.com/products/wake-tower-mounted-universal-bimini-extension?variant=45504199000249
2005,Mastercraft Boat Co,245 VRS,https://shorelinebrands.com/products/wake-tower-mounted-universal-bimini-extension?variant=45504199000249
2005,Mastercraft Boat Co,280 SS,https://shorelinebrands.com/products/wake-tower-mounted-universal-bimini-extension?variant=45504199000249
2005,Mastercraft Boat Co,280 SST,https://shorelinebrands.com/products/wake-tower-mounted-universal-bimini-extension?variant=45504199000249
2005,Mastercraft Boat Co,280 STS,https://shorelinebrands.com/products/wake-tower-mounted-universal-bimini-extension?variant=45504199000249
2005,Mastercraft Boat Co,280 VLD,https://shorelinebrands.com/products/wake-tower-mounted-universal-bimini-extension?variant=45504199000249
2005,Mastercraft Boat Co,190,https://shorelinebrands.com/products/wake-tower-mounted-universal-bimini-extension?variant=45504199000249
2005,Mastercraft Boat Co,197,https://shorelinebrands.com/products/wake-tower-mounted-universal-bimini-extension?variant=45504199000249
2005,Mastercraft Boat Co,205 VRS,https://shorelinebrands.com/products/wake-tower-mounted-universal-bimini-extension?variant=45504199000249
2005,Mastercraft Boat Co,209,https://shorelinebrands.com/products/wake-tower-mounted-universal-bimini-extension?variant=45504199000249
2005,Mastercraft Boat Co,X7,https://shorelinebrands.com/products/wake-tower-mounted-universal-bimini-extension?variant=45504199000249
2005,Mastercraft Boat Co,X10,https://shorelinebrands.com/products/wake-tower-mounted-universal-bimini-extension?variant=45504199000249
2005,Mastercraft Boat Co,X2,https://shorelinebrands.com/products/wake-tower-mounted-universal-bimini-extension?variant=45504199000249
2005,Mastercraft Boat Co,X9,https://shorelinebrands.com/products/wake-tower-mounted-universal-bimini-extension?variant=45504199000249
2005,Mastercraft Boat Co,XSTAR,https://shorelinebrands.com/products/wake-tower-mounted-universal-bimini-extension?variant=45504199000249
2005,Mastercraft Boat Co,X30,https://shorelinebrands.com/products/wake-tower-mounted-universal-bimini-extension?variant=45504199000249
2005,Mastercraft Boat Co,X45,https://shorelinebrands.com/products/wake-tower-mounted-universal-bimini-extension?variant=45504199000249
2005,Mastercraft Boat Co,X80,https://shorelinebrands.com/products/wake-tower-mounted-universal-bimini-extension?variant=45504199000249
2005,Mastercraft Boat Co,X80 STS,https://shorelinebrands.com/products/wake-tower-mounted-universal-bimini-extension?variant=45504199000249
2006,Mastercraft Boat Co,200 SS,https://shorelinebrands.com/products/wake-tower-mounted-universal-bimini-extension?variant=45504199000249
2006,Mastercraft Boat Co,200 VRS,https://shorelinebrands.com/products/wake-tower-mounted-universal-bimini-extension?variant=45504199000249
2006,Mastercraft Boat Co,210 VRS,https://shorelinebrands.com/products/wake-tower-mounted-universal-bimini-extension?variant=45504199000249
2006,Mastercraft Boat Co,215 VRS,https://shorelinebrands.com/products/wake-tower-mounted-universal-bimini-extension?variant=45504199000249
2006,Mastercraft Boat Co,220 VRS,https://shorelinebrands.com/products/wake-tower-mounted-universal-bimini-extension?variant=45504199000249
2006,Mastercraft Boat Co,230 SS,https://shorelinebrands.com/products/wake-tower-mounted-universal-bimini-extension?variant=45504199000249
2006,Mastercraft Boat Co,230B VRS,https://shorelinebrands.com/products/wake-tower-mounted-universal-bimini-extension?variant=45504199000249
2006,Mastercraft Boat Co,245 SS,https://shorelinebrands.com/products/wake-tower-mounted-universal-bimini-extension?variant=45504199000249
2006,Mastercraft Boat Co,245 VRS,https://shorelinebrands.com/products/wake-tower-mounted-universal-bimini-extension?variant=45504199000249
2006,Mastercraft Boat Co,280 SST,https://shorelinebrands.com/products/wake-tower-mounted-universal-bimini-extension?variant=45504199000249
2006,Mastercraft Boat Co,280 STS,https://shorelinebrands.com/products/wake-tower-mounted-universal-bimini-extension?variant=45504199000249
2006,Mastercraft Boat Co,190,https://shorelinebrands.com/products/wake-tower-mounted-universal-bimini-extension?variant=45504199000249
2006,Mastercraft Boat Co,197,https://shorelinebrands.com/products/wake-tower-mounted-universal-bimini-extension?variant=45504199000249
2006,Mastercraft Boat Co,209,https://shorelinebrands.com/products/wake-tower-mounted-universal-bimini-extension?variant=45504199000249
2006,Mastercraft Boat Co,X2,https://shorelinebrands.com/products/wake-tower-mounted-universal-bimini-extension?variant=45504199000249
2006,Mastercraft Boat Co,X7,https://shorelinebrands.com/products/wake-tower-mounted-universal-bimini-extension?variant=45504199000249
2006,Mastercraft Boat Co,X1,https://shorelinebrands.com/products/wake-tower-mounted-universal-bimini-extension?variant=45504199000249
2006,Mastercraft Boat Co,X10,https://shorelinebrands.com/products/wake-tower-mounted-universal-bimini-extension?variant=45504199000249
2006,Mastercraft Boat Co,X9,https://shorelinebrands.com/products/wake-tower-mounted-universal-bimini-extension?variant=45504199000249
2006,Mastercraft Boat Co,X15,https://shorelinebrands.com/products/wake-tower-mounted-universal-bimini-extension?variant=45504199000249
2006,Mastercraft Boat Co,XSTAR,https://shorelinebrands.com/products/wake-tower-mounted-universal-bimini-extension?variant=45504199000249
2006,Mastercraft Boat Co,XSTAR SS,https://shorelinebrands.com/products/wake-tower-mounted-universal-bimini-extension?variant=45504199000249
2006,Mastercraft Boat Co,X30,https://shorelinebrands.com/products/wake-tower-mounted-universal-bimini-extension?variant=45504199000249
2006,Mastercraft Boat Co,X45,https://shorelinebrands.com/products/wake-tower-mounted-universal-bimini-extension?variant=45504199000249
2006,Mastercraft Boat Co,X80 STS,https://shorelinebrands.com/products/wake-tower-mounted-universal-bimini-extension?variant=45504199000249
2007,Mastercraft Boat Co,200 SS,https://shorelinebrands.com/products/wake-tower-mounted-universal-bimini-extension?variant=45504199000249
2007,Mastercraft Boat Co,200 VRS,https://shorelinebrands.com/products/wake-tower-mounted-universal-bimini-extension?variant=45504199000249
2007,Mastercraft Boat Co,215 SS,https://shorelinebrands.com/products/wake-tower-mounted-universal-bimini-extension?variant=45504199000249
2007,Mastercraft Boat Co,215 VRS,https://shorelinebrands.com/products/wake-tower-mounted-universal-bimini-extension?variant=45504199000249
2007,Mastercraft Boat Co,220 VRS,https://shorelinebrands.com/products/wake-tower-mounted-universal-bimini-extension?variant=45504199000249
2007,Mastercraft Boat Co,230 SS,https://shorelinebrands.com/products/wake-tower-mounted-universal-bimini-extension?variant=45504199000249
2007,Mastercraft Boat Co,230 VRS,https://shorelinebrands.com/products/wake-tower-mounted-universal-bimini-extension?variant=45504199000249
2007,Mastercraft Boat Co,245 SS,https://shorelinebrands.com/products/wake-tower-mounted-universal-bimini-extension?variant=45504199000249
2007,Mastercraft Boat Co,245 VRS,https://shorelinebrands.com/products/wake-tower-mounted-universal-bimini-extension?variant=45504199000249
2007,Mastercraft Boat Co,280 SST,https://shorelinebrands.com/products/wake-tower-mounted-universal-bimini-extension?variant=45504199000249
2007,Mastercraft Boat Co,280 STS,https://shorelinebrands.com/products/wake-tower-mounted-universal-bimini-extension?variant=45504199000249
2007,Mastercraft Boat Co,190,https://shorelinebrands.com/products/wake-tower-mounted-universal-bimini-extension?variant=45504199000249
2007,Mastercraft Boat Co,197,https://shorelinebrands.com/products/wake-tower-mounted-universal-bimini-extension?variant=45504199000249
2007,Mastercraft Boat Co,214,https://shorelinebrands.com/products/wake-tower-mounted-universal-bimini-extension?variant=45504199000249
2007,Mastercraft Boat Co,X2,https://shorelinebrands.com/products/wake-tower-mounted-universal-bimini-extension?variant=45504199000249
2007,Mastercraft Boat Co,X2 SS,https://shorelinebrands.com/products/wake-tower-mounted-universal-bimini-extension?variant=45504199000249
2007,Mastercraft Boat Co,X7,https://shorelinebrands.com/products/wake-tower-mounted-universal-bimini-extension?variant=45504199000249
2007,Mastercraft Boat Co,CSX 220,https://shorelinebrands.com/products/wake-tower-mounted-universal-bimini-extension?variant=45504199000249
2007,Mastercraft Boat Co,CSX 220 SS,https://shorelinebrands.com/products/wake-tower-mounted-universal-bimini-extension?variant=45504199000249
2007,Mastercraft Boat Co,X1,https://shorelinebrands.com/products/wake-tower-mounted-universal-bimini-extension?variant=45504199000249
2007,Mastercraft Boat Co,X14,https://shorelinebrands.com/products/wake-tower-mounted-universal-bimini-extension?variant=45504199000249
2007,Mastercraft Boat Co,X15,https://shorelinebrands.com/products/wake-tower-mounted-universal-bimini-extension?variant=45504199000249
2007,Mastercraft Boat Co,X15 SS,https://shorelinebrands.com/products/wake-tower-mounted-universal-bimini-extension?variant=45504199000249
2007,Mastercraft Boat Co,XSTAR,https://shorelinebrands.com/products/wake-tower-mounted-universal-bimini-extension?variant=45504199000249
2007,Mastercraft Boat Co,XSTAR SS,https://shorelinebrands.com/products/wake-tower-mounted-universal-bimini-extension?variant=45504199000249
2007,Mastercraft Boat Co,X30,https://shorelinebrands.com/products/wake-tower-mounted-universal-bimini-extension?variant=45504199000249
2007,Mastercraft Boat Co,X30 SS,https://shorelinebrands.com/products/wake-tower-mounted-universal-bimini-extension?variant=45504199000249
2007,Mastercraft Boat Co,X45,https://shorelinebrands.com/products/wake-tower-mounted-universal-bimini-extension?variant=45504199000249
2007,Mastercraft Boat Co,X45 SS,https://shorelinebrands.com/products/wake-tower-mounted-universal-bimini-extension?variant=45504199000249
2007,Mastercraft Boat Co,X80 SST,https://shorelinebrands.com/products/wake-tower-mounted-universal-bimini-extension?variant=45504199000249
2007,Mastercraft Boat Co,X80 STS,https://shorelinebrands.com/products/wake-tower-mounted-universal-bimini-extension?variant=45504199000249
2008,Mastercraft Boat Co,200 SS,https://shorelinebrands.com/products/wake-tower-mounted-universal-bimini-extension?variant=45504199000249
2008,Mastercraft Boat Co,200 VRS,https://shorelinebrands.com/products/wake-tower-mounted-universal-bimini-extension?variant=45504199000249
2008,Mastercraft Boat Co,215 SS,https://shorelinebrands.com/products/wake-tower-mounted-universal-bimini-extension?variant=45504199000249
2008,Mastercraft Boat Co,215 VRS,https://shorelinebrands.com/products/wake-tower-mounted-universal-bimini-extension?variant=45504199000249
2008,Mastercraft Boat Co,230 SS,https://shorelinebrands.com/products/wake-tower-mounted-universal-bimini-extension?variant=45504199000249
2008,Mastercraft Boat Co,230 VRS,https://shorelinebrands.com/products/wake-tower-mounted-universal-bimini-extension?variant=45504199000249
2008,Mastercraft Boat Co,235 SS,https://shorelinebrands.com/products/wake-tower-mounted-universal-bimini-extension?variant=45504199000249
2008,Mastercraft Boat Co,235 VRS,https://shorelinebrands.com/products/wake-tower-mounted-universal-bimini-extension?variant=45504199000249
2008,Mastercraft Boat Co,245 SS,https://shorelinebrands.com/products/wake-tower-mounted-universal-bimini-extension?variant=45504199000249
2008,Mastercraft Boat Co,245 VRS,https://shorelinebrands.com/products/wake-tower-mounted-universal-bimini-extension?variant=45504199000249
2008,Mastercraft Boat Co,280 SST,https://shorelinebrands.com/products/wake-tower-mounted-universal-bimini-extension?variant=45504199000249
2008,Mastercraft Boat Co,280 STS,https://shorelinebrands.com/products/wake-tower-mounted-universal-bimini-extension?variant=45504199000249
2008,Mastercraft Boat Co,190,https://shorelinebrands.com/products/wake-tower-mounted-universal-bimini-extension?variant=45504199000249
2008,Mastercraft Boat Co,197,https://shorelinebrands.com/products/wake-tower-mounted-universal-bimini-extension?variant=45504199000249
2008,Mastercraft Boat Co,214,https://shorelinebrands.com/products/wake-tower-mounted-universal-bimini-extension?variant=45504199000249
2008,Mastercraft Boat Co,X2,https://shorelinebrands.com/products/wake-tower-mounted-universal-bimini-extension?variant=45504199000249
2008,Mastercraft Boat Co,X2 SS,https://shorelinebrands.com/products/wake-tower-mounted-universal-bimini-extension?variant=45504199000249
2008,Mastercraft Boat Co,X7,https://shorelinebrands.com/products/wake-tower-mounted-universal-bimini-extension?variant=45504199000249
2008,Mastercraft Boat Co,CSX 220,https://shorelinebrands.com/products/wake-tower-mounted-universal-bimini-extension?variant=45504199000249
2008,Mastercraft Boat Co,CSX 220 SS,https://shorelinebrands.com/products/wake-tower-mounted-universal-bimini-extension?variant=45504199000249
2008,Mastercraft Boat Co,X1,https://shorelinebrands.com/products/wake-tower-mounted-universal-bimini-extension?variant=45504199000249
2008,Mastercraft Boat Co,X14,https://shorelinebrands.com/products/wake-tower-mounted-universal-bimini-extension?variant=45504199000249
2008,Mastercraft Boat Co,X15,https://shorelinebrands.com/products/wake-tower-mounted-universal-bimini-extension?variant=45504199000249
2008,Mastercraft Boat Co,X15 SS,https://shorelinebrands.com/products/wake-tower-mounted-universal-bimini-extension?variant=45504199000249
2008,Mastercraft Boat Co,XSTAR,https://shorelinebrands.com/products/wake-tower-mounted-universal-bimini-extension?variant=45504199000249
2008,Mastercraft Boat Co,XSTAR SS,https://shorelinebrands.com/products/wake-tower-mounted-universal-bimini-extension?variant=45504199000249
2008,Mastercraft Boat Co,X30,https://shorelinebrands.com/products/wake-tower-mounted-universal-bimini-extension?variant=45504199000249
2008,Mastercraft Boat Co,X30 SS,https://shorelinebrands.com/products/wake-tower-mounted-universal-bimini-extension?variant=45504199000249
2008,Mastercraft Boat Co,X35,https://shorelinebrands.com/products/wake-tower-mounted-universal-bimini-extension?variant=45504199000249
2008,Mastercraft Boat Co,X35 SS,https://shorelinebrands.com/products/wake-tower-mounted-universal-bimini-extension?variant=45504199000249
2008,Mastercraft Boat Co,X45,https://shorelinebrands.com/products/wake-tower-mounted-universal-bimini-extension?variant=45504199000249
2008,Mastercraft Boat Co,X45 SS,https://shorelinebrands.com/products/wake-tower-mounted-universal-bimini-extension?variant=45504199000249
2008,Mastercraft Boat Co,X80 SST,https://shorelinebrands.com/products/wake-tower-mounted-universal-bimini-extension?variant=45504199000249
2008,Mastercraft Boat Co,X80 STS,https://shorelinebrands.com/products/wake-tower-mounted-universal-bimini-extension?variant=45504199000249
2009,Mastercraft Boat Co,200 SS,https://shorelinebrands.com/products/wake-tower-mounted-universal-bimini-extension?variant=45504199000249
2009,Mastercraft Boat Co,200 VRS,https://shorelinebrands.com/products/wake-tower-mounted-universal-bimini-extension?variant=45504199000249
2009,Mastercraft Boat Co,215 SS,https://shorelinebrands.com/products/wake-tower-mounted-universal-bimini-extension?variant=45504199000249
2009,Mastercraft Boat Co,215 VRS,https://shorelinebrands.com/products/wake-tower-mounted-universal-bimini-extension?variant=45504199000249
2009,Mastercraft Boat Co,230 SS,https://shorelinebrands.com/products/wake-tower-mounted-universal-bimini-extension?variant=45504199000249
2009,Mastercraft Boat Co,230 VRS,https://shorelinebrands.com/products/wake-tower-mounted-universal-bimini-extension?variant=45504199000249
2009,Mastercraft Boat Co,235 SS,https://shorelinebrands.com/products/wake-tower-mounted-universal-bimini-extension?variant=45504199000249
2009,Mastercraft Boat Co,235 VRS,https://shorelinebrands.com/products/wake-tower-mounted-universal-bimini-extension?variant=45504199000249
2009,Mastercraft Boat Co,245 SS,https://shorelinebrands.com/products/wake-tower-mounted-universal-bimini-extension?variant=45504199000249
2009,Mastercraft Boat Co,245 VRS,https://shorelinebrands.com/products/wake-tower-mounted-universal-bimini-extension?variant=45504199000249
2009,Mastercraft Boat Co,255 SS,https://shorelinebrands.com/products/wake-tower-mounted-universal-bimini-extension?variant=45504199000249
2009,Mastercraft Boat Co,255 VRS,https://shorelinebrands.com/products/wake-tower-mounted-universal-bimini-extension?variant=45504199000249
2009,Mastercraft Boat Co,280 SST,https://shorelinebrands.com/products/wake-tower-mounted-universal-bimini-extension?variant=45504199000249
2009,Mastercraft Boat Co,280 STS,https://shorelinebrands.com/products/wake-tower-mounted-universal-bimini-extension?variant=45504199000249
2009,Mastercraft Boat Co,190,https://shorelinebrands.com/products/wake-tower-mounted-universal-bimini-extension?variant=45504199000249
2009,Mastercraft Boat Co,197,https://shorelinebrands.com/products/wake-tower-mounted-universal-bimini-extension?variant=45504199000249
2009,Mastercraft Boat Co,214,https://shorelinebrands.com/products/wake-tower-mounted-universal-bimini-extension?variant=45504199000249
2009,Mastercraft Boat Co,214 V,https://shorelinebrands.com/products/wake-tower-mounted-universal-bimini-extension?variant=45504199000249
2009,Mastercraft Boat Co,X2,https://shorelinebrands.com/products/wake-tower-mounted-universal-bimini-extension?variant=45504199000249
2009,Mastercraft Boat Co,X2 SS,https://shorelinebrands.com/products/wake-tower-mounted-universal-bimini-extension?variant=45504199000249
2009,Mastercraft Boat Co,X7,https://shorelinebrands.com/products/wake-tower-mounted-universal-bimini-extension?variant=45504199000249
2009,Mastercraft Boat Co,CSX 220,https://shorelinebrands.com/products/wake-tower-mounted-universal-bimini-extension?variant=45504199000249
2009,Mastercraft Boat Co,X1,https://shorelinebrands.com/products/wake-tower-mounted-universal-bimini-extension?variant=45504199000249
2009,Mastercraft Boat Co,X14,https://shorelinebrands.com/products/wake-tower-mounted-universal-bimini-extension?variant=45504199000249
2009,Mastercraft Boat Co,X14 V,https://shorelinebrands.com/products/wake-tower-mounted-universal-bimini-extension?variant=45504199000249
2009,Mastercraft Boat Co,X15,https://shorelinebrands.com/products/wake-tower-mounted-universal-bimini-extension?variant=45504199000249
2009,Mastercraft Boat Co,X15 SS,https://shorelinebrands.com/products/wake-tower-mounted-universal-bimini-extension?variant=45504199000249
2009,Mastercraft Boat Co,XSTAR,https://shorelinebrands.com/products/wake-tower-mounted-universal-bimini-extension?variant=45504199000249
2009,Mastercraft Boat Co,XSTAR SS,https://shorelinebrands.com/products/wake-tower-mounted-universal-bimini-extension?variant=45504199000249
2009,Mastercraft Boat Co,X30,https://shorelinebrands.com/products/wake-tower-mounted-universal-bimini-extension?variant=45504199000249
2009,Mastercraft Boat Co,X30 SS,https://shorelinebrands.com/products/wake-tower-mounted-universal-bimini-extension?variant=45504199000249
2009,Mastercraft Boat Co,X35,https://shorelinebrands.com/products/wake-tower-mounted-universal-bimini-extension?variant=45504199000249
2009,Mastercraft Boat Co,X35 SS,https://shorelinebrands.com/products/wake-tower-mounted-universal-bimini-extension?variant=45504199000249
2009,Mastercraft Boat Co,X45,https://shorelinebrands.com/products/wake-tower-mounted-universal-bimini-extension?variant=45504199000249
2009,Mastercraft Boat Co,X45 SS,https://shorelinebrands.com/products/wake-tower-mounted-universal-bimini-extension?variant=45504199000249
2009,Mastercraft Boat Co,CSX 220 SS,https://shorelinebrands.com/products/wake-tower-mounted-universal-bimini-extension?variant=45504199000249
2009,Mastercraft Boat Co,CSX 265,https://shorelinebrands.com/products/wake-tower-mounted-universal-bimini-extension?variant=45504199000249
2009,Mastercraft Boat Co,CSX 265 SS,https://shorelinebrands.com/products/wake-tower-mounted-universal-bimini-extension?variant=45504199000249
2009,Mastercraft Boat Co,X55,https://shorelinebrands.com/products/wake-tower-mounted-universal-bimini-extension?variant=45504199000249
2009,Mastercraft Boat Co,X55 SS,https://shorelinebrands.com/products/wake-tower-mounted-universal-bimini-extension?variant=45504199000249
2009,Mastercraft Boat Co,X80 SST,https://shorelinebrands.com/products/wake-tower-mounted-universal-bimini-extension?variant=45504199000249
2009,Mastercraft Boat Co,X80 STS,https://shorelinebrands.com/products/wake-tower-mounted-universal-bimini-extension?variant=45504199000249
2010,Mastercraft Boat Co,MC300,https://shorelinebrands.com/products/wake-tower-mounted-universal-bimini-extension?variant=45504199000249
2010,Mastercraft Boat Co,200 SS,https://shorelinebrands.com/products/wake-tower-mounted-universal-bimini-extension?variant=45504199000249
2010,Mastercraft Boat Co,200 VRS,https://shorelinebrands.com/products/wake-tower-mounted-universal-bimini-extension?variant=45504199000249
2010,Mastercraft Boat Co,215 SS,https://shorelinebrands.com/products/wake-tower-mounted-universal-bimini-extension?variant=45504199000249
2010,Mastercraft Boat Co,215 VRS,https://shorelinebrands.com/products/wake-tower-mounted-universal-bimini-extension?variant=45504199000249
2010,Mastercraft Boat Co,225,https://shorelinebrands.com/products/wake-tower-mounted-universal-bimini-extension?variant=45504199000249
2010,Mastercraft Boat Co,230 SS,https://shorelinebrands.com/products/wake-tower-mounted-universal-bimini-extension?variant=45504199000249
2010,Mastercraft Boat Co,230 VRS,https://shorelinebrands.com/products/wake-tower-mounted-universal-bimini-extension?variant=45504199000249
2010,Mastercraft Boat Co,235 SS,https://shorelinebrands.com/products/wake-tower-mounted-universal-bimini-extension?variant=45504199000249
2010,Mastercraft Boat Co,235 VRS,https://shorelinebrands.com/products/wake-tower-mounted-universal-bimini-extension?variant=45504199000249
2010,Mastercraft Boat Co,245 SS,https://shorelinebrands.com/products/wake-tower-mounted-universal-bimini-extension?variant=45504199000249
2010,Mastercraft Boat Co,245 VRS,https://shorelinebrands.com/products/wake-tower-mounted-universal-bimini-extension?variant=45504199000249
2010,Mastercraft Boat Co,255 SS,https://shorelinebrands.com/products/wake-tower-mounted-universal-bimini-extension?variant=45504199000249
2010,Mastercraft Boat Co,255 VRS,https://shorelinebrands.com/products/wake-tower-mounted-universal-bimini-extension?variant=45504199000249
2010,Mastercraft Boat Co,280 SST,https://shorelinebrands.com/products/wake-tower-mounted-universal-bimini-extension?variant=45504199000249
2010,Mastercraft Boat Co,280 STS,https://shorelinebrands.com/products/wake-tower-mounted-universal-bimini-extension?variant=45504199000249
2010,Mastercraft Boat Co,190,https://shorelinebrands.com/products/wake-tower-mounted-universal-bimini-extension?variant=45504199000249
2010,Mastercraft Boat Co,197,https://shorelinebrands.com/products/wake-tower-mounted-universal-bimini-extension?variant=45504199000249
2010,Mastercraft Boat Co,214,https://shorelinebrands.com/products/wake-tower-mounted-universal-bimini-extension?variant=45504199000249
2010,Mastercraft Boat Co,214 V,https://shorelinebrands.com/products/wake-tower-mounted-universal-bimini-extension?variant=45504199000249
2010,Mastercraft Boat Co,X2,https://shorelinebrands.com/products/wake-tower-mounted-universal-bimini-extension?variant=45504199000249
2010,Mastercraft Boat Co,X2 SS,https://shorelinebrands.com/products/wake-tower-mounted-universal-bimini-extension?variant=45504199000249
2010,Mastercraft Boat Co,X7,https://shorelinebrands.com/products/wake-tower-mounted-universal-bimini-extension?variant=45504199000249
2010,Mastercraft Boat Co,CSX 220,https://shorelinebrands.com/products/wake-tower-mounted-universal-bimini-extension?variant=45504199000249
2010,Mastercraft Boat Co,X1,https://shorelinebrands.com/products/wake-tower-mounted-universal-bimini-extension?variant=45504199000249
2010,Mastercraft Boat Co,X14,https://shorelinebrands.com/products/wake-tower-mounted-universal-bimini-extension?variant=45504199000249
2010,Mastercraft Boat Co,X14 V,https://shorelinebrands.com/products/wake-tower-mounted-universal-bimini-extension?variant=45504199000249
2010,Mastercraft Boat Co,X15,https://shorelinebrands.com/products/wake-tower-mounted-universal-bimini-extension?variant=45504199000249
2010,Mastercraft Boat Co,X15 SS,https://shorelinebrands.com/products/wake-tower-mounted-universal-bimini-extension?variant=45504199000249
2010,Mastercraft Boat Co,X25,https://shorelinebrands.com/products/wake-tower-mounted-universal-bimini-extension?variant=45504199000249
2010,Mastercraft Boat Co,XSTAR,https://shorelinebrands.com/products/wake-tower-mounted-universal-bimini-extension?variant=45504199000249
2010,Mastercraft Boat Co,XSTAR SS,https://shorelinebrands.com/products/wake-tower-mounted-universal-bimini-extension?variant=45504199000249
2010,Mastercraft Boat Co,X30,https://shorelinebrands.com/products/wake-tower-mounted-universal-bimini-extension?variant=45504199000249
2010,Mastercraft Boat Co,X30 SS,https://shorelinebrands.com/products/wake-tower-mounted-universal-bimini-extension?variant=45504199000249
2010,Mastercraft Boat Co,X35,https://shorelinebrands.com/products/wake-tower-mounted-universal-bimini-extension?variant=45504199000249
2010,Mastercraft Boat Co,X35 SS,https://shorelinebrands.com/products/wake-tower-mounted-universal-bimini-extension?variant=45504199000249
2010,Mastercraft Boat Co,X45,https://shorelinebrands.com/products/wake-tower-mounted-universal-bimini-extension?variant=45504199000249
2010,Mastercraft Boat Co,X45 SS,https://shorelinebrands.com/products/wake-tower-mounted-universal-bimini-extension?variant=45504199000249
2010,Mastercraft Boat Co,CSX 220 SS,https://shorelinebrands.com/products/wake-tower-mounted-universal-bimini-extension?variant=45504199000249
2010,Mastercraft Boat Co,CSX 265,https://shorelinebrands.com/products/wake-tower-mounted-universal-bimini-extension?variant=45504199000249
2010,Mastercraft Boat Co,CSX 265 SS,https://shorelinebrands.com/products/wake-tower-mounted-universal-bimini-extension?variant=45504199000249
2010,Mastercraft Boat Co,X55,https://shorelinebrands.com/products/wake-tower-mounted-universal-bimini-extension?variant=45504199000249
2010,Mastercraft Boat Co,X55 SS,https://shorelinebrands.com/products/wake-tower-mounted-universal-bimini-extension?variant=45504199000249
2010,Mastercraft Boat Co,X80 SST,https://shorelinebrands.com/products/wake-tower-mounted-universal-bimini-extension?variant=45504199000249
2010,Mastercraft Boat Co,X80 STS,https://shorelinebrands.com/products/wake-tower-mounted-universal-bimini-extension?variant=45504199000249
2011,Mastercraft Boat Co,190,https://shorelinebrands.com/products/wake-tower-mounted-universal-bimini-extension?variant=45504199000249
2011,Mastercraft Boat Co,190 WTT,https://shorelinebrands.com/products/wake-tower-mounted-universal-bimini-extension?variant=45504199000249
2011,Mastercraft Boat Co,197,https://shorelinebrands.com/products/wake-tower-mounted-universal-bimini-extension?variant=45504199000249
2011,Mastercraft Boat Co,197 WTT,https://shorelinebrands.com/products/wake-tower-mounted-universal-bimini-extension?variant=45504199000249
2011,Mastercraft Boat Co,214,https://shorelinebrands.com/products/wake-tower-mounted-universal-bimini-extension?variant=45504199000249
2011,Mastercraft Boat Co,214 V,https://shorelinebrands.com/products/wake-tower-mounted-universal-bimini-extension?variant=45504199000249
2011,Mastercraft Boat Co,200 SS,https://shorelinebrands.com/products/wake-tower-mounted-universal-bimini-extension?variant=45504199000249
2011,Mastercraft Boat Co,200 V,https://shorelinebrands.com/products/wake-tower-mounted-universal-bimini-extension?variant=45504199000249
2011,Mastercraft Boat Co,215 SS,https://shorelinebrands.com/products/wake-tower-mounted-universal-bimini-extension?variant=45504199000249
2011,Mastercraft Boat Co,215 V,https://shorelinebrands.com/products/wake-tower-mounted-universal-bimini-extension?variant=45504199000249
2011,Mastercraft Boat Co,225 SS,https://shorelinebrands.com/products/wake-tower-mounted-universal-bimini-extension?variant=45504199000249
2011,Mastercraft Boat Co,225 V,https://shorelinebrands.com/products/wake-tower-mounted-universal-bimini-extension?variant=45504199000249
2011,Mastercraft Boat Co,235 SS,https://shorelinebrands.com/products/wake-tower-mounted-universal-bimini-extension?variant=45504199000249
2011,Mastercraft Boat Co,235 V,https://shorelinebrands.com/products/wake-tower-mounted-universal-bimini-extension?variant=45504199000249
2011,Mastercraft Boat Co,245 SS,https://shorelinebrands.com/products/wake-tower-mounted-universal-bimini-extension?variant=45504199000249
2011,Mastercraft Boat Co,245 V,https://shorelinebrands.com/products/wake-tower-mounted-universal-bimini-extension?variant=45504199000249
2011,Mastercraft Boat Co,255 SS,https://shorelinebrands.com/products/wake-tower-mounted-universal-bimini-extension?variant=45504199000249
2011,Mastercraft Boat Co,255 V,https://shorelinebrands.com/products/wake-tower-mounted-universal-bimini-extension?variant=45504199000249
2011,Mastercraft Boat Co,280 SST,https://shorelinebrands.com/products/wake-tower-mounted-universal-bimini-extension?variant=45504199000249
2011,Mastercraft Boat Co,280 STS,https://shorelinebrands.com/products/wake-tower-mounted-universal-bimini-extension?variant=45504199000249
2011,Mastercraft Boat Co,X2,https://shorelinebrands.com/products/wake-tower-mounted-universal-bimini-extension?variant=45504199000249
2011,Mastercraft Boat Co,X2 SS,https://shorelinebrands.com/products/wake-tower-mounted-universal-bimini-extension?variant=45504199000249
2011,Mastercraft Boat Co,X7,https://shorelinebrands.com/products/wake-tower-mounted-universal-bimini-extension?variant=45504199000249
2011,Mastercraft Boat Co,CSX 220,https://shorelinebrands.com/products/wake-tower-mounted-universal-bimini-extension?variant=45504199000249
2011,Mastercraft Boat Co,CSX 220 SS,https://shorelinebrands.com/products/wake-tower-mounted-universal-bimini-extension?variant=45504199000249
2011,Mastercraft Boat Co,X1,https://shorelinebrands.com/products/wake-tower-mounted-universal-bimini-extension?variant=45504199000249
2011,Mastercraft Boat Co,X14,https://shorelinebrands.com/products/wake-tower-mounted-universal-bimini-extension?variant=45504199000249
2011,Mastercraft Boat Co,X14 V,https://shorelinebrands.com/products/wake-tower-mounted-universal-bimini-extension?variant=45504199000249
2011,Mastercraft Boat Co,X15,https://shorelinebrands.com/products/wake-tower-mounted-universal-bimini-extension?variant=45504199000249
2011,Mastercraft Boat Co,X15 SS,https://shorelinebrands.com/products/wake-tower-mounted-universal-bimini-extension?variant=45504199000249
2011,Mastercraft Boat Co,XSTAR,https://shorelinebrands.com/products/wake-tower-mounted-universal-bimini-extension?variant=45504199000249
2011,Mastercraft Boat Co,XSTAR SS,https://shorelinebrands.com/products/wake-tower-mounted-universal-bimini-extension?variant=45504199000249
2011,Mastercraft Boat Co,X25,https://shorelinebrands.com/products/wake-tower-mounted-universal-bimini-extension?variant=45504199000249
2011,Mastercraft Boat Co,X25 SS,https://shorelinebrands.com/products/wake-tower-mounted-universal-bimini-extension?variant=45504199000249
2011,Mastercraft Boat Co,X35,https://shorelinebrands.com/products/wake-tower-mounted-universal-bimini-extension?variant=45504199000249
2011,Mastercraft Boat Co,X35 SS,https://shorelinebrands.com/products/wake-tower-mounted-universal-bimini-extension?variant=45504199000249
2011,Mastercraft Boat Co,X45,https://shorelinebrands.com/products/wake-tower-mounted-universal-bimini-extension?variant=45504199000249
2011,Mastercraft Boat Co,X45 SS,https://shorelinebrands.com/products/wake-tower-mounted-universal-bimini-extension?variant=45504199000249
2011,Mastercraft Boat Co,X55,https://shorelinebrands.com/products/wake-tower-mounted-universal-bimini-extension?variant=45504199000249
2011,Mastercraft Boat Co,X55 SS,https://shorelinebrands.com/products/wake-tower-mounted-universal-bimini-extension?variant=45504199000249
2011,Mastercraft Boat Co,CSX 265,https://shorelinebrands.com/products/wake-tower-mounted-universal-bimini-extension?variant=45504199000249
2011,Mastercraft Boat Co,CSX 265 SS,https://shorelinebrands.com/products/wake-tower-mounted-universal-bimini-extension?variant=45504199000249
2011,Mastercraft Boat Co,X80 SST,https://shorelinebrands.com/products/wake-tower-mounted-universal-bimini-extension?variant=45504199000249
2011,Mastercraft Boat Co,X80 STS,https://shorelinebrands.com/products/wake-tower-mounted-universal-bimini-extension?variant=45504199000249
2012,Mastercraft Boat Co,190,https://shorelinebrands.com/products/wake-tower-mounted-universal-bimini-extension?variant=45504199000249
2012,Mastercraft Boat Co,190 WTT,https://shorelinebrands.com/products/wake-tower-mounted-universal-bimini-extension?variant=45504199000249
2012,Mastercraft Boat Co,197,https://shorelinebrands.com/products/wake-tower-mounted-universal-bimini-extension?variant=45504199000249
2012,Mastercraft Boat Co,197 WTT,https://shorelinebrands.com/products/wake-tower-mounted-universal-bimini-extension?variant=45504199000249
2012,Mastercraft Boat Co,214,https://shorelinebrands.com/products/wake-tower-mounted-universal-bimini-extension?variant=45504199000249
2012,Mastercraft Boat Co,214 V,https://shorelinebrands.com/products/wake-tower-mounted-universal-bimini-extension?variant=45504199000249
2012,Mastercraft Boat Co,200 SS,https://shorelinebrands.com/products/wake-tower-mounted-universal-bimini-extension?variant=45504199000249
2012,Mastercraft Boat Co,200 V,https://shorelinebrands.com/products/wake-tower-mounted-universal-bimini-extension?variant=45504199000249
2012,Mastercraft Boat Co,215 SS,https://shorelinebrands.com/products/wake-tower-mounted-universal-bimini-extension?variant=45504199000249
2012,Mastercraft Boat Co,215 V,https://shorelinebrands.com/products/wake-tower-mounted-universal-bimini-extension?variant=45504199000249
2012,Mastercraft Boat Co,225 SS,https://shorelinebrands.com/products/wake-tower-mounted-universal-bimini-extension?variant=45504199000249
2012,Mastercraft Boat Co,225 V,https://shorelinebrands.com/products/wake-tower-mounted-universal-bimini-extension?variant=45504199000249
2012,Mastercraft Boat Co,235 SS,https://shorelinebrands.com/products/wake-tower-mounted-universal-bimini-extension?variant=45504199000249
2012,Mastercraft Boat Co,235 V,https://shorelinebrands.com/products/wake-tower-mounted-universal-bimini-extension?variant=45504199000249
2012,Mastercraft Boat Co,245 SS,https://shorelinebrands.com/products/wake-tower-mounted-universal-bimini-extension?variant=45504199000249
2012,Mastercraft Boat Co,245 V,https://shorelinebrands.com/products/wake-tower-mounted-universal-bimini-extension?variant=45504199000249
2012,Mastercraft Boat Co,255 SS,https://shorelinebrands.com/products/wake-tower-mounted-universal-bimini-extension?variant=45504199000249
2012,Mastercraft Boat Co,255 V,https://shorelinebrands.com/products/wake-tower-mounted-universal-bimini-extension?variant=45504199000249
2012,Mastercraft Boat Co,X2,https://shorelinebrands.com/products/wake-tower-mounted-universal-bimini-extension?variant=45504199000249
2012,Mastercraft Boat Co,X2 SS,https://shorelinebrands.com/products/wake-tower-mounted-universal-bimini-extension?variant=45504199000249
2012,Mastercraft Boat Co,X7,https://shorelinebrands.com/products/wake-tower-mounted-universal-bimini-extension?variant=45504199000249
2012,Mastercraft Boat Co,X14,https://shorelinebrands.com/products/wake-tower-mounted-universal-bimini-extension?variant=45504199000249
2012,Mastercraft Boat Co,X14 V,https://shorelinebrands.com/products/wake-tower-mounted-universal-bimini-extension?variant=45504199000249
2012,Mastercraft Boat Co,X15,https://shorelinebrands.com/products/wake-tower-mounted-universal-bimini-extension?variant=45504199000249
2012,Mastercraft Boat Co,X15 SS,https://shorelinebrands.com/products/wake-tower-mounted-universal-bimini-extension?variant=45504199000249
2012,Mastercraft Boat Co,X25,https://shorelinebrands.com/products/wake-tower-mounted-universal-bimini-extension?variant=45504199000249
2012,Mastercraft Boat Co,X25 SS,https://shorelinebrands.com/products/wake-tower-mounted-universal-bimini-extension?variant=45504199000249
2012,Mastercraft Boat Co,X30,https://shorelinebrands.com/products/wake-tower-mounted-universal-bimini-extension?variant=45504199000249
2012,Mastercraft Boat Co,X35,https://shorelinebrands.com/products/wake-tower-mounted-universal-bimini-extension?variant=45504199000249
2012,Mastercraft Boat Co,X35 SS,https://shorelinebrands.com/products/wake-tower-mounted-universal-bimini-extension?variant=45504199000249
2012,Mastercraft Boat Co,X45,https://shorelinebrands.com/products/wake-tower-mounted-universal-bimini-extension?variant=45504199000249
2012,Mastercraft Boat Co,X45 SS,https://shorelinebrands.com/products/wake-tower-mounted-universal-bimini-extension?variant=45504199000249
2012,Mastercraft Boat Co,X55,https://shorelinebrands.com/products/wake-tower-mounted-universal-bimini-extension?variant=45504199000249
2012,Mastercraft Boat Co,X55 SS,https://shorelinebrands.com/products/wake-tower-mounted-universal-bimini-extension?variant=45504199000249
2013,Mastercraft Boat Co,190,https://shorelinebrands.com/products/wake-tower-mounted-universal-bimini-extension?variant=45504199000249
2013,Mastercraft Boat Co,197,https://shorelinebrands.com/products/wake-tower-mounted-universal-bimini-extension?variant=45504199000249
2013,Mastercraft Boat Co,214,https://shorelinebrands.com/products/wake-tower-mounted-universal-bimini-extension?variant=45504199000249
2013,Mastercraft Boat Co,214 V,https://shorelinebrands.com/products/wake-tower-mounted-universal-bimini-extension?variant=45504199000249
2013,Mastercraft Boat Co,X2,https://shorelinebrands.com/products/wake-tower-mounted-universal-bimini-extension?variant=45504199000249
2013,Mastercraft Boat Co,X10,https://shorelinebrands.com/products/wake-tower-mounted-universal-bimini-extension?variant=45504199000249
2013,Mastercraft Boat Co,X14 V,https://shorelinebrands.com/products/wake-tower-mounted-universal-bimini-extension?variant=45504199000249
2013,Mastercraft Boat Co,X25,https://shorelinebrands.com/products/wake-tower-mounted-universal-bimini-extension?variant=45504199000249
2013,Mastercraft Boat Co,X30,https://shorelinebrands.com/products/wake-tower-mounted-universal-bimini-extension?variant=45504199000249
2013,Mastercraft Boat Co,X35,https://shorelinebrands.com/products/wake-tower-mounted-universal-bimini-extension?variant=45504199000249
2013,Mastercraft Boat Co,X45,https://shorelinebrands.com/products/wake-tower-mounted-universal-bimini-extension?variant=45504199000249
2013,Mastercraft Boat Co,XSTAR,https://shorelinebrands.com/products/wake-tower-mounted-universal-bimini-extension?variant=45504199000249
2013,Mastercraft Boat Co,X55,https://shorelinebrands.com/products/wake-tower-mounted-universal-bimini-extension?variant=45504199000249
2014,Mastercraft Boat Co,PROSTAR,https://shorelinebrands.com/products/wake-tower-mounted-universal-bimini-extension?variant=45504199000249
2014,Mastercraft Boat Co,214 V,https://shorelinebrands.com/products/wake-tower-mounted-universal-bimini-extension?variant=45504199000249
2014,Mastercraft Boat Co,X2,https://shorelinebrands.com/products/wake-tower-mounted-universal-bimini-extension?variant=45504199000249
2014,Mastercraft Boat Co,X10,https://shorelinebrands.com/products/wake-tower-mounted-universal-bimini-extension?variant=45504199000249
2014,Mastercraft Boat Co,X14 V,https://shorelinebrands.com/products/wake-tower-mounted-universal-bimini-extension?variant=45504199000249
2014,Mastercraft Boat Co,X25,https://shorelinebrands.com/products/wake-tower-mounted-universal-bimini-extension?variant=45504199000249
2014,Mastercraft Boat Co,X30,https://shorelinebrands.com/products/wake-tower-mounted-universal-bimini-extension?variant=45504199000249
2014,Mastercraft Boat Co,X35,https://shorelinebrands.com/products/wake-tower-mounted-universal-bimini-extension?variant=45504199000249
2014,Mastercraft Boat Co,XSTAR,https://shorelinebrands.com/products/wake-tower-mounted-universal-bimini-extension?variant=45504199000249
2014,Mastercraft Boat Co,X45,https://shorelinebrands.com/products/wake-tower-mounted-universal-bimini-extension?variant=45504199000249
2014,Mastercraft Boat Co,X46,https://shorelinebrands.com/products/wake-tower-mounted-universal-bimini-extension?variant=45504199000249
2014,Mastercraft Boat Co,X55,https://shorelinebrands.com/products/wake-tower-mounted-universal-bimini-extension?variant=45504199000249
2015,Mastercraft Boat Co,NXT20,https://shorelinebrands.com/products/wake-tower-mounted-universal-bimini-extension?variant=45504199000249
2015,Mastercraft Boat Co,PROSTAR,https://shorelinebrands.com/products/wake-tower-mounted-universal-bimini-extension?variant=45504199000249
2015,Mastercraft Boat Co,X2,https://shorelinebrands.com/products/wake-tower-mounted-universal-bimini-extension?variant=45504199000249
2015,Mastercraft Boat Co,X20,https://shorelinebrands.com/products/wake-tower-mounted-universal-bimini-extension?variant=45504199000249
2015,Mastercraft Boat Co,X10,https://shorelinebrands.com/products/wake-tower-mounted-universal-bimini-extension?variant=45504199000249
2015,Mastercraft Boat Co,X25,https://shorelinebrands.com/products/wake-tower-mounted-universal-bimini-extension?variant=45504199000249
2015,Mastercraft Boat Co,X23,https://shorelinebrands.com/products/wake-tower-mounted-universal-bimini-extension?variant=45504199000249
2015,Mastercraft Boat Co,X30,https://shorelinebrands.com/products/wake-tower-mounted-universal-bimini-extension?variant=45504199000249
2015,Mastercraft Boat Co,XSTAR,https://shorelinebrands.com/products/wake-tower-mounted-universal-bimini-extension?variant=45504199000249
2015,Mastercraft Boat Co,X46,https://shorelinebrands.com/products/wake-tower-mounted-universal-bimini-extension?variant=45504199000249
2015,Mastercraft Boat Co,X55,https://shorelinebrands.com/products/wake-tower-mounted-universal-bimini-extension?variant=45504199000249
2016,Mastercraft Boat Co,NXT20,https://shorelinebrands.com/products/wake-tower-mounted-universal-bimini-extension?variant=45504199000249
2016,Mastercraft Boat Co,NXT22,https://shorelinebrands.com/products/wake-tower-mounted-universal-bimini-extension?variant=45504199000249
2016,Mastercraft Boat Co,PROSTAR,https://shorelinebrands.com/products/wake-tower-mounted-universal-bimini-extension?variant=45504199000249
2016,Mastercraft Boat Co,X2,https://shorelinebrands.com/products/wake-tower-mounted-universal-bimini-extension?variant=45504199000249
2016,Mastercraft Boat Co,X20,https://shorelinebrands.com/products/wake-tower-mounted-universal-bimini-extension?variant=45504199000249
2016,Mastercraft Boat Co,X10,https://shorelinebrands.com/products/wake-tower-mounted-universal-bimini-extension?variant=45504199000249
2016,Mastercraft Boat Co,X23,https://shorelinebrands.com/products/wake-tower-mounted-universal-bimini-extension?variant=45504199000249
2016,Mastercraft Boat Co,X30,https://shorelinebrands.com/products/wake-tower-mounted-universal-bimini-extension?variant=45504199000249
2016,Mastercraft Boat Co,XSTAR,https://shorelinebrands.com/products/wake-tower-mounted-universal-bimini-extension?variant=45504199000249
2016,Mastercraft Boat Co,X46,https://shorelinebrands.com/products/wake-tower-mounted-universal-bimini-extension?variant=45504199000249
2016,Mastercraft Boat Co,X26,https://shorelinebrands.com/products/wake-tower-mounted-universal-bimini-extension?variant=45504199000249
2017,Mastercraft Boat Co,NXT20,https://shorelinebrands.com/products/wake-tower-mounted-universal-bimini-extension?variant=45504199000249
2017,Mastercraft Boat Co,NXT20GE,https://shorelinebrands.com/products/wake-tower-mounted-universal-bimini-extension?variant=45504199000249
2017,Mastercraft Boat Co,NXT22,https://shorelinebrands.com/products/wake-tower-mounted-universal-bimini-extension?variant=45504199000249
2017,Mastercraft Boat Co,PROSTAR,https://shorelinebrands.com/products/wake-tower-mounted-universal-bimini-extension?variant=45504199000249
2017,Mastercraft Boat Co,XSTAR,https://shorelinebrands.com/products/wake-tower-mounted-universal-bimini-extension?variant=45504199000249
2017,Mastercraft Boat Co,X20,https://shorelinebrands.com/products/wake-tower-mounted-universal-bimini-extension?variant=45504199000249
2017,Mastercraft Boat Co,X10,https://shorelinebrands.com/products/wake-tower-mounted-universal-bimini-extension?variant=45504199000249
2017,Mastercraft Boat Co,X23,https://shorelinebrands.com/products/wake-tower-mounted-universal-bimini-extension?variant=45504199000249
2017,Mastercraft Boat Co,X46,https://shorelinebrands.com/products/wake-tower-mounted-universal-bimini-extension?variant=45504199000249
2017,Mastercraft Boat Co,X26,https://shorelinebrands.com/products/wake-tower-mounted-universal-bimini-extension?variant=45504199000249
2017,Mastercraft Boat Co,XT20,https://shorelinebrands.com/products/wake-tower-mounted-universal-bimini-extension?variant=45504199000249
2017,Mastercraft Boat Co,XT21,https://shorelinebrands.com/products/wake-tower-mounted-universal-bimini-extension?variant=45504199000249
2017,Mastercraft Boat Co,XT23,https://shorelinebrands.com/products/wake-tower-mounted-universal-bimini-extension?variant=45504199000249
2018,Mastercraft Boat Co,NXT20,https://shorelinebrands.com/products/wake-tower-mounted-universal-bimini-extension?variant=45504199000249
2018,Mastercraft Boat Co,NXT20GE,https://shorelinebrands.com/products/wake-tower-mounted-universal-bimini-extension?variant=45504199000249
2018,Mastercraft Boat Co,NXT22,https://shorelinebrands.com/products/wake-tower-mounted-universal-bimini-extension?variant=45504199000249
2018,Mastercraft Boat Co,PROSTAR,https://shorelinebrands.com/products/wake-tower-mounted-universal-bimini-extension?variant=45504199000249
2018,Mastercraft Boat Co,XSTAR,https://shorelinebrands.com/products/wake-tower-mounted-universal-bimini-extension?variant=45504199000249
2018,Mastercraft Boat Co,X20,https://shorelinebrands.com/products/wake-tower-mounted-universal-bimini-extension?variant=45504199000249
2018,Mastercraft Boat Co,X23,https://shorelinebrands.com/products/wake-tower-mounted-universal-bimini-extension?variant=45504199000249
2018,Mastercraft Boat Co,X46,https://shorelinebrands.com/products/wake-tower-mounted-universal-bimini-extension?variant=45504199000249
2018,Mastercraft Boat Co,X26,https://shorelinebrands.com/products/wake-tower-mounted-universal-bimini-extension?variant=45504199000249
2018,Mastercraft Boat Co,XT20,https://shorelinebrands.com/products/wake-tower-mounted-universal-bimini-extension?variant=45504199000249
2018,Mastercraft Boat Co,XT21,https://shorelinebrands.com/products/wake-tower-mounted-universal-bimini-extension?variant=45504199000249
2018,Mastercraft Boat Co,XT22,https://shorelinebrands.com/products/wake-tower-mounted-universal-bimini-extension?variant=45504199000249
2018,Mastercraft Boat Co,XT23,https://shorelinebrands.com/products/wake-tower-mounted-universal-bimini-extension?variant=45504199000249
2018,Mastercraft Boat Co,XT25,https://shorelinebrands.com/products/wake-tower-mounted-universal-bimini-extension?variant=45504199000249
2019,Mastercraft Boat Co,NXT20,https://shorelinebrands.com/products/wake-tower-mounted-universal-bimini-extension?variant=45504199000249
2019,Mastercraft Boat Co,NXT22,https://shorelinebrands.com/products/wake-tower-mounted-universal-bimini-extension?variant=45504199000249
2019,Mastercraft Boat Co,PROSTAR,https://shorelinebrands.com/products/wake-tower-mounted-universal-bimini-extension?variant=45504199000249
2019,Mastercraft Boat Co,XSTAR,https://shorelinebrands.com/products/wake-tower-mounted-universal-bimini-extension?variant=45504199000249
2019,Mastercraft Boat Co,X22,https://shorelinebrands.com/products/wake-tower-mounted-universal-bimini-extension?variant=45504199000249
2019,Mastercraft Boat Co,X24,https://shorelinebrands.com/products/wake-tower-mounted-universal-bimini-extension?variant=45504199000249
2019,Mastercraft Boat Co,X26,https://shorelinebrands.com/products/wake-tower-mounted-universal-bimini-extension?variant=45504199000249
2019,Mastercraft Boat Co,XT20,https://shorelinebrands.com/products/wake-tower-mounted-universal-bimini-extension?variant=45504199000249
2019,Mastercraft Boat Co,XT21,https://shorelinebrands.com/products/wake-tower-mounted-universal-bimini-extension?variant=45504199000249
2019,Mastercraft Boat Co,XT22,https://shorelinebrands.com/products/wake-tower-mounted-universal-bimini-extension?variant=45504199000249
2019,Mastercraft Boat Co,XT23,https://shorelinebrands.com/products/wake-tower-mounted-universal-bimini-extension?variant=45504199000249
2019,Mastercraft Boat Co,XT25,https://shorelinebrands.com/products/wake-tower-mounted-universal-bimini-extension?variant=45504199000249
2020,Mastercraft Boat Co,NXT20,https://shorelinebrands.com/products/wake-tower-mounted-universal-bimini-extension?variant=45504199000249
2020,Mastercraft Boat Co,NXT22,https://shorelinebrands.com/products/wake-tower-mounted-universal-bimini-extension?variant=45504199000249
2020,Mastercraft Boat Co,PROSTAR,https://shorelinebrands.com/products/wake-tower-mounted-universal-bimini-extension?variant=45504199000249
2020,Mastercraft Boat Co,XSTAR,https://shorelinebrands.com/products/wake-tower-mounted-universal-bimini-extension?variant=45504199000249
2020,Mastercraft Boat Co,X22,https://shorelinebrands.com/products/wake-tower-mounted-universal-bimini-extension?variant=45504199000249
2020,Mastercraft Boat Co,X24,https://shorelinebrands.com/products/wake-tower-mounted-universal-bimini-extension?variant=45504199000249
2020,Mastercraft Boat Co,X26,https://shorelinebrands.com/products/wake-tower-mounted-universal-bimini-extension?variant=45504199000249
2020,Mastercraft Boat Co,XT20,https://shorelinebrands.com/products/wake-tower-mounted-universal-bimini-extension?variant=45504199000249
2020,Mastercraft Boat Co,XT21,https://shorelinebrands.com/products/wake-tower-mounted-universal-bimini-extension?variant=45504199000249
2020,Mastercraft Boat Co,XT22,https://shorelinebrands.com/products/wake-tower-mounted-universal-bimini-extension?variant=45504199000249
2020,Mastercraft Boat Co,XT23,https://shorelinebrands.com/products/wake-tower-mounted-universal-bimini-extension?variant=45504199000249
2020,Mastercraft Boat Co,XT25,https://shorelinebrands.com/products/wake-tower-mounted-universal-bimini-extension?variant=45504199000249
2021,Mastercraft Boat Co,NXT20,https://shorelinebrands.com/products/wake-tower-mounted-universal-bimini-extension?variant=45504199000249
2021,Mastercraft Boat Co,NXT22,https://shorelinebrands.com/products/wake-tower-mounted-universal-bimini-extension?variant=45504199000249
2021,Mastercraft Boat Co,NXT24,https://shorelinebrands.com/products/wake-tower-mounted-universal-bimini-extension?variant=45504199000249
2021,Mastercraft Boat Co,PROSTAR,https://shorelinebrands.com/products/wake-tower-mounted-universal-bimini-extension?variant=45504199000249
2021,Mastercraft Boat Co,XSTAR,https://shorelinebrands.com/products/wake-tower-mounted-universal-bimini-extension?variant=45504199000249
2021,Mastercraft Boat Co,X22,https://shorelinebrands.com/products/wake-tower-mounted-universal-bimini-extension?variant=45504199000249
2021,Mastercraft Boat Co,X24,https://shorelinebrands.com/products/wake-tower-mounted-universal-bimini-extension?variant=45504199000249
2021,Mastercraft Boat Co,X26,https://shorelinebrands.com/products/wake-tower-mounted-universal-bimini-extension?variant=45504199000249
2021,Mastercraft Boat Co,XT20,https://shorelinebrands.com/products/wake-tower-mounted-universal-bimini-extension?variant=45504199000249
2021,Mastercraft Boat Co,XT21,https://shorelinebrands.com/products/wake-tower-mounted-universal-bimini-extension?variant=45504199000249
2021,Mastercraft Boat Co,XT22,https://shorelinebrands.com/products/wake-tower-mounted-universal-bimini-extension?variant=45504199000249
2021,Mastercraft Boat Co,XT23,https://shorelinebrands.com/products/wake-tower-mounted-universal-bimini-extension?variant=45504199000249
2021,Mastercraft Boat Co,XT25,https://shorelinebrands.com/products/wake-tower-mounted-universal-bimini-extension?variant=45504199000249
2022,Mastercraft Boat Co,NXT20,https://shorelinebrands.com/products/wake-tower-mounted-universal-bimini-extension?variant=45504199000249
2022,Mastercraft Boat Co,NXT22,https://shorelinebrands.com/products/wake-tower-mounted-universal-bimini-extension?variant=45504199000249
2022,Mastercraft Boat Co,NXT24,https://shorelinebrands.com/products/wake-tower-mounted-universal-bimini-extension?variant=45504199000249
2022,Mastercraft Boat Co,PROSTAR,https://shorelinebrands.com/products/wake-tower-mounted-universal-bimini-extension?variant=45504199000249
2022,Mastercraft Boat Co,XSTAR,https://shorelinebrands.com/products/wake-tower-mounted-universal-bimini-extension?variant=45504199000249
2022,Mastercraft Boat Co,XSTAR S,https://shorelinebrands.com/products/wake-tower-mounted-universal-bimini-extension?variant=45504199000249
2022,Mastercraft Boat Co,X22,https://shorelinebrands.com/products/wake-tower-mounted-universal-bimini-extension?variant=45504199000249
2022,Mastercraft Boat Co,X24,https://shorelinebrands.com/products/wake-tower-mounted-universal-bimini-extension?variant=45504199000249
2022,Mastercraft Boat Co,X26,https://shorelinebrands.com/products/wake-tower-mounted-universal-bimini-extension?variant=45504199000249
2022,Mastercraft Boat Co,XT20,https://shorelinebrands.com/products/wake-tower-mounted-universal-bimini-extension?variant=45504199000249
2022,Mastercraft Boat Co,XT21,https://shorelinebrands.com/products/wake-tower-mounted-universal-bimini-extension?variant=45504199000249
2022,Mastercraft Boat Co,XT22,https://shorelinebrands.com/products/wake-tower-mounted-universal-bimini-extension?variant=45504199000249
2022,Mastercraft Boat Co,XT23,https://shorelinebrands.com/products/wake-tower-mounted-universal-bimini-extension?variant=45504199000249
2022,Mastercraft Boat Co,XT24,https://shorelinebrands.com/products/wake-tower-mounted-universal-bimini-extension?variant=45504199000249
2022,Mastercraft Boat Co,XT25,https://shorelinebrands.com/products/wake-tower-mounted-universal-bimini-extension?variant=45504199000249
2023,Mastercraft Boat Co,NXT20,https://shorelinebrands.com/products/wake-tower-mounted-universal-bimini-extension?variant=45504199000249
2023,Mastercraft Boat Co,NXT21,https://shorelinebrands.com/products/wake-tower-mounted-universal-bimini-extension?variant=45504199000249
2023,Mastercraft Boat Co,NXT22,https://shorelinebrands.com/products/wake-tower-mounted-universal-bimini-extension?variant=45504199000249
2023,Mastercraft Boat Co,NXT23,https://shorelinebrands.com/products/wake-tower-mounted-universal-bimini-extension?variant=45504199000249
2023,Mastercraft Boat Co,NXT24,https://shorelinebrands.com/products/wake-tower-mounted-universal-bimini-extension?variant=45504199000249
2023,Mastercraft Boat Co,PROSTAR,https://shorelinebrands.com/products/wake-tower-mounted-universal-bimini-extension?variant=45504199000249
2023,Mastercraft Boat Co,XSTAR,https://shorelinebrands.com/products/wake-tower-mounted-universal-bimini-extension?variant=45504199000249
2023,Mastercraft Boat Co,XSTAR S,https://shorelinebrands.com/products/wake-tower-mounted-universal-bimini-extension?variant=45504199000249
2023,Mastercraft Boat Co,X22,https://shorelinebrands.com/products/wake-tower-mounted-universal-bimini-extension?variant=45504199000249
2023,Mastercraft Boat Co,X24,https://shorelinebrands.com/products/wake-tower-mounted-universal-bimini-extension?variant=45504199000249
2023,Mastercraft Boat Co,X26,https://shorelinebrands.com/products/wake-tower-mounted-universal-bimini-extension?variant=45504199000249
2023,Mastercraft Boat Co,XT20,https://shorelinebrands.com/products/wake-tower-mounted-universal-bimini-extension?variant=45504199000249
2023,Mastercraft Boat Co,XT22,https://shorelinebrands.com/products/wake-tower-mounted-universal-bimini-extension?variant=45504199000249
2023,Mastercraft Boat Co,XT22 T,https://shorelinebrands.com/products/wake-tower-mounted-universal-bimini-extension?variant=45504199000249
2023,Mastercraft Boat Co,XT23,https://shorelinebrands.com/products/wake-tower-mounted-universal-bimini-extension?variant=45504199000249
2023,Mastercraft Boat Co,XT24,https://shorelinebrands.com/products/wake-tower-mounted-universal-bimini-extension?variant=45504199000249
2024,Mastercraft Boat Co,NXT20,https://shorelinebrands.com/products/wake-tower-mounted-universal-bimini-extension?variant=45504199000249
2024,Mastercraft Boat Co,NXT21,https://shorelinebrands.com/products/wake-tower-mounted-universal-bimini-extension?variant=45504199000249
2024,Mastercraft Boat Co,NXT22,https://shorelinebrands.com/products/wake-tower-mounted-universal-bimini-extension?variant=45504199000249
2024,Mastercraft Boat Co,NXT23,https://shorelinebrands.com/products/wake-tower-mounted-universal-bimini-extension?variant=45504199000249
2024,Mastercraft Boat Co,NXT24,https://shorelinebrands.com/products/wake-tower-mounted-universal-bimini-extension?variant=45504199000249
2024,Mastercraft Boat Co,PROSTAR,https://shorelinebrands.com/products/wake-tower-mounted-universal-bimini-extension?variant=45504199000249
2024,Mastercraft Boat Co,XSTAR S,https://shorelinebrands.com/products/wake-tower-mounted-universal-bimini-extension?variant=45504199000249
2024,Mastercraft Boat Co,X22,https://shorelinebrands.com/products/wake-tower-mounted-universal-bimini-extension?variant=45504199000249
2024,Mastercraft Boat Co,X24,https://shorelinebrands.com/products/wake-tower-mounted-universal-bimini-extension?variant=45504199000249
2024,Mastercraft Boat Co,X26,https://shorelinebrands.com/products/wake-tower-mounted-universal-bimini-extension?variant=45504199000249
2024,Mastercraft Boat Co,XT20,https://shorelinebrands.com/products/wake-tower-mounted-universal-bimini-extension?variant=45504199000249
2024,Mastercraft Boat Co,XT22,https://shorelinebrands.com/products/wake-tower-mounted-universal-bimini-extension?variant=45504199000249
2024,Mastercraft Boat Co,XT22 T,https://shorelinebrands.com/products/wake-tower-mounted-universal-bimini-extension?variant=45504199000249
2024,Mastercraft Boat Co,XT23,https://shorelinebrands.com/products/wake-tower-mounted-universal-bimini-extension?variant=45504199000249
2024,Mastercraft Boat Co,XT24,https://shorelinebrands.com/products/wake-tower-mounted-universal-bimini-extension?variant=45504199000249
2024,Mastercraft Boat Co,XT25,https://shorelinebrands.com/products/wake-tower-mounted-universal-bimini-extension?variant=45504199000249
2025,Mastercraft Boat Co,NXT20,https://shorelinebrands.com/products/wake-tower-mounted-universal-bimini-extension?variant=45504199000249
2025,Mastercraft Boat Co,NXT21,https://shorelinebrands.com/products/wake-tower-mounted-universal-bimini-extension?variant=45504199000249
2025,Mastercraft Boat Co,NXT22,https://shorelinebrands.com/products/wake-tower-mounted-universal-bimini-extension?variant=45504199000249
2025,Mastercraft Boat Co,NXT23,https://shorelinebrands.com/products/wake-tower-mounted-universal-bimini-extension?variant=45504199000249
2025,Mastercraft Boat Co,NXT24,https://shorelinebrands.com/products/wake-tower-mounted-universal-bimini-extension?variant=45504199000249
2025,Mastercraft Boat Co,PROSTAR,https://shorelinebrands.com/products/wake-tower-mounted-universal-bimini-extension?variant=45504199000249
2025,Mastercraft Boat Co,XSTAR S,https://shorelinebrands.com/products/wake-tower-mounted-universal-bimini-extension?variant=45504199000249
2025,Mastercraft Boat Co,X22,https://shorelinebrands.com/products/wake-tower-mounted-universal-bimini-extension?variant=45504199000249
2025,Mastercraft Boat Co,X24,https://shorelinebrands.com/products/wake-tower-mounted-universal-bimini-extension?variant=45504199000249
2025,Mastercraft Boat Co,X26,https://shorelinebrands.com/products/wake-tower-mounted-universal-bimini-extension?variant=45504199000249
2025,Mastercraft Boat Co,XT20,https://shorelinebrands.com/products/wake-tower-mounted-universal-bimini-extension?variant=45504199000249
2025,Mastercraft Boat Co,XT22,https://shorelinebrands.com/products/wake-tower-mounted-universal-bimini-extension?variant=45504199000249
2025,Mastercraft Boat Co,XT22 T,https://shorelinebrands.com/products/wake-tower-mounted-universal-bimini-extension?variant=45504199000249
2025,Mastercraft Boat Co,XT23,https://shorelinebrands.com/products/wake-tower-mounted-universal-bimini-extension?variant=45504199000249
2025,Mastercraft Boat Co,XT24,https://shorelinebrands.com/products/wake-tower-mounted-universal-bimini-extension?variant=45504199000249
2025,Mastercraft Boat Co,XT25,https://shorelinebrands.com/products/wake-tower-mounted-universal-bimini-extension?variant=45504199000249
2026,Mastercraft Boat Co,NXT20,https://shorelinebrands.com/products/wake-tower-mounted-universal-bimini-extension?variant=45504199000249
2026,Mastercraft Boat Co,NXT21,https://shorelinebrands.com/products/wake-tower-mounted-universal-bimini-extension?variant=45504199000249
2026,Mastercraft Boat Co,NXT22,https://shorelinebrands.com/products/wake-tower-mounted-universal-bimini-extension?variant=45504199000249
2026,Mastercraft Boat Co,NXT23,https://shorelinebrands.com/products/wake-tower-mounted-universal-bimini-extension?variant=45504199000249
2026,Mastercraft Boat Co,NXT24,https://shorelinebrands.com/products/wake-tower-mounted-universal-bimini-extension?variant=45504199000249
2026,Mastercraft Boat Co,X24,https://shorelinebrands.com/products/wake-tower-mounted-universal-bimini-extension?variant=45504199000249
2026,Mastercraft Boat Co,XT22,https://shorelinebrands.com/products/wake-tower-mounted-universal-bimini-extension?variant=45504199000249
2026,Mastercraft Boat Co,XT23,https://shorelinebrands.com/products/wake-tower-mounted-universal-bimini-extension?variant=45504199000249
2026,Mastercraft Boat Co,XT24,https://shorelinebrands.com/products/wake-tower-mounted-universal-bimini-extension?variant=45504199000249
2026,Mastercraft Boat Co,XT25,https://shorelinebrands.com/products/wake-tower-mounted-universal-bimini-extension?variant=45504199000249
2026,Mastercraft Boat Co,XSTAR,
2000,Mb Sports,BOSS 190,https://shorelinebrands.com/products/wake-tower-mounted-universal-bimini-extension?variant=45504199000249
2000,Mb Sports,B-52,https://shorelinebrands.com/products/wake-tower-mounted-universal-bimini-extension?variant=45504199000249
2000,Mb Sports,BOSS 210,https://shorelinebrands.com/products/wake-tower-mounted-universal-bimini-extension?variant=45504199000249
2000,Mb Sports,SPORT,https://shorelinebrands.com/products/wake-tower-mounted-universal-bimini-extension?variant=45504199000249
2001,Mb Sports,BOSS 190,https://shorelinebrands.com/products/wake-tower-mounted-universal-bimini-extension?variant=45504199000249
2001,Mb Sports,B-52,https://shorelinebrands.com/products/wake-tower-mounted-universal-bimini-extension?variant=45504199000249
2001,Mb Sports,SPORT 220,https://shorelinebrands.com/products/wake-tower-mounted-universal-bimini-extension?variant=45504199000249
2002,Mb Sports,BOSS 190,https://shorelinebrands.com/products/wake-tower-mounted-universal-bimini-extension?variant=45504199000249
2002,Mb Sports,B-52,https://shorelinebrands.com/products/wake-tower-mounted-universal-bimini-extension?variant=45504199000249
2002,Mb Sports,SPORT 220,https://shorelinebrands.com/products/wake-tower-mounted-universal-bimini-extension?variant=45504199000249
2003,Mb Sports,BOSS 190,https://shorelinebrands.com/products/wake-tower-mounted-universal-bimini-extension?variant=45504199000249
2003,Mb Sports,B-52 VX2,https://shorelinebrands.com/products/wake-tower-mounted-universal-bimini-extension?variant=45504199000249
2003,Mb Sports,B-52,https://shorelinebrands.com/products/wake-tower-mounted-universal-bimini-extension?variant=45504199000249
2003,Mb Sports,SPORT 220,https://shorelinebrands.com/products/wake-tower-mounted-universal-bimini-extension?variant=45504199000249
2004,Mb Sports,BOSS 190,https://shorelinebrands.com/products/wake-tower-mounted-universal-bimini-extension?variant=45504199000249
2004,Mb Sports,B-52 V,https://shorelinebrands.com/products/wake-tower-mounted-universal-bimini-extension?variant=45504199000249
2004,Mb Sports,B-52 V3,https://shorelinebrands.com/products/wake-tower-mounted-universal-bimini-extension?variant=45504199000249
2004,Mb Sports,SPORT 220 V,https://shorelinebrands.com/products/wake-tower-mounted-universal-bimini-extension?variant=45504199000249
2004,Mb Sports,SPORT 220,https://shorelinebrands.com/products/wake-tower-mounted-universal-bimini-extension?variant=45504199000249
2005,Mb Sports,BOSS 190,https://shorelinebrands.com/products/wake-tower-mounted-universal-bimini-extension?variant=45504199000249
2005,Mb Sports,B-52 V,https://shorelinebrands.com/products/wake-tower-mounted-universal-bimini-extension?variant=45504199000249
2005,Mb Sports,B-52 V3,https://shorelinebrands.com/products/wake-tower-mounted-universal-bimini-extension?variant=45504199000249
2005,Mb Sports,SPORT 220 V,https://shorelinebrands.com/products/wake-tower-mounted-universal-bimini-extension?variant=45504199000249
2005,Mb Sports,SPORT 220,https://shorelinebrands.com/products/wake-tower-mounted-universal-bimini-extension?variant=45504199000249
2005,Mb Sports,B-52 V230,https://shorelinebrands.com/products/wake-tower-mounted-universal-bimini-extension?variant=45504199000249
2005,Mb Sports,SPORT 230 V,https://shorelinebrands.com/products/wake-tower-mounted-universal-bimini-extension?variant=45504199000249
2006,Mb Sports,BOSS 190,https://shorelinebrands.com/products/wake-tower-mounted-universal-bimini-extension?variant=45504199000249
2006,Mb Sports,B-52 V,https://shorelinebrands.com/products/wake-tower-mounted-universal-bimini-extension?variant=45504199000249
2006,Mb Sports,B-52 V3,https://shorelinebrands.com/products/wake-tower-mounted-universal-bimini-extension?variant=45504199000249
2006,Mb Sports,SPORT 220 V,https://shorelinebrands.com/products/wake-tower-mounted-universal-bimini-extension?variant=45504199000249
2006,Mb Sports,SPORT 220,https://shorelinebrands.com/products/wake-tower-mounted-universal-bimini-extension?variant=45504199000249
2006,Mb Sports,B-52 V230,https://shorelinebrands.com/products/wake-tower-mounted-universal-bimini-extension?variant=45504199000249
2006,Mb Sports,SPORT 230 V,https://shorelinebrands.com/products/wake-tower-mounted-universal-bimini-extension?variant=45504199000249
2006,Mb Sports,24V SPORT DECK,https://shorelinebrands.com/products/wake-tower-mounted-universal-bimini-extension?variant=45504199000249
2007,Mb Sports,BOSS 190,https://shorelinebrands.com/products/wake-tower-mounted-universal-bimini-extension?variant=45504199000249
2007,Mb Sports,B-52 V,https://shorelinebrands.com/products/wake-tower-mounted-universal-bimini-extension?variant=45504199000249
2007,Mb Sports,SPORT 220 V,https://shorelinebrands.com/products/wake-tower-mounted-universal-bimini-extension?variant=45504199000249
2007,Mb Sports,SPORT 220,https://shorelinebrands.com/products/wake-tower-mounted-universal-bimini-extension?variant=45504199000249
2007,Mb Sports,B-52 V230,https://shorelinebrands.com/products/wake-tower-mounted-universal-bimini-extension?variant=45504199000249
2007,Mb Sports,B-52 V3,https://shorelinebrands.com/products/wake-tower-mounted-universal-bimini-extension?variant=45504199000249
2007,Mb Sports,SPORT 230 V,https://shorelinebrands.com/products/wake-tower-mounted-universal-bimini-extension?variant=45504199000249
2007,Mb Sports,24V SPORT DECK,https://shorelinebrands.com/products/wake-tower-mounted-universal-bimini-extension?variant=45504199000249
2007,Mb Sports,F-23 TOM CAT,https://shorelinebrands.com/products/wake-tower-mounted-universal-bimini-extension?variant=45504199000249
2008,Mb Sports,BOSS 190,https://shorelinebrands.com/products/wake-tower-mounted-universal-bimini-extension?variant=45504199000249
2008,Mb Sports,190,https://shorelinebrands.com/products/wake-tower-mounted-universal-bimini-extension?variant=45504199000249
2008,Mb Sports,220 V,https://shorelinebrands.com/products/wake-tower-mounted-universal-bimini-extension?variant=45504199000249
2008,Mb Sports,B-52 V,https://shorelinebrands.com/products/wake-tower-mounted-universal-bimini-extension?variant=45504199000249
2008,Mb Sports,SPORT 220,https://shorelinebrands.com/products/wake-tower-mounted-universal-bimini-extension?variant=45504199000249
2008,Mb Sports,B-52 V23,https://shorelinebrands.com/products/wake-tower-mounted-universal-bimini-extension?variant=45504199000249
2008,Mb Sports,240V SPORT DECK,https://shorelinebrands.com/products/wake-tower-mounted-universal-bimini-extension?variant=45504199000249
2008,Mb Sports,F-23 TOM CAT,https://shorelinebrands.com/products/wake-tower-mounted-universal-bimini-extension?variant=45504199000249
2009,Mb Sports,BOSS 190,https://shorelinebrands.com/products/wake-tower-mounted-universal-bimini-extension?variant=45504199000249
2009,Mb Sports,190,https://shorelinebrands.com/products/wake-tower-mounted-universal-bimini-extension?variant=45504199000249
2009,Mb Sports,220 V,https://shorelinebrands.com/products/wake-tower-mounted-universal-bimini-extension?variant=45504199000249
2009,Mb Sports,B-52 V,https://shorelinebrands.com/products/wake-tower-mounted-universal-bimini-extension?variant=45504199000249
2009,Mb Sports,F-21 TOM CAT,https://shorelinebrands.com/products/wake-tower-mounted-universal-bimini-extension?variant=45504199000249
2009,Mb Sports,SPORT 220,https://shorelinebrands.com/products/wake-tower-mounted-universal-bimini-extension?variant=45504199000249
2009,Mb Sports,B-52 V23,https://shorelinebrands.com/products/wake-tower-mounted-universal-bimini-extension?variant=45504199000249
2009,Mb Sports,240V SPORT DECK,https://shorelinebrands.com/products/wake-tower-mounted-universal-bimini-extension?variant=45504199000249
2009,Mb Sports,F-23 TOM CAT,https://shorelinebrands.com/products/wake-tower-mounted-universal-bimini-extension?variant=45504199000249
2010,Mb Sports,BOSS 190,https://shorelinebrands.com/products/wake-tower-mounted-universal-bimini-extension?variant=45504199000249
2010,Mb Sports,190,https://shorelinebrands.com/products/wake-tower-mounted-universal-bimini-extension?variant=45504199000249
2010,Mb Sports,220 V,https://shorelinebrands.com/products/wake-tower-mounted-universal-bimini-extension?variant=45504199000249
2010,Mb Sports,B-52 V,https://shorelinebrands.com/products/wake-tower-mounted-universal-bimini-extension?variant=45504199000249
2010,Mb Sports,F-21 TOM CAT,https://shorelinebrands.com/products/wake-tower-mounted-universal-bimini-extension?variant=45504199000249
2010,Mb Sports,SPORT 220,https://shorelinebrands.com/products/wake-tower-mounted-universal-bimini-extension?variant=45504199000249
2010,Mb Sports,B-52 V23,https://shorelinebrands.com/products/wake-tower-mounted-universal-bimini-extension?variant=45504199000249
2010,Mb Sports,240V SPORT DECK,https://shorelinebrands.com/products/wake-tower-mounted-universal-bimini-extension?variant=45504199000249
2010,Mb Sports,F-23 TOM CAT,https://shorelinebrands.com/products/wake-tower-mounted-universal-bimini-extension?variant=45504199000249
2011,Mb Sports,B-52 V,https://shorelinebrands.com/products/wake-tower-mounted-universal-bimini-extension?variant=45504199000249
2011,Mb Sports,F-21 TOM CAT,https://shorelinebrands.com/products/wake-tower-mounted-universal-bimini-extension?variant=45504199000249
2011,Mb Sports,B-52 V23,https://shorelinebrands.com/products/wake-tower-mounted-universal-bimini-extension?variant=45504199000249
2011,Mb Sports,F-23 TOM CAT,https://shorelinebrands.com/products/wake-tower-mounted-universal-bimini-extension?variant=45504199000249
2012,Mb Sports,B-52 V,https://shorelinebrands.com/products/wake-tower-mounted-universal-bimini-extension?variant=45504199000249
2012,Mb Sports,F-21 TOM CAT,https://shorelinebrands.com/products/wake-tower-mounted-universal-bimini-extension?variant=45504199000249
2012,Mb Sports,B-52 V23,https://shorelinebrands.com/products/wake-tower-mounted-universal-bimini-extension?variant=45504199000249
2012,Mb Sports,F-23 TOM CAT,https://shorelinebrands.com/products/wake-tower-mounted-universal-bimini-extension?variant=45504199000249
2013,Mb Sports,B-52 V,https://shorelinebrands.com/products/wake-tower-mounted-universal-bimini-extension?variant=45504199000249
2013,Mb Sports,F-21 TOM CAT,https://shorelinebrands.com/products/wake-tower-mounted-universal-bimini-extension?variant=45504199000249
2013,Mb Sports,B-52 V23,https://shorelinebrands.com/products/wake-tower-mounted-universal-bimini-extension?variant=45504199000249
2013,Mb Sports,F-24 TOM CAT,https://shorelinebrands.com/products/wake-tower-mounted-universal-bimini-extension?variant=45504199000249
2014,Mb Sports,B-52 21,https://shorelinebrands.com/products/wake-tower-mounted-universal-bimini-extension?variant=45504199000249
2014,Mb Sports,F-21 TOMCAT,https://shorelinebrands.com/products/wake-tower-mounted-universal-bimini-extension?variant=45504199000249
2014,Mb Sports,F-22 TOMCAT,https://shorelinebrands.com/products/wake-tower-mounted-universal-bimini-extension?variant=45504199000249
2014,Mb Sports,B-52 23,https://shorelinebrands.com/products/wake-tower-mounted-universal-bimini-extension?variant=45504199000249
2014,Mb Sports,F-24 TOMCAT,https://shorelinebrands.com/products/wake-tower-mounted-universal-bimini-extension?variant=45504199000249
2015,Mb Sports,B52 21,https://shorelinebrands.com/products/wake-tower-mounted-universal-bimini-extension?variant=45504199000249
2015,Mb Sports,B52 23,https://shorelinebrands.com/products/wake-tower-mounted-universal-bimini-extension?variant=45504199000249
2015,Mb Sports,F21 TOMCAT,https://shorelinebrands.com/products/wake-tower-mounted-universal-bimini-extension?variant=45504199000249
2015,Mb Sports,F22 TOMCAT,https://shorelinebrands.com/products/wake-tower-mounted-universal-bimini-extension?variant=45504199000249
2015,Mb Sports,F24 TOMCAT,https://shorelinebrands.com/products/wake-tower-mounted-universal-bimini-extension?variant=45504199000249
2016,Mb Sports,B52 21,https://shorelinebrands.com/products/wake-tower-mounted-universal-bimini-extension?variant=45504199000249
2016,Mb Sports,B52 23,https://shorelinebrands.com/products/wake-tower-mounted-universal-bimini-extension?variant=45504199000249
2016,Mb Sports,F21 TOMCAT,https://shorelinebrands.com/products/wake-tower-mounted-universal-bimini-extension?variant=45504199000249
2016,Mb Sports,F22 TOMCAT,https://shorelinebrands.com/products/wake-tower-mounted-universal-bimini-extension?variant=45504199000249
2016,Mb Sports,F24 TOMCAT,https://shorelinebrands.com/products/wake-tower-mounted-universal-bimini-extension?variant=45504199000249
2017,Mb Sports,B52 21,https://shorelinebrands.com/products/2017-2025-mb-boats-bimini-shade-extension-kit?variant=45345971241145
2017,Mb Sports,B52 23,https://shorelinebrands.com/products/2017-2025-mb-boats-bimini-shade-extension-kit?variant=45345971241145
2017,Mb Sports,F21 TOMCAT,https://shorelinebrands.com/products/2017-2025-mb-boats-bimini-shade-extension-kit?variant=45345971241145
2017,Mb Sports,F22 TOMCAT,https://shorelinebrands.com/products/2017-2025-mb-boats-bimini-shade-extension-kit?variant=45345971241145
2017,Mb Sports,F24 TOMCAT,https://shorelinebrands.com/products/2017-2025-mb-boats-bimini-shade-extension-kit?variant=45345971241145
2018,Mb Sports,B52 21,https://shorelinebrands.com/products/2017-2025-mb-boats-bimini-shade-extension-kit?variant=45345971241145
2018,Mb Sports,B52 23,https://shorelinebrands.com/products/2017-2025-mb-boats-bimini-shade-extension-kit?variant=45345971241145
2018,Mb Sports,F21 TOMCAT,https://shorelinebrands.com/products/2017-2025-mb-boats-bimini-shade-extension-kit?variant=45345971241145
2018,Mb Sports,F22 TOMCAT,https://shorelinebrands.com/products/2017-2025-mb-boats-bimini-shade-extension-kit?variant=45345971241145
2018,Mb Sports,F24 TOMCAT,https://shorelinebrands.com/products/2017-2025-mb-boats-bimini-shade-extension-kit?variant=45345971241145
2019,Mb Sports,B52 21,https://shorelinebrands.com/products/2017-2025-mb-boats-bimini-shade-extension-kit?variant=45345971241145
2019,Mb Sports,B52 23,https://shorelinebrands.com/products/2017-2025-mb-boats-bimini-shade-extension-kit?variant=45345971241145
2019,Mb Sports,F21 TOMCAT,https://shorelinebrands.com/products/2017-2025-mb-boats-bimini-shade-extension-kit?variant=45345971241145
2019,Mb Sports,F22 TOMCAT,https://shorelinebrands.com/products/2017-2025-mb-boats-bimini-shade-extension-kit?variant=45345971241145
2020,Mb Sports,B52 21,https://shorelinebrands.com/products/2017-2025-mb-boats-bimini-shade-extension-kit?variant=45345971241145
2020,Mb Sports,B52 23,https://shorelinebrands.com/products/2017-2025-mb-boats-bimini-shade-extension-kit?variant=45345971241145
2020,Mb Sports,F21 TOMCAT,https://shorelinebrands.com/products/2017-2025-mb-boats-bimini-shade-extension-kit?variant=45345971241145
2020,Mb Sports,F22 TOMCAT,https://shorelinebrands.com/products/2017-2025-mb-boats-bimini-shade-extension-kit?variant=45345971241145
2021,Mb Sports,F22 TOMCAT ALPHA,https://shorelinebrands.com/products/2017-2025-mb-boats-bimini-shade-extension-kit?variant=45345971241145
2021,Mb Sports,B52 23 ALPHA,https://shorelinebrands.com/products/2017-2025-mb-boats-bimini-shade-extension-kit?variant=45345971241145
2021,Mb Sports,F24 TOMCAT ALPHA,https://shorelinebrands.com/products/2017-2025-mb-boats-bimini-shade-extension-kit?variant=45345971241145
2021,Mb Sports,B52 21,https://shorelinebrands.com/products/2017-2025-mb-boats-bimini-shade-extension-kit?variant=45345971241145
2021,Mb Sports,F21 TOMCAT,https://shorelinebrands.com/products/2017-2025-mb-boats-bimini-shade-extension-kit?variant=45345971241145
2021,Mb Sports,F22 TOMCAT,https://shorelinebrands.com/products/2017-2025-mb-boats-bimini-shade-extension-kit?variant=45345971241145
2021,Mb Sports,B52 23,https://shorelinebrands.com/products/2017-2025-mb-boats-bimini-shade-extension-kit?variant=45345971241145
2022,Mb Sports,F22 TOMCAT ALPHA,https://shorelinebrands.com/products/2017-2025-mb-boats-bimini-shade-extension-kit?variant=45345971273913
2022,Mb Sports,B52 23 ALPHA,https://shorelinebrands.com/products/2017-2025-mb-boats-bimini-shade-extension-kit?variant=45345971273913
2022,Mb Sports,F24 TOMCAT ALPHA,https://shorelinebrands.com/products/2017-2025-mb-boats-bimini-shade-extension-kit?variant=45345971273913
2022,Mb Sports,B52 21,https://shorelinebrands.com/products/2017-2025-mb-boats-bimini-shade-extension-kit?variant=45345971273913
2022,Mb Sports,F21 TOMCAT,https://shorelinebrands.com/products/2017-2025-mb-boats-bimini-shade-extension-kit?variant=45345971273913
2022,Mb Sports,F22 TOMCAT,https://shorelinebrands.com/products/2017-2025-mb-boats-bimini-shade-extension-kit?variant=45345971273913
2022,Mb Sports,B52 23,https://shorelinebrands.com/products/2017-2025-mb-boats-bimini-shade-extension-kit?variant=45345971273913
2023,Mb Sports,F22 TOMCAT ALPHA,https://shorelinebrands.com/products/2017-2025-mb-boats-bimini-shade-extension-kit?variant=45345971273913
2023,Mb Sports,B52 23 ALPHA,https://shorelinebrands.com/products/2017-2025-mb-boats-bimini-shade-extension-kit?variant=45345971273913
2023,Mb Sports,F24 TOMCAT ALPHA,https://shorelinebrands.com/products/2017-2025-mb-boats-bimini-shade-extension-kit?variant=45345971273913
2023,Mb Sports,B52 25 ALPHA,https://shorelinebrands.com/products/2017-2025-mb-boats-bimini-shade-extension-kit?variant=45345971273913
2023,Mb Sports,B52 21,https://shorelinebrands.com/products/2017-2025-mb-boats-bimini-shade-extension-kit?variant=45345971273913
2023,Mb Sports,F21 TOMCAT,https://shorelinebrands.com/products/2017-2025-mb-boats-bimini-shade-extension-kit?variant=45345971273913
2023,Mb Sports,F22 TOMCAT,https://shorelinebrands.com/products/2017-2025-mb-boats-bimini-shade-extension-kit?variant=45345971273913
2023,Mb Sports,B52 23,https://shorelinebrands.com/products/2017-2025-mb-boats-bimini-shade-extension-kit?variant=45345971273913
2024,Mb Sports,F22 TOMCAT ALPHA,https://shorelinebrands.com/products/2017-2025-mb-boats-bimini-shade-extension-kit?variant=45345971273913
2024,Mb Sports,B52 23 ALPHA,https://shorelinebrands.com/products/2017-2025-mb-boats-bimini-shade-extension-kit?variant=45345971273913
2024,Mb Sports,F24 TOMCAT ALPHA,https://shorelinebrands.com/products/2017-2025-mb-boats-bimini-shade-extension-kit?variant=45345971273913
2024,Mb Sports,B52 25 ALPHA,https://shorelinebrands.com/products/2017-2025-mb-boats-bimini-shade-extension-kit?variant=45345971273913
2025,Mb Sports,F22 TOMCAT ALPHA,https://shorelinebrands.com/products/2017-2025-mb-boats-bimini-shade-extension-kit?variant=45345971273913
2025,Mb Sports,B52 23 ALPHA,https://shorelinebrands.com/products/2017-2025-mb-boats-bimini-shade-extension-kit?variant=45345971273913
2025,Mb Sports,F24 TOMCAT ALPHA,https://shorelinebrands.com/products/2017-2025-mb-boats-bimini-shade-extension-kit?variant=45345971273913
2025,Mb Sports,B52 25 ALPHA,https://shorelinebrands.com/products/2017-2025-mb-boats-bimini-shade-extension-kit?variant=45345971273913
2026,Mb Sports,F22 TOMCAT ALPHA,https://shorelinebrands.com/products/2017-2025-mb-boats-bimini-shade-extension-kit?variant=45345971273913
2026,Mb Sports,B52 23 ALPHA,https://shorelinebrands.com/products/2017-2025-mb-boats-bimini-shade-extension-kit?variant=45345971273913
2026,Mb Sports,F24 TOMCAT ALPHA,https://shorelinebrands.com/products/2017-2025-mb-boats-bimini-shade-extension-kit?variant=45345971273913
2026,Mb Sports,B52 25 ALPHA,https://shorelinebrands.com/products/2017-2025-mb-boats-bimini-shade-extension-kit?variant=45345971273913
2000,Moomba,BOOMERANG,https://shorelinebrands.com/products/wake-tower-mounted-universal-bimini-extension?variant=45504199000249
2000,Moomba,KANGA,https://shorelinebrands.com/products/wake-tower-mounted-universal-bimini-extension?variant=45504199000249
2000,Moomba,MOBIUS,https://shorelinebrands.com/products/wake-tower-mounted-universal-bimini-extension?variant=45504199000249
2000,Moomba,OUTBACK LS,https://shorelinebrands.com/products/wake-tower-mounted-universal-bimini-extension?variant=45504199000249
2000,Moomba,OUTBACK,https://shorelinebrands.com/products/wake-tower-mounted-universal-bimini-extension?variant=45504199000249
2000,Moomba,KAMBERRA,https://shorelinebrands.com/products/wake-tower-mounted-universal-bimini-extension?variant=45504199000249
2000,Moomba,MOBIUS V,https://shorelinebrands.com/products/wake-tower-mounted-universal-bimini-extension?variant=45504199000249
2001,Moomba,KANGA,https://shorelinebrands.com/products/wake-tower-mounted-universal-bimini-extension?variant=45504199000249
2001,Moomba,MOBIUS,https://shorelinebrands.com/products/wake-tower-mounted-universal-bimini-extension?variant=45504199000249
2001,Moomba,OUTBACK LS,https://shorelinebrands.com/products/wake-tower-mounted-universal-bimini-extension?variant=45504199000249
2001,Moomba,OUTBACK,https://shorelinebrands.com/products/wake-tower-mounted-universal-bimini-extension?variant=45504199000249
2001,Moomba,KAMBERRA,https://shorelinebrands.com/products/wake-tower-mounted-universal-bimini-extension?variant=45504199000249
2001,Moomba,MOBIUS V,https://shorelinebrands.com/products/wake-tower-mounted-universal-bimini-extension?variant=45504199000249
2002,Moomba,KANGA,https://shorelinebrands.com/products/wake-tower-mounted-universal-bimini-extension?variant=45504199000249
2002,Moomba,MOBIUS LSV,https://shorelinebrands.com/products/wake-tower-mounted-universal-bimini-extension?variant=45504199000249
2002,Moomba,MOBIUS,https://shorelinebrands.com/products/wake-tower-mounted-universal-bimini-extension?variant=45504199000249
2002,Moomba,OUTBACK LS,https://shorelinebrands.com/products/wake-tower-mounted-universal-bimini-extension?variant=45504199000249
2002,Moomba,OUTBACK LSV,https://shorelinebrands.com/products/wake-tower-mounted-universal-bimini-extension?variant=45504199000249
2002,Moomba,OUTBACK,https://shorelinebrands.com/products/wake-tower-mounted-universal-bimini-extension?variant=45504199000249
2002,Moomba,KAMBERRA WALKABOUT,https://shorelinebrands.com/products/wake-tower-mounted-universal-bimini-extension?variant=45504199000249
2002,Moomba,MOBIUS V,https://shorelinebrands.com/products/wake-tower-mounted-universal-bimini-extension?variant=45504199000249
2003,Moomba,MOBIUS LSV GRAVITY PKG,https://shorelinebrands.com/products/wake-tower-mounted-universal-bimini-extension?variant=45504199000249
2003,Moomba,MOBIUS LSV,https://shorelinebrands.com/products/wake-tower-mounted-universal-bimini-extension?variant=45504199000249
2003,Moomba,MOBIUS,https://shorelinebrands.com/products/wake-tower-mounted-universal-bimini-extension?variant=45504199000249
2003,Moomba,OUTBACK LS,https://shorelinebrands.com/products/wake-tower-mounted-universal-bimini-extension?variant=45504199000249
2003,Moomba,OUTBACK LSV,https://shorelinebrands.com/products/wake-tower-mounted-universal-bimini-extension?variant=45504199000249
2003,Moomba,OUTBACK,https://shorelinebrands.com/products/wake-tower-mounted-universal-bimini-extension?variant=45504199000249
2003,Moomba,KAMBERRA WALKABOUT,https://shorelinebrands.com/products/wake-tower-mounted-universal-bimini-extension?variant=45504199000249
2003,Moomba,MOBIUS V,https://shorelinebrands.com/products/wake-tower-mounted-universal-bimini-extension?variant=45504199000249
2004,Moomba,MOBIUS LS,https://shorelinebrands.com/products/wake-tower-mounted-universal-bimini-extension?variant=45504199000249
2004,Moomba,MOBIUS LSV,https://shorelinebrands.com/products/wake-tower-mounted-universal-bimini-extension?variant=45504199000249
2004,Moomba,OUTBACK LS,https://shorelinebrands.com/products/wake-tower-mounted-universal-bimini-extension?variant=45504199000249
2004,Moomba,OUTBACK LSV,https://shorelinebrands.com/products/wake-tower-mounted-universal-bimini-extension?variant=45504199000249
2004,Moomba,OUTBACK,https://shorelinebrands.com/products/wake-tower-mounted-universal-bimini-extension?variant=45504199000249
2004,Moomba,MOBIUS XLV GRAVITY PKG,https://shorelinebrands.com/products/wake-tower-mounted-universal-bimini-extension?variant=45504199000249
2004,Moomba,MOBIUS XLV,https://shorelinebrands.com/products/wake-tower-mounted-universal-bimini-extension?variant=45504199000249
2005,Moomba,MOBIUS LS,https://shorelinebrands.com/products/wake-tower-mounted-universal-bimini-extension?variant=45504199000249
2005,Moomba,MOBIUS LSV,https://shorelinebrands.com/products/wake-tower-mounted-universal-bimini-extension?variant=45504199000249
2005,Moomba,OUTBACK LS,https://shorelinebrands.com/products/wake-tower-mounted-universal-bimini-extension?variant=45504199000249
2005,Moomba,OUTBACK LSV,https://shorelinebrands.com/products/wake-tower-mounted-universal-bimini-extension?variant=45504199000249
2005,Moomba,OUTBACK,https://shorelinebrands.com/products/wake-tower-mounted-universal-bimini-extension?variant=45504199000249
2005,Moomba,MOBIUS XLV GRAVITY PKG,https://shorelinebrands.com/products/wake-tower-mounted-universal-bimini-extension?variant=45504199000249
2005,Moomba,MOBIUS XLV,https://shorelinebrands.com/products/wake-tower-mounted-universal-bimini-extension?variant=45504199000249
2006,Moomba,OUTBACK PRFRM PKG,https://shorelinebrands.com/products/wake-tower-mounted-universal-bimini-extension?variant=45504199000249
2006,Moomba,OUTBACK V PRFRM PKG,https://shorelinebrands.com/products/wake-tower-mounted-universal-bimini-extension?variant=45504199000249
2006,Moomba,OUTBACK V WAKE PKG,https://shorelinebrands.com/products/wake-tower-mounted-universal-bimini-extension?variant=45504199000249
2006,Moomba,OUTBACK V,https://shorelinebrands.com/products/wake-tower-mounted-universal-bimini-extension?variant=45504199000249
2006,Moomba,OUTBACK WAKE PKG,https://shorelinebrands.com/products/wake-tower-mounted-universal-bimini-extension?variant=45504199000249
2006,Moomba,OUTBACK,https://shorelinebrands.com/products/wake-tower-mounted-universal-bimini-extension?variant=45504199000249
2006,Moomba,MOBIUS LS PRFRM PKG,https://shorelinebrands.com/products/wake-tower-mounted-universal-bimini-extension?variant=45504199000249
2006,Moomba,MOBIUS LS,https://shorelinebrands.com/products/wake-tower-mounted-universal-bimini-extension?variant=45504199000249
2006,Moomba,MOBIUS LSV PRFRM PKG,https://shorelinebrands.com/products/wake-tower-mounted-universal-bimini-extension?variant=45504199000249
2006,Moomba,MOBIUS LSV,https://shorelinebrands.com/products/wake-tower-mounted-universal-bimini-extension?variant=45504199000249
2006,Moomba,OUTBACK LS PRFRM PKG,https://shorelinebrands.com/products/wake-tower-mounted-universal-bimini-extension?variant=45504199000249
2006,Moomba,OUTBACK LS,https://shorelinebrands.com/products/wake-tower-mounted-universal-bimini-extension?variant=45504199000249
2006,Moomba,OUTBACK LSV PRFRM PKG,https://shorelinebrands.com/products/wake-tower-mounted-universal-bimini-extension?variant=45504199000249
2006,Moomba,OUTBACK LSV,https://shorelinebrands.com/products/wake-tower-mounted-universal-bimini-extension?variant=45504199000249
2006,Moomba,MOBIUS XLV GRAVITY PKG,https://shorelinebrands.com/products/wake-tower-mounted-universal-bimini-extension?variant=45504199000249
2006,Moomba,MOBIUS XLV PRFRM PKG,https://shorelinebrands.com/products/wake-tower-mounted-universal-bimini-extension?variant=45504199000249
2006,Moomba,MOBIUS XLV,https://shorelinebrands.com/products/wake-tower-mounted-universal-bimini-extension?variant=45504199000249
2007,Moomba,OUTBACK V WAKE PKG,https://shorelinebrands.com/products/wake-tower-mounted-universal-bimini-extension?variant=45504199000249
2007,Moomba,OUTBACK V,https://shorelinebrands.com/products/wake-tower-mounted-universal-bimini-extension?variant=45504199000249
2007,Moomba,OUTBACK WAKE PKG,https://shorelinebrands.com/products/wake-tower-mounted-universal-bimini-extension?variant=45504199000249
2007,Moomba,OUTBACK,https://shorelinebrands.com/products/wake-tower-mounted-universal-bimini-extension?variant=45504199000249
2007,Moomba,MOBIUS LS,https://shorelinebrands.com/products/wake-tower-mounted-universal-bimini-extension?variant=45504199000249
2007,Moomba,MOBIUS LSV,https://shorelinebrands.com/products/wake-tower-mounted-universal-bimini-extension?variant=45504199000249
2007,Moomba,OUTBACK LS,https://shorelinebrands.com/products/wake-tower-mounted-universal-bimini-extension?variant=45504199000249
2007,Moomba,OUTBACK LSV,https://shorelinebrands.com/products/wake-tower-mounted-universal-bimini-extension?variant=45504199000249
2007,Moomba,MOBIUS XLV GRAVITY PKG,https://shorelinebrands.com/products/wake-tower-mounted-universal-bimini-extension?variant=45504199000249
2007,Moomba,MOBIUS XLV,https://shorelinebrands.com/products/wake-tower-mounted-universal-bimini-extension?variant=45504199000249
2008,Moomba,OUTBACK V,https://shorelinebrands.com/products/wake-tower-mounted-universal-bimini-extension?variant=45504199000249
2008,Moomba,OUTBACK,https://shorelinebrands.com/products/wake-tower-mounted-universal-bimini-extension?variant=45504199000249
2008,Moomba,MOBIUS LS,https://shorelinebrands.com/products/wake-tower-mounted-universal-bimini-extension?variant=45504199000249
2008,Moomba,MOBIUS LSV,https://shorelinebrands.com/products/wake-tower-mounted-universal-bimini-extension?variant=45504199000249
2008,Moomba,MOBIUS XLV GRAVITY PKG,https://shorelinebrands.com/products/wake-tower-mounted-universal-bimini-extension?variant=45504199000249
2008,Moomba,MOBIUS XLV,https://shorelinebrands.com/products/wake-tower-mounted-universal-bimini-extension?variant=45504199000249
2009,Moomba,OUTBACK V,https://shorelinebrands.com/products/wake-tower-mounted-universal-bimini-extension?variant=45504199000249
2009,Moomba,OUTBACK,https://shorelinebrands.com/products/wake-tower-mounted-universal-bimini-extension?variant=45504199000249
2009,Moomba,MOBIUS LS,https://shorelinebrands.com/products/wake-tower-mounted-universal-bimini-extension?variant=45504199000249
2009,Moomba,MOBIUS LSV,https://shorelinebrands.com/products/wake-tower-mounted-universal-bimini-extension?variant=45504199000249
2009,Moomba,MOBIUS XLV GRAVITY PKG,https://shorelinebrands.com/products/wake-tower-mounted-universal-bimini-extension?variant=45504199000249
2009,Moomba,MOBIUS XLV,https://shorelinebrands.com/products/wake-tower-mounted-universal-bimini-extension?variant=45504199000249
2010,Moomba,OUTBACK V,https://shorelinebrands.com/products/wake-tower-mounted-universal-bimini-extension?variant=45504199000249
2010,Moomba,OUTBACK,https://shorelinebrands.com/products/wake-tower-mounted-universal-bimini-extension?variant=45504199000249
2010,Moomba,MOBIUS LS,https://shorelinebrands.com/products/wake-tower-mounted-universal-bimini-extension?variant=45504199000249
2010,Moomba,MOBIUS LSV LIQ PKG,https://shorelinebrands.com/products/wake-tower-mounted-universal-bimini-extension?variant=45504199000249
2010,Moomba,MOBIUS LSV,https://shorelinebrands.com/products/wake-tower-mounted-universal-bimini-extension?variant=45504199000249
2010,Moomba,MOBIUS XLV GRAVITY PKG,https://shorelinebrands.com/products/wake-tower-mounted-universal-bimini-extension?variant=45504199000249
2010,Moomba,MOBIUS XLV,https://shorelinebrands.com/products/wake-tower-mounted-universal-bimini-extension?variant=45504199000249
2011,Moomba,OUTBACK V,https://shorelinebrands.com/products/wake-tower-mounted-universal-bimini-extension?variant=45504199000249
2011,Moomba,OUTBACK,https://shorelinebrands.com/products/wake-tower-mounted-universal-bimini-extension?variant=45504199000249
2011,Moomba,MOBIUS LSV LIQ PKG,https://shorelinebrands.com/products/wake-tower-mounted-universal-bimini-extension?variant=45504199000249
2011,Moomba,MOBIUS LSV,https://shorelinebrands.com/products/wake-tower-mounted-universal-bimini-extension?variant=45504199000249
2011,Moomba,MOBIUS XLV GRAVITY PKG,https://shorelinebrands.com/products/wake-tower-mounted-universal-bimini-extension?variant=45504199000249
2011,Moomba,MOBIUS XLV,https://shorelinebrands.com/products/wake-tower-mounted-universal-bimini-extension?variant=45504199000249
2012,Moomba,OUTBACK V,https://shorelinebrands.com/products/wake-tower-mounted-universal-bimini-extension?variant=45504199000249
2012,Moomba,OUTBACK,https://shorelinebrands.com/products/wake-tower-mounted-universal-bimini-extension?variant=45504199000249
2012,Moomba,MOBIUS LSV LIQ PKG,https://shorelinebrands.com/products/wake-tower-mounted-universal-bimini-extension?variant=45504199000249
2012,Moomba,MOBIUS LSV,https://shorelinebrands.com/products/wake-tower-mounted-universal-bimini-extension?variant=45504199000249
2012,Moomba,MOBIUS XLV GRAVITY PKG,https://shorelinebrands.com/products/wake-tower-mounted-universal-bimini-extension?variant=45504199000249
2012,Moomba,MOBIUS XLV,https://shorelinebrands.com/products/wake-tower-mounted-universal-bimini-extension?variant=45504199000249
2012,Moomba,MOJO 2.5,https://shorelinebrands.com/products/wake-tower-mounted-universal-bimini-extension?variant=45504199000249
2013,Moomba,OUTBACK V,https://shorelinebrands.com/products/wake-tower-mounted-universal-bimini-extension?variant=45504199000249
2013,Moomba,OUTBACK,https://shorelinebrands.com/products/wake-tower-mounted-universal-bimini-extension?variant=45504199000249
2013,Moomba,MOBIUS LSV,https://shorelinebrands.com/products/wake-tower-mounted-universal-bimini-extension?variant=45504199000249
2013,Moomba,MOJO 2.5,https://shorelinebrands.com/products/wake-tower-mounted-universal-bimini-extension?variant=45504199000249
2014,Moomba,OUTBACK V,https://shorelinebrands.com/products/wake-tower-mounted-universal-bimini-extension?variant=45504199000249
2014,Moomba,MONDO,https://shorelinebrands.com/products/wake-tower-mounted-universal-bimini-extension?variant=45504199000249
2014,Moomba,MOBIUS LSV,https://shorelinebrands.com/products/wake-tower-mounted-universal-bimini-extension?variant=45504199000249
2014,Moomba,MOJO 2.5,https://shorelinebrands.com/products/wake-tower-mounted-universal-bimini-extension?variant=45504199000249
2015,Moomba,OUTBACK V,https://shorelinebrands.com/products/wake-tower-mounted-universal-bimini-extension?variant=45504199000249
2015,Moomba,MONDO,https://shorelinebrands.com/products/wake-tower-mounted-universal-bimini-extension?variant=45504199000249
2015,Moomba,MOBIUS LSV,https://shorelinebrands.com/products/wake-tower-mounted-universal-bimini-extension?variant=45504199000249
2015,Moomba,MOJO,https://shorelinebrands.com/products/wake-tower-mounted-universal-bimini-extension?variant=45504199000249
2016,Moomba,HELIX,https://shorelinebrands.com/products/wake-tower-mounted-universal-bimini-extension?variant=45504199000249
2016,Moomba,MONDO,https://shorelinebrands.com/products/wake-tower-mounted-universal-bimini-extension?variant=45504199000249
2016,Moomba,CRAZ,https://shorelinebrands.com/products/wake-tower-mounted-universal-bimini-extension?variant=45504199000249
2016,Moomba,MOJO,https://shorelinebrands.com/products/wake-tower-mounted-universal-bimini-extension?variant=45504199000249
2017,Moomba,HELIX,https://shorelinebrands.com/products/wake-tower-mounted-universal-bimini-extension?variant=45504199000249
2017,Moomba,MONDO,https://shorelinebrands.com/products/wake-tower-mounted-universal-bimini-extension?variant=45504199000249
2017,Moomba,CRAZ,https://shorelinebrands.com/products/wake-tower-mounted-universal-bimini-extension?variant=45504199000249
2017,Moomba,MOJO,https://shorelinebrands.com/products/wake-tower-mounted-universal-bimini-extension?variant=45504199000249
2018,Moomba,HELIX,https://shorelinebrands.com/products/wake-tower-mounted-universal-bimini-extension?variant=45504199000249
2018,Moomba,MONDO,https://shorelinebrands.com/products/wake-tower-mounted-universal-bimini-extension?variant=45504199000249
2018,Moomba,CRAZ,https://shorelinebrands.com/products/wake-tower-mounted-universal-bimini-extension?variant=45504199000249
2018,Moomba,MAX,https://shorelinebrands.com/products/wake-tower-mounted-universal-bimini-extension?variant=45504199000249
2018,Moomba,MOJO,https://shorelinebrands.com/products/wake-tower-mounted-universal-bimini-extension?variant=45504199000249
2018,Moomba,MOJO PRO,https://shorelinebrands.com/products/wake-tower-mounted-universal-bimini-extension?variant=45504199000249
2019,Moomba,HELIX,https://shorelinebrands.com/products/wake-tower-mounted-universal-bimini-extension?variant=45504199000249
2019,Moomba,MONDO,https://shorelinebrands.com/products/wake-tower-mounted-universal-bimini-extension?variant=45504199000249
2019,Moomba,CRAZ,https://shorelinebrands.com/products/wake-tower-mounted-universal-bimini-extension?variant=45504199000249
2019,Moomba,CRAZ PRO,https://shorelinebrands.com/products/wake-tower-mounted-universal-bimini-extension?variant=45504199000249
2019,Moomba,MAX,https://shorelinebrands.com/products/wake-tower-mounted-universal-bimini-extension?variant=45504199000249
2019,Moomba,MOJO,https://shorelinebrands.com/products/wake-tower-mounted-universal-bimini-extension?variant=45504199000249
2019,Moomba,MAKAI,https://shorelinebrands.com/products/wake-tower-mounted-universal-bimini-extension?variant=45504199000249
2020,Moomba,HELIX,https://shorelinebrands.com/products/wake-tower-mounted-universal-bimini-extension?variant=45504199000249
2020,Moomba,KAIYEN,https://shorelinebrands.com/products/wake-tower-mounted-universal-bimini-extension?variant=45504199000249
2020,Moomba,CRAZ,https://shorelinebrands.com/products/wake-tower-mounted-universal-bimini-extension?variant=45504199000249
2020,Moomba,MAX,https://shorelinebrands.com/products/wake-tower-mounted-universal-bimini-extension?variant=45504199000249
2020,Moomba,MOJO,https://shorelinebrands.com/products/wake-tower-mounted-universal-bimini-extension?variant=45504199000249
2020,Moomba,MAKAI,https://shorelinebrands.com/products/wake-tower-mounted-universal-bimini-extension?variant=45504199000249
2021,Moomba,MONDO,https://shorelinebrands.com/products/wake-tower-mounted-universal-bimini-extension?variant=45504199000249
2021,Moomba,CRAZ,https://shorelinebrands.com/products/wake-tower-mounted-universal-bimini-extension?variant=45504199000249
2021,Moomba,KAIYEN,https://shorelinebrands.com/products/wake-tower-mounted-universal-bimini-extension?variant=45504199000249
2021,Moomba,MAX,https://shorelinebrands.com/products/wake-tower-mounted-universal-bimini-extension?variant=45504199000249
2021,Moomba,MOJO,https://shorelinebrands.com/products/wake-tower-mounted-universal-bimini-extension?variant=45504199000249
2021,Moomba,MAKAI,https://shorelinebrands.com/products/wake-tower-mounted-universal-bimini-extension?variant=45504199000249
2022,Moomba,MONDO,https://shorelinebrands.com/products/wake-tower-mounted-universal-bimini-extension?variant=45504199000249
2022,Moomba,CRAZ,https://shorelinebrands.com/products/wake-tower-mounted-universal-bimini-extension?variant=45504199000249
2022,Moomba,KAIYEN,https://shorelinebrands.com/products/wake-tower-mounted-universal-bimini-extension?variant=45504199000249
2022,Moomba,MAX,https://shorelinebrands.com/products/wake-tower-mounted-universal-bimini-extension?variant=45504199000249
2022,Moomba,MOJO,https://shorelinebrands.com/products/wake-tower-mounted-universal-bimini-extension?variant=45504199000249
2022,Moomba,MAKAI,https://shorelinebrands.com/products/wake-tower-mounted-universal-bimini-extension?variant=45504199000249
2023,Moomba,MONDO,https://shorelinebrands.com/products/wake-tower-mounted-universal-bimini-extension?variant=45504199000249
2023,Moomba,CRAZ,https://shorelinebrands.com/products/wake-tower-mounted-universal-bimini-extension?variant=45504199000249
2023,Moomba,KAIYEN,https://shorelinebrands.com/products/wake-tower-mounted-universal-bimini-extension?variant=45504199000249
2023,Moomba,MAX,https://shorelinebrands.com/products/wake-tower-mounted-universal-bimini-extension?variant=45504199000249
2023,Moomba,MOJO,https://shorelinebrands.com/products/wake-tower-mounted-universal-bimini-extension?variant=45504199000249
2023,Moomba,MAKAI,https://shorelinebrands.com/products/wake-tower-mounted-universal-bimini-extension?variant=45504199000249
2024,Moomba,MONDO,https://shorelinebrands.com/products/wake-tower-mounted-universal-bimini-extension?variant=45504199000249
2024,Moomba,CRAZ,https://shorelinebrands.com/products/wake-tower-mounted-universal-bimini-extension?variant=45504199000249
2024,Moomba,KAIYEN,https://shorelinebrands.com/products/wake-tower-mounted-universal-bimini-extension?variant=45504199000249
2024,Moomba,MAX,https://shorelinebrands.com/products/wake-tower-mounted-universal-bimini-extension?variant=45504199000249
2024,Moomba,MOJO,https://shorelinebrands.com/products/wake-tower-mounted-universal-bimini-extension?variant=45504199000249
2024,Moomba,TYKON,https://shorelinebrands.com/products/wake-tower-mounted-universal-bimini-extension?variant=45504199000249
2024,Moomba,MAKAI,https://shorelinebrands.com/products/wake-tower-mounted-universal-bimini-extension?variant=45504199000249
2025,Moomba,MONDO,https://shorelinebrands.com/products/wake-tower-mounted-universal-bimini-extension?variant=45504199000249
2025,Moomba,CRAZ,https://shorelinebrands.com/products/wake-tower-mounted-universal-bimini-extension?variant=45504199000249
2025,Moomba,KAIYEN,https://shorelinebrands.com/products/wake-tower-mounted-universal-bimini-extension?variant=45504199000249
2025,Moomba,MAX,https://shorelinebrands.com/products/wake-tower-mounted-universal-bimini-extension?variant=45504199000249
2025,Moomba,MOJO,https://shorelinebrands.com/products/wake-tower-mounted-universal-bimini-extension?variant=45504199000249
2025,Moomba,TYKON,https://shorelinebrands.com/products/wake-tower-mounted-universal-bimini-extension?variant=45504199000249
2025,Moomba,MAKAI,https://shorelinebrands.com/products/wake-tower-mounted-universal-bimini-extension?variant=45504199000249
2026,Moomba,MONDO,https://shorelinebrands.com/products/wake-tower-mounted-universal-bimini-extension?variant=45504199000249
2026,Moomba,CRAZ,https://shorelinebrands.com/products/wake-tower-mounted-universal-bimini-extension?variant=45504199000249
2026,Moomba,KAIYEN,https://shorelinebrands.com/products/wake-tower-mounted-universal-bimini-extension?variant=45504199000249
2026,Moomba,MAX,https://shorelinebrands.com/products/wake-tower-mounted-universal-bimini-extension?variant=45504199000249
2026,Moomba,MOJO,https://shorelinebrands.com/products/wake-tower-mounted-universal-bimini-extension?variant=45504199000249
2026,Moomba,TYKON,https://shorelinebrands.com/products/wake-tower-mounted-universal-bimini-extension?variant=45504199000249
2026,Moomba,MAKAI,https://shorelinebrands.com/products/wake-tower-mounted-universal-bimini-extension?variant=45504199000249
2012,Nautique Boat Company Inc,SKI NAUTIQUE 200,https://shorelinebrands.com/products/wake-tower-mounted-universal-bimini-extension?variant=45504199000249
2012,Nautique Boat Company Inc,SPORT NAUTIQUE 200,https://shorelinebrands.com/products/wake-tower-mounted-universal-bimini-extension?variant=45504199000249
2012,Nautique Boat Company Inc,SUPER AIR NAUTIQUE 210,https://shorelinebrands.com/products/wake-tower-mounted-universal-bimini-extension?variant=45504199000249
2012,Nautique Boat Company Inc,SPORT NAUTIQUE 226,https://shorelinebrands.com/products/wake-tower-mounted-universal-bimini-extension?variant=45504199000249
2012,Nautique Boat Company Inc,SUPER AIR NAUTIQUE 230,https://shorelinebrands.com/products/wake-tower-mounted-universal-bimini-extension?variant=45504199000249
2013,Nautique Boat Company Inc,SKI NAUTIQUE 200,https://shorelinebrands.com/products/wake-tower-mounted-universal-bimini-extension?variant=45504199000249
2013,Nautique Boat Company Inc,SPORT NAUTIQUE 200,https://shorelinebrands.com/products/wake-tower-mounted-universal-bimini-extension?variant=45504199000249
2013,Nautique Boat Company Inc,SUPER AIR NAUTIQUE 210,https://shorelinebrands.com/products/wake-tower-mounted-universal-bimini-extension?variant=45504199000249
2013,Nautique Boat Company Inc,SPORT NAUTIQUE 226,https://shorelinebrands.com/products/wake-tower-mounted-universal-bimini-extension?variant=45504199000249
2013,Nautique Boat Company Inc,SUPER AIR NAUTIQUE 230,https://shorelinebrands.com/products/wake-tower-mounted-universal-bimini-extension?variant=45504199000249
2013,Nautique Boat Company Inc,SUPER AIR NAUTIQUE G23,https://shorelinebrands.com/products/wake-tower-mounted-universal-bimini-extension?variant=45504199000249
2013,Nautique Boat Company Inc,SUPER AIR NAUTIQUE G25,https://shorelinebrands.com/products/wake-tower-mounted-universal-bimini-extension?variant=45504199000249
2014,Nautique Boat Company Inc,SKI NAUTIQUE 200,https://shorelinebrands.com/products/wake-tower-mounted-universal-bimini-extension?variant=45504199000249
2014,Nautique Boat Company Inc,SPORT NAUTIQUE 200,https://shorelinebrands.com/products/wake-tower-mounted-universal-bimini-extension?variant=45504199000249
2014,Nautique Boat Company Inc,SUPER AIR NAUTIQUE 210,https://shorelinebrands.com/products/wake-tower-mounted-universal-bimini-extension?variant=45504199000249
2014,Nautique Boat Company Inc,SUPER AIR NAUTIQUE G21,https://shorelinebrands.com/products/wake-tower-mounted-universal-bimini-extension?variant=45504199000249
2014,Nautique Boat Company Inc,SUPER AIR NAUTIQUE 230,https://shorelinebrands.com/products/wake-tower-mounted-universal-bimini-extension?variant=45504199000249
2014,Nautique Boat Company Inc,SUPER AIR NAUTIQUE G23,https://shorelinebrands.com/products/wake-tower-mounted-universal-bimini-extension?variant=45504199000249
2014,Nautique Boat Company Inc,SUPER AIR NAUTIQUE G25,https://shorelinebrands.com/products/wake-tower-mounted-universal-bimini-extension?variant=45504199000249
2015,Nautique Boat Company Inc,SKI NAUTIQUE 200,https://shorelinebrands.com/products/wake-tower-mounted-universal-bimini-extension?variant=45504199000249
2015,Nautique Boat Company Inc,SPORT NAUTIQUE 200,https://shorelinebrands.com/products/wake-tower-mounted-universal-bimini-extension?variant=45504199000249
2015,Nautique Boat Company Inc,SUPER AIR NAUTIQUE 210,https://shorelinebrands.com/products/wake-tower-mounted-universal-bimini-extension?variant=45504199000249
2015,Nautique Boat Company Inc,SUPER AIR NAUTIQUE G21,https://shorelinebrands.com/products/wake-tower-mounted-universal-bimini-extension?variant=45504199000249
2015,Nautique Boat Company Inc,SUPER AIR NAUTIQUE 230,https://shorelinebrands.com/products/wake-tower-mounted-universal-bimini-extension?variant=45504199000249
2015,Nautique Boat Company Inc,SUPER AIR NAUTIQUE G23,https://shorelinebrands.com/products/wake-tower-mounted-universal-bimini-extension?variant=45504199000249
2015,Nautique Boat Company Inc,SUPER AIR NAUTIQUE G25,https://shorelinebrands.com/products/wake-tower-mounted-universal-bimini-extension?variant=45504199000249
2016,Nautique Boat Company Inc,SKI NAUTIQUE 200,https://shorelinebrands.com/products/wake-tower-mounted-universal-bimini-extension?variant=45504199000249
2016,Nautique Boat Company Inc,SPORT NAUTIQUE 200,https://shorelinebrands.com/products/wake-tower-mounted-universal-bimini-extension?variant=45504199000249
2016,Nautique Boat Company Inc,SUPER AIR NAUTIQUE 210,https://shorelinebrands.com/products/wake-tower-mounted-universal-bimini-extension?variant=45504199000249
2016,Nautique Boat Company Inc,SUPER AIR NAUTIQUE G21,https://shorelinebrands.com/products/wake-tower-mounted-universal-bimini-extension?variant=45504199000249
2016,Nautique Boat Company Inc,SUPER AIR NAUTIQUE 230,https://shorelinebrands.com/products/wake-tower-mounted-universal-bimini-extension?variant=45504199000249
2016,Nautique Boat Company Inc,SUPER AIR NAUTIQUE G23,https://shorelinebrands.com/products/wake-tower-mounted-universal-bimini-extension?variant=45504199000249
2016,Nautique Boat Company Inc,SUPER AIR NAUTIQUE G25,https://shorelinebrands.com/products/wake-tower-mounted-universal-bimini-extension?variant=45504199000249
2017,Nautique Boat Company Inc,SKI NAUTIQUE 200,https://shorelinebrands.com/products/wake-tower-mounted-universal-bimini-extension?variant=45504199000249
2017,Nautique Boat Company Inc,SUPER AIR NAUTIQUE GS20,https://shorelinebrands.com/products/wake-tower-mounted-universal-bimini-extension?variant=45504199000249
2017,Nautique Boat Company Inc,SUPER AIR NAUTIQUE 210,https://shorelinebrands.com/products/wake-tower-mounted-universal-bimini-extension?variant=45504199000249
2017,Nautique Boat Company Inc,SUPER AIR NAUTIQUE G21,https://shorelinebrands.com/products/wake-tower-mounted-universal-bimini-extension?variant=45504199000249
2017,Nautique Boat Company Inc,SUPER AIR NAUTIQUE GS22,https://shorelinebrands.com/products/wake-tower-mounted-universal-bimini-extension?variant=45504199000249
2017,Nautique Boat Company Inc,SUPER AIR NAUTIQUE 230,https://shorelinebrands.com/products/wake-tower-mounted-universal-bimini-extension?variant=45504199000249
2017,Nautique Boat Company Inc,SUPER AIR NAUTIQUE G23,https://shorelinebrands.com/products/wake-tower-mounted-universal-bimini-extension?variant=45504199000249
2017,Nautique Boat Company Inc,SUPER AIR NAUTIQUE G25,https://shorelinebrands.com/products/wake-tower-mounted-universal-bimini-extension?variant=45504199000249
2018,Nautique Boat Company Inc,SKI NAUTIQUE 200,https://shorelinebrands.com/products/wake-tower-mounted-universal-bimini-extension?variant=45504199000249
2018,Nautique Boat Company Inc,SUPER AIR NAUTIQUE GS20,https://shorelinebrands.com/products/wake-tower-mounted-universal-bimini-extension?variant=45504199000249
2018,Nautique Boat Company Inc,SUPER AIR NAUTIQUE 210,https://shorelinebrands.com/products/wake-tower-mounted-universal-bimini-extension?variant=45504199000249
2018,Nautique Boat Company Inc,SUPER AIR NAUTIQUE G21,https://shorelinebrands.com/products/wake-tower-mounted-universal-bimini-extension?variant=45504199000249
2018,Nautique Boat Company Inc,SUPER AIR NAUTIQUE GS22,https://shorelinebrands.com/products/wake-tower-mounted-universal-bimini-extension?variant=45504199000249
2018,Nautique Boat Company Inc,SUPER AIR NAUTIQUE 230,https://shorelinebrands.com/products/wake-tower-mounted-universal-bimini-extension?variant=45504199000249
2018,Nautique Boat Company Inc,SUPER AIR NAUTIQUE G23,https://shorelinebrands.com/products/wake-tower-mounted-universal-bimini-extension?variant=45504199000249
2018,Nautique Boat Company Inc,SUPER AIR NAUTIQUE GS24,https://shorelinebrands.com/products/wake-tower-mounted-universal-bimini-extension?variant=45504199000249
2018,Nautique Boat Company Inc,SUPER AIR NAUTIQUE G25,https://shorelinebrands.com/products/wake-tower-mounted-universal-bimini-extension?variant=45504199000249
2019,Nautique Boat Company Inc,NAUTIQ 200 W/FL TWR & SPK,https://shorelinebrands.com/products/wake-tower-mounted-universal-bimini-extension?variant=45504199000249
2019,Nautique Boat Company Inc,NAUTIQUE 200,https://shorelinebrands.com/products/wake-tower-mounted-universal-bimini-extension?variant=45504199000249
2019,Nautique Boat Company Inc,NAUTIQUE 200 W/FLIGHT TWR,https://shorelinebrands.com/products/wake-tower-mounted-universal-bimini-extension?variant=45504199000249
2019,Nautique Boat Company Inc,SKI NAUTIQUE,https://shorelinebrands.com/products/wake-tower-mounted-universal-bimini-extension?variant=45504199000249
2019,Nautique Boat Company Inc,SUPER AIR NAUTIQUE GS20,https://shorelinebrands.com/products/wake-tower-mounted-universal-bimini-extension?variant=45504199000249
2019,Nautique Boat Company Inc,SUPER AIR NAUTIQUE 210,https://shorelinebrands.com/products/wake-tower-mounted-universal-bimini-extension?variant=45504199000249
2019,Nautique Boat Company Inc,SUPER AIR NAUTIQUE G21,https://shorelinebrands.com/products/wake-tower-mounted-universal-bimini-extension?variant=45504199000249
2019,Nautique Boat Company Inc,SUPER AIR NAUTIQUE GS22,https://shorelinebrands.com/products/wake-tower-mounted-universal-bimini-extension?variant=45504199000249
2019,Nautique Boat Company Inc,SUPER AIR NAUTIQUE 230,https://shorelinebrands.com/products/wake-tower-mounted-universal-bimini-extension?variant=45504199000249
2019,Nautique Boat Company Inc,SUPER AIR NAUTIQUE G23,https://shorelinebrands.com/products/2019-2025-nautique-standard-tower-shade-sail-kit?variant=45504188285113
2019,Nautique Boat Company Inc,SUPER AIR NAUTIQUE GS24,https://shorelinebrands.com/products/wake-tower-mounted-universal-bimini-extension?variant=45504199000249
2019,Nautique Boat Company Inc,SUPER AIR NAUTIQUE G25,https://shorelinebrands.com/products/2019-2025-nautique-standard-tower-shade-sail-kit?variant=45504188285113
2020,Nautique Boat Company Inc,NAUTIQUE 200,https://shorelinebrands.com/products/wake-tower-mounted-universal-bimini-extension?variant=45504199000249
2020,Nautique Boat Company Inc,SKI NAUTIQUE,https://shorelinebrands.com/products/wake-tower-mounted-universal-bimini-extension?variant=45504199000249
2020,Nautique Boat Company Inc,SUPER AIR NAUTIQUE GS20,https://shorelinebrands.com/products/wake-tower-mounted-universal-bimini-extension?variant=45504199000249
2020,Nautique Boat Company Inc,SUPER AIR NAUTIQUE 210,https://shorelinebrands.com/products/wake-tower-mounted-universal-bimini-extension?variant=45504199000249
2020,Nautique Boat Company Inc,SUPER AIR NAUTIQUE G21,https://shorelinebrands.com/products/2019-2025-nautique-standard-tower-shade-sail-kit?variant=45504188285113
2020,Nautique Boat Company Inc,SUPER AIR NAUTIQUE GS22,https://shorelinebrands.com/products/wake-tower-mounted-universal-bimini-extension?variant=45504199000249
2020,Nautique Boat Company Inc,SUPER AIR NAUTIQUE 230,https://shorelinebrands.com/products/wake-tower-mounted-universal-bimini-extension?variant=45504199000249
2020,Nautique Boat Company Inc,SUPER AIR NAUTIQUE G23,https://shorelinebrands.com/products/2019-2025-nautique-standard-tower-shade-sail-kit?variant=45504188285113
2020,Nautique Boat Company Inc,SUPER AIR NAUTIQUE P23,https://shorelinebrands.com/products/nautique-power-tower-shade-extension?variant=45504217841849
2020,Nautique Boat Company Inc,SUPER AIR NAUTIQUE GS24,https://shorelinebrands.com/products/wake-tower-mounted-universal-bimini-extension?variant=45504199000249
2020,Nautique Boat Company Inc,SUPER AIR NAUTIQUE G25,https://shorelinebrands.com/products/2019-2025-nautique-standard-tower-shade-sail-kit?variant=45504188285113
2020,Nautique Boat Company Inc,SUPER AIR NAUTIQUE P25,https://shorelinebrands.com/products/nautique-power-tower-shade-extension?variant=45504217841849
2021,Nautique Boat Company Inc,NAUTIQUE 200,https://shorelinebrands.com/products/wake-tower-mounted-universal-bimini-extension?variant=45504199000249
2021,Nautique Boat Company Inc,SKI NAUTIQUE,https://shorelinebrands.com/products/wake-tower-mounted-universal-bimini-extension?variant=45504199000249
2021,Nautique Boat Company Inc,SUPER AIR NAUTIQUE GS20,https://shorelinebrands.com/products/wake-tower-mounted-universal-bimini-extension?variant=45504199000249
2021,Nautique Boat Company Inc,SUPER AIR NAUTIQUE 210,https://shorelinebrands.com/products/wake-tower-mounted-universal-bimini-extension?variant=45504199000249
2021,Nautique Boat Company Inc,SUPER AIR NAUTIQUE G21,https://shorelinebrands.com/products/2019-2025-nautique-standard-tower-shade-sail-kit?variant=45504188285113
2021,Nautique Boat Company Inc,SUPER AIR NAUTIQUE GS22,https://shorelinebrands.com/products/wake-tower-mounted-universal-bimini-extension?variant=45504199000249
2021,Nautique Boat Company Inc,P23 PARAGON,https://shorelinebrands.com/products/nautique-power-tower-shade-extension?variant=45504217841849
2021,Nautique Boat Company Inc,SUPER AIR NAUTIQUE 230,https://shorelinebrands.com/products/wake-tower-mounted-universal-bimini-extension?variant=45504199000249
2021,Nautique Boat Company Inc,SUPER AIR NAUTIQUE G23,https://shorelinebrands.com/products/2019-2025-nautique-standard-tower-shade-sail-kit?variant=45504188285113
2021,Nautique Boat Company Inc,SUPER AIR NAUTIQUE GS22E,https://shorelinebrands.com/products/wake-tower-mounted-universal-bimini-extension?variant=45504199000249
2021,Nautique Boat Company Inc,SUPER AIR NAUTIQUE GS24,https://shorelinebrands.com/products/wake-tower-mounted-universal-bimini-extension?variant=45504199000249
2021,Nautique Boat Company Inc,P25 PARAGON,https://shorelinebrands.com/products/nautique-power-tower-shade-extension?variant=45504217841849
2021,Nautique Boat Company Inc,SUPER AIR NAUTIQUE G25,https://shorelinebrands.com/products/2019-2025-nautique-standard-tower-shade-sail-kit?variant=45504188285113
2022,Nautique Boat Company Inc,NAUTIQUE 200,https://shorelinebrands.com/products/wake-tower-mounted-universal-bimini-extension?variant=45504199000249
2022,Nautique Boat Company Inc,SKI NAUTIQUE,https://shorelinebrands.com/products/wake-tower-mounted-universal-bimini-extension?variant=45504199000249
2022,Nautique Boat Company Inc,SUPER AIR NAUTIQUE GS20,https://shorelinebrands.com/products/wake-tower-mounted-universal-bimini-extension?variant=45504199000249
2022,Nautique Boat Company Inc,SUPER AIR NAUTIQUE S21 (w/ Telescopic Tower),https://shorelinebrands.com/products/nautique-power-tower-shade-extension?variant=45504217841849
2022,Nautique Boat Company Inc,SUPER AIR NAUTIQUE S21 (w/ Standard Tower),https://shorelinebrands.com/products/2019-2025-nautique-standard-tower-shade-sail-kit?variant=45504186253497
2022,Nautique Boat Company Inc,SUPER AIR NAUTIQUE G21 (w/ Telescopic Tower),https://shorelinebrands.com/products/nautique-power-tower-shade-extension?variant=45504217841849
2022,Nautique Boat Company Inc,SUPER AIR NAUTIQUE G21 (w/ Standard Tower),https://shorelinebrands.com/products/2019-2025-nautique-standard-tower-shade-sail-kit?variant=45504186253497
2022,Nautique Boat Company Inc,SUPER AIR NAUTIQUE GS22,https://shorelinebrands.com/products/wake-tower-mounted-universal-bimini-extension?variant=45504199000249
2022,Nautique Boat Company Inc,P23 PARAGON,https://shorelinebrands.com/products/nautique-power-tower-shade-extension?variant=45504217841849
2022,Nautique Boat Company Inc,SUPER AIR NAUTIQUE G23 (w/ Telescopic Tower),https://shorelinebrands.com/products/nautique-power-tower-shade-extension?variant=45504217841849
2022,Nautique Boat Company Inc,SUPER AIR NAUTIQUE G23 (w/ Standard Tower),https://shorelinebrands.com/products/2019-2025-nautique-standard-tower-shade-sail-kit?variant=45504186253497
2022,Nautique Boat Company Inc,SUPER AIR NAUTIQUE S23 (w/ Telescopic Tower),https://shorelinebrands.com/products/nautique-power-tower-shade-extension?variant=45504217841849
2022,Nautique Boat Company Inc,SUPER AIR NAUTIQUE S23 (w/ Standard Tower,https://shorelinebrands.com/products/2019-2025-nautique-standard-tower-shade-sail-kit?variant=45504186253497
2022,Nautique Boat Company Inc,SUPER AIR NAUTIQUE GS22E,https://shorelinebrands.com/products/wake-tower-mounted-universal-bimini-extension?variant=45504199000249
2022,Nautique Boat Company Inc,SUPER AIR NAUTIQUE GS24,https://shorelinebrands.com/products/wake-tower-mounted-universal-bimini-extension?variant=45504199000249
2022,Nautique Boat Company Inc,P25 PARAGON,https://shorelinebrands.com/products/nautique-power-tower-shade-extension?variant=45504217841849
2022,Nautique Boat Company Inc,SUPER AIR NAUTIQUE G25 (w/ Telescopic Tower),https://shorelinebrands.com/products/nautique-power-tower-shade-extension?variant=45504217841849
2022,Nautique Boat Company Inc,SUPER AIR NAUTIQUE G25 (w/ Standard Tower),https://shorelinebrands.com/products/2019-2025-nautique-standard-tower-shade-sail-kit?variant=45504186253497
2023,Nautique Boat Company Inc,NAUTIQUE 200,https://shorelinebrands.com/products/wake-tower-mounted-universal-bimini-extension?variant=45504199000249
2023,Nautique Boat Company Inc,SKI NAUTIQUE,https://shorelinebrands.com/products/wake-tower-mounted-universal-bimini-extension?variant=45504199000249
2023,Nautique Boat Company Inc,SUPER AIR NAUTIQUE GS20,https://shorelinebrands.com/products/wake-tower-mounted-universal-bimini-extension?variant=45504199000249
2023,Nautique Boat Company Inc,SUPER AIR NAUTIQUE S21 (w/ Telescopic Tower),https://shorelinebrands.com/products/nautique-power-tower-shade-extension?variant=45504217841849
2023,Nautique Boat Company Inc,SUPER AIR NAUTIQUE S21 (w/ Standard Tower),https://shorelinebrands.com/products/2019-2025-nautique-standard-tower-shade-sail-kit?variant=45504186253497
2023,Nautique Boat Company Inc,SUPER AIR NAUTIQUE G21 (w/ Telescopic Tower),https://shorelinebrands.com/products/nautique-power-tower-shade-extension?variant=45504217841849
2023,Nautique Boat Company Inc,SUPER AIR NAUTIQUE G21 (w/ Standard Tower),https://shorelinebrands.com/products/2019-2025-nautique-standard-tower-shade-sail-kit?variant=45504186253497
2023,Nautique Boat Company Inc,SUPER AIR NAUTIQUE GS22,https://shorelinebrands.com/products/wake-tower-mounted-universal-bimini-extension?variant=45504199000249
2023,Nautique Boat Company Inc,P23 PARAGON,https://shorelinebrands.com/products/nautique-power-tower-shade-extension?variant=45504217841849
2023,Nautique Boat Company Inc,SUPER AIR NAUTIQUE G23 (w/ Telescopic Tower),https://shorelinebrands.com/products/nautique-power-tower-shade-extension?variant=45504217841849
2023,Nautique Boat Company Inc,SUPER AIR NAUTIQUE G23 (w/ Standard Tower),https://shorelinebrands.com/products/2019-2025-nautique-standard-tower-shade-sail-kit?variant=45504186253497
2023,Nautique Boat Company Inc,SUPER AIR NAUTIQUE S23 (w/ Telescopic Tower),https://shorelinebrands.com/products/nautique-power-tower-shade-extension?variant=45504217841849
2023,Nautique Boat Company Inc,SUPER AIR NAUTIQUE S23 (w/ Standard Tower,https://shorelinebrands.com/products/2019-2025-nautique-standard-tower-shade-sail-kit?variant=45504186253497
2023,Nautique Boat Company Inc,P25 PARAGON,https://shorelinebrands.com/products/nautique-power-tower-shade-extension?variant=45504217841849
2023,Nautique Boat Company Inc,SUPER AIR NAUTIQUE G25 (w/ Telescopic Tower),https://shorelinebrands.com/products/nautique-power-tower-shade-extension?variant=45504217841849
2023,Nautique Boat Company Inc,SUPER AIR NAUTIQUE G25 (w/ Standard Tower),https://shorelinebrands.com/products/2019-2025-nautique-standard-tower-shade-sail-kit?variant=45504186253497
2023,Nautique Boat Company Inc,SUPER AIR NAUTIQUE S25 (w/ Telescopic Tower),https://shorelinebrands.com/products/nautique-power-tower-shade-extension?variant=45504217841849
2023,Nautique Boat Company Inc,SUPER AIR NAUTIQUE S25 (w/ Standard Tower),https://shorelinebrands.com/products/2019-2025-nautique-standard-tower-shade-sail-kit?variant=45504186253497
2024,Nautique Boat Company Inc,SUPER AIR NAUTIQUE GS22,https://shorelinebrands.com/products/2019-2025-nautique-standard-tower-shade-sail-kit?variant=45504186253497
2024,Nautique Boat Company Inc,SUPER AIR NAUTIQUE GS24,https://shorelinebrands.com/products/2019-2025-nautique-standard-tower-shade-sail-kit?variant=45504186253497
2024,Nautique Boat Company Inc,SKI NAUTIQUE,https://shorelinebrands.com/products/wake-tower-mounted-universal-bimini-extension?variant=45504199000249
2024,Nautique Boat Company Inc,SKI NAUTIQUE 200,https://shorelinebrands.com/products/wake-tower-mounted-universal-bimini-extension?variant=45504199000249
2024,Nautique Boat Company Inc,SUPER AIR NAUTIQUE S21 (w/ Telescopic Tower),https://shorelinebrands.com/products/nautique-power-tower-shade-extension?variant=45504217841849
2024,Nautique Boat Company Inc,SUPER AIR NAUTIQUE S21 (w/ Standard Tower),https://shorelinebrands.com/products/2019-2025-nautique-standard-tower-shade-sail-kit?variant=45504186253497
2024,Nautique Boat Company Inc,P23 PARAGON,https://shorelinebrands.com/products/nautique-power-tower-shade-extension?variant=45504217841849
2024,Nautique Boat Company Inc,SUPER AIR NAUTIQUE G23 (w/ Telescopic Tower),https://shorelinebrands.com/products/nautique-power-tower-shade-extension?variant=45504217841849
2024,Nautique Boat Company Inc,SUPER AIR NAUTIQUE G23 (w/ Standard Tower),https://shorelinebrands.com/products/2019-2025-nautique-standard-tower-shade-sail-kit?variant=45504186253497
2024,Nautique Boat Company Inc,SUPER AIR NAUTIQUE S23 (w/ Telescopic Tower),https://shorelinebrands.com/products/nautique-power-tower-shade-extension?variant=45504217841849
2024,Nautique Boat Company Inc,SUPER AIR NAUTIQUE S23 (w/ Standard Tower,https://shorelinebrands.com/products/2019-2025-nautique-standard-tower-shade-sail-kit?variant=45504186253497
2024,Nautique Boat Company Inc,P25 PARAGON,https://shorelinebrands.com/products/nautique-power-tower-shade-extension?variant=45504217841849
2024,Nautique Boat Company Inc,SUPER AIR NAUTIQUE G25 (w/ Telescopic Tower),https://shorelinebrands.com/products/nautique-power-tower-shade-extension?variant=45504217841849
2024,Nautique Boat Company Inc,SUPER AIR NAUTIQUE G25 (w/ Standard Tower),https://shorelinebrands.com/products/2019-2025-nautique-standard-tower-shade-sail-kit?variant=45504188285113
2024,Nautique Boat Company Inc,SUPER AIR NAUTIQUE S25 (w/ Telescopic Tower),https://shorelinebrands.com/products/nautique-power-tower-shade-extension?variant=45504217841849
2024,Nautique Boat Company Inc,SUPER AIR NAUTIQUE S25 (w/ Standard Tower),https://shorelinebrands.com/products/2019-2025-nautique-standard-tower-shade-sail-kit?variant=45504188285113
2025,Nautique Boat Company Inc,SKI NAUTIQUE,https://shorelinebrands.com/products/wake-tower-mounted-universal-bimini-extension?variant=45504199000249
2025,Nautique Boat Company Inc,SKI NAUTIQUE 200,https://shorelinebrands.com/products/wake-tower-mounted-universal-bimini-extension?variant=45504199000249
2025,Nautique Boat Company Inc,SUPER AIR NAUTIQUE S21 (w/ Telescopic Tower),https://shorelinebrands.com/products/nautique-power-tower-shade-extension?variant=45504217841849
2025,Nautique Boat Company Inc,SUPER AIR NAUTIQUE S21 (w/ Standard Tower),https://shorelinebrands.com/products/2019-2025-nautique-standard-tower-shade-sail-kit?variant=45504188285113
2025,Nautique Boat Company Inc,P23 PARAGON,https://shorelinebrands.com/products/nautique-power-tower-shade-extension?variant=45504217841849
2025,Nautique Boat Company Inc,SUPER AIR NAUTIQUE G23 (w/ Telescopic Tower),https://shorelinebrands.com/products/nautique-power-tower-shade-extension?variant=45504217841849
2025,Nautique Boat Company Inc,SUPER AIR NAUTIQUE G23 (w/ Standard Tower),https://shorelinebrands.com/products/2019-2025-nautique-standard-tower-shade-sail-kit?variant=45504188285113
2025,Nautique Boat Company Inc,SUPER AIR NAUTIQUE S23 (w/ Telescopic Tower),https://shorelinebrands.com/products/nautique-power-tower-shade-extension?variant=45504217841849
2025,Nautique Boat Company Inc,SUPER AIR NAUTIQUE S23 (w/ Standard Tower,https://shorelinebrands.com/products/2019-2025-nautique-standard-tower-shade-sail-kit?variant=45504188285113
2025,Nautique Boat Company Inc,P25 PARAGON,https://shorelinebrands.com/products/nautique-power-tower-shade-extension?variant=45504217841849
2025,Nautique Boat Company Inc,SUPER AIR NAUTIQUE G25 (w/ Telescopic Tower),https://shorelinebrands.com/products/nautique-power-tower-shade-extension?variant=45504217841849
2025,Nautique Boat Company Inc,SUPER AIR NAUTIQUE G25 (w/ Standard Tower),https://shorelinebrands.com/products/2019-2025-nautique-standard-tower-shade-sail-kit?variant=45504188285113
2025,Nautique Boat Company Inc,SUPER AIR NAUTIQUE S25 (w/ Telescopic Tower),https://shorelinebrands.com/products/nautique-power-tower-shade-extension?variant=45504217841849
2025,Nautique Boat Company Inc,SUPER AIR NAUTIQUE S25 (w/ Standard Tower),https://shorelinebrands.com/products/2019-2025-nautique-standard-tower-shade-sail-kit?variant=45504188285113
2025,Nautique Boat Company Inc,SUPER AIR NAUTIQUE GS22,https://shorelinebrands.com/products/2019-2025-nautique-standard-tower-shade-sail-kit?variant=45504188285113
2025,Nautique Boat Company Inc,SUPER AIR NAUTIQUE GS24,https://shorelinebrands.com/products/2019-2025-nautique-standard-tower-shade-sail-kit?variant=45504188285113
2026,Nautique Boat Company Inc,SKI NAUTIQUE,https://shorelinebrands.com/products/wake-tower-mounted-universal-bimini-extension?variant=45504199000249
2026,Nautique Boat Company Inc,SKI NAUTIQUE 200,https://shorelinebrands.com/products/wake-tower-mounted-universal-bimini-extension?variant=45504199000249
2026,Nautique Boat Company Inc,SUPER AIR NAUTIQUE S21 (w/ Telescopic Tower),https://shorelinebrands.com/products/nautique-power-tower-shade-extension?variant=45504217841849
2026,Nautique Boat Company Inc,SUPER AIR NAUTIQUE S21 (w/ Standard Tower),https://shorelinebrands.com/products/2019-2025-nautique-standard-tower-shade-sail-kit?variant=45504188285113
2026,Nautique Boat Company Inc,P23 PARAGON,https://shorelinebrands.com/products/nautique-power-tower-shade-extension?variant=45504217841849
2026,Nautique Boat Company Inc,SUPER AIR NAUTIQUE G23 (w/ Telescopic Tower),https://shorelinebrands.com/products/nautique-power-tower-shade-extension?variant=45504217841849
2026,Nautique Boat Company Inc,SUPER AIR NAUTIQUE G23 (w/ Standard Tower),https://shorelinebrands.com/products/2019-2025-nautique-standard-tower-shade-sail-kit?variant=45504188285113
2026,Nautique Boat Company Inc,SUPER AIR NAUTIQUE S23 (w/ Telescopic Tower),https://shorelinebrands.com/products/nautique-power-tower-shade-extension?variant=45504217841849
2026,Nautique Boat Company Inc,SUPER AIR NAUTIQUE S23 (w/ Standard Tower,https://shorelinebrands.com/products/2019-2025-nautique-standard-tower-shade-sail-kit?variant=45504188285113
2026,Nautique Boat Company Inc,P25 PARAGON,https://shorelinebrands.com/products/nautique-power-tower-shade-extension?variant=45504217841849
2026,Nautique Boat Company Inc,SUPER AIR NAUTIQUE G25 (w/ Telescopic Tower),https://shorelinebrands.com/products/nautique-power-tower-shade-extension?variant=45504217841849
2026,Nautique Boat Company Inc,SUPER AIR NAUTIQUE G25 (w/ Standard Tower),https://shorelinebrands.com/products/2019-2025-nautique-standard-tower-shade-sail-kit?variant=45504188285113
2026,Nautique Boat Company Inc,SUPER AIR NAUTIQUE S25 (w/ Telescopic Tower),https://shorelinebrands.com/products/nautique-power-tower-shade-extension?variant=45504217841849
2026,Nautique Boat Company Inc,SUPER AIR NAUTIQUE S25 (w/ Standard Tower),https://shorelinebrands.com/products/2019-2025-nautique-standard-tower-shade-sail-kit?variant=45504188285113
2026,Nautique Boat Company Inc,SUPER AIR NAUTIQUE GS22,https://shorelinebrands.com/products/2019-2025-nautique-standard-tower-shade-sail-kit?variant=45504188285113
2026,Nautique Boat Company Inc,SUPER AIR NAUTIQUE GS24,https://shorelinebrands.com/products/2019-2025-nautique-standard-tower-shade-sail-kit?variant=45504188285113
2000,Ski Supreme  Supreme Inc,19 CS,https://shorelinebrands.com/products/wake-tower-mounted-universal-bimini-extension?variant=45504199000249
2000,Ski Supreme  Supreme Inc,210 MEDALIST,https://shorelinebrands.com/products/wake-tower-mounted-universal-bimini-extension?variant=45504199000249
2000,Ski Supreme  Supreme Inc,SKY SUPREME,https://shorelinebrands.com/products/wake-tower-mounted-universal-bimini-extension?variant=45504199000249
2000,Ski Supreme  Supreme Inc,V-210 MEDALIST,https://shorelinebrands.com/products/wake-tower-mounted-universal-bimini-extension?variant=45504199000249
2000,Ski Supreme  Supreme Inc,V-SKY,https://shorelinebrands.com/products/wake-tower-mounted-universal-bimini-extension?variant=45504199000249
2001,Ski Supreme  Supreme Inc,19 CS,https://shorelinebrands.com/products/wake-tower-mounted-universal-bimini-extension?variant=45504199000249
2001,Ski Supreme  Supreme Inc,210 MEDALIST,https://shorelinebrands.com/products/wake-tower-mounted-universal-bimini-extension?variant=45504199000249
2001,Ski Supreme  Supreme Inc,SKY SUPREME,https://shorelinebrands.com/products/wake-tower-mounted-universal-bimini-extension?variant=45504199000249
2001,Ski Supreme  Supreme Inc,V-210 MEDALIST,https://shorelinebrands.com/products/wake-tower-mounted-universal-bimini-extension?variant=45504199000249
2001,Ski Supreme  Supreme Inc,V-SKY,https://shorelinebrands.com/products/wake-tower-mounted-universal-bimini-extension?variant=45504199000249
2001,Ski Supreme  Supreme Inc,220 LS,https://shorelinebrands.com/products/wake-tower-mounted-universal-bimini-extension?variant=45504199000249
2001,Ski Supreme  Supreme Inc,V 220 LS,https://shorelinebrands.com/products/wake-tower-mounted-universal-bimini-extension?variant=45504199000249
2002,Ski Supreme  Supreme Inc,19 CS,https://shorelinebrands.com/products/wake-tower-mounted-universal-bimini-extension?variant=45504199000249
2002,Ski Supreme  Supreme Inc,PRO AM,https://shorelinebrands.com/products/wake-tower-mounted-universal-bimini-extension?variant=45504199000249
2002,Ski Supreme  Supreme Inc,220 LS,https://shorelinebrands.com/products/wake-tower-mounted-universal-bimini-extension?variant=45504199000249
2002,Ski Supreme  Supreme Inc,SKY,https://shorelinebrands.com/products/wake-tower-mounted-universal-bimini-extension?variant=45504199000249
2002,Ski Supreme  Supreme Inc,V 208,https://shorelinebrands.com/products/wake-tower-mounted-universal-bimini-extension?variant=45504199000249
2002,Ski Supreme  Supreme Inc,V 208 SKY,https://shorelinebrands.com/products/wake-tower-mounted-universal-bimini-extension?variant=45504199000249
2002,Ski Supreme  Supreme Inc,V 220 LS,https://shorelinebrands.com/products/wake-tower-mounted-universal-bimini-extension?variant=45504199000249
2002,Ski Supreme  Supreme Inc,V PRO SKY,https://shorelinebrands.com/products/wake-tower-mounted-universal-bimini-extension?variant=45504199000249
2003,Ski Supreme  Supreme Inc,19 CS,https://shorelinebrands.com/products/wake-tower-mounted-universal-bimini-extension?variant=45504199000249
2003,Ski Supreme  Supreme Inc,PRO AM,https://shorelinebrands.com/products/wake-tower-mounted-universal-bimini-extension?variant=45504199000249
2003,Ski Supreme  Supreme Inc,220 SP,https://shorelinebrands.com/products/wake-tower-mounted-universal-bimini-extension?variant=45504199000249
2003,Ski Supreme  Supreme Inc,SKY,https://shorelinebrands.com/products/wake-tower-mounted-universal-bimini-extension?variant=45504199000249
2003,Ski Supreme  Supreme Inc,V 208,https://shorelinebrands.com/products/wake-tower-mounted-universal-bimini-extension?variant=45504199000249
2003,Ski Supreme  Supreme Inc,V 208 SKY,https://shorelinebrands.com/products/wake-tower-mounted-universal-bimini-extension?variant=45504199000249
2003,Ski Supreme  Supreme Inc,V 220 LS,https://shorelinebrands.com/products/wake-tower-mounted-universal-bimini-extension?variant=45504199000249
2003,Ski Supreme  Supreme Inc,V PRO SKY,https://shorelinebrands.com/products/wake-tower-mounted-universal-bimini-extension?variant=45504199000249
2004,Ski Supreme  Supreme Inc,220 SP,https://shorelinebrands.com/products/wake-tower-mounted-universal-bimini-extension?variant=45504199000249
2004,Ski Supreme  Supreme Inc,SKY,https://shorelinebrands.com/products/wake-tower-mounted-universal-bimini-extension?variant=45504199000249
2004,Ski Supreme  Supreme Inc,V 208,https://shorelinebrands.com/products/wake-tower-mounted-universal-bimini-extension?variant=45504199000249
2004,Ski Supreme  Supreme Inc,V 208 SKY,https://shorelinebrands.com/products/wake-tower-mounted-universal-bimini-extension?variant=45504199000249
2004,Ski Supreme  Supreme Inc,V 220 SKY,https://shorelinebrands.com/products/wake-tower-mounted-universal-bimini-extension?variant=45504199000249
2004,Ski Supreme  Supreme Inc,V 220 SP,https://shorelinebrands.com/products/wake-tower-mounted-universal-bimini-extension?variant=45504199000249
2004,Ski Supreme  Supreme Inc,V 230,https://shorelinebrands.com/products/wake-tower-mounted-universal-bimini-extension?variant=45504199000249
2004,Ski Supreme  Supreme Inc,V 230 SKY,https://shorelinebrands.com/products/wake-tower-mounted-universal-bimini-extension?variant=45504199000249
2005,Ski Supreme  Supreme Inc,220 SP,https://shorelinebrands.com/products/wake-tower-mounted-universal-bimini-extension?variant=45504199000249
2005,Ski Supreme  Supreme Inc,SKY,https://shorelinebrands.com/products/wake-tower-mounted-universal-bimini-extension?variant=45504199000249
2005,Ski Supreme  Supreme Inc,V 208,https://shorelinebrands.com/products/wake-tower-mounted-universal-bimini-extension?variant=45504199000249
2005,Ski Supreme  Supreme Inc,V 208 SKY,https://shorelinebrands.com/products/wake-tower-mounted-universal-bimini-extension?variant=45504199000249
2005,Ski Supreme  Supreme Inc,V 220 SKY,https://shorelinebrands.com/products/wake-tower-mounted-universal-bimini-extension?variant=45504199000249
2005,Ski Supreme  Supreme Inc,V 220 SP,https://shorelinebrands.com/products/wake-tower-mounted-universal-bimini-extension?variant=45504199000249
2005,Ski Supreme  Supreme Inc,V 230,https://shorelinebrands.com/products/wake-tower-mounted-universal-bimini-extension?variant=45504199000249
2005,Ski Supreme  Supreme Inc,V 230 SKY,https://shorelinebrands.com/products/wake-tower-mounted-universal-bimini-extension?variant=45504199000249
2005,Ski Supreme  Supreme Inc,V 232,https://shorelinebrands.com/products/wake-tower-mounted-universal-bimini-extension?variant=45504199000249
2005,Ski Supreme  Supreme Inc,V 232 SKY,https://shorelinebrands.com/products/wake-tower-mounted-universal-bimini-extension?variant=45504199000249
2000,Supra,COMP,https://shorelinebrands.com/products/wake-tower-mounted-universal-bimini-extension?variant=45504199000249
2000,Supra,LEGACY,https://shorelinebrands.com/products/wake-tower-mounted-universal-bimini-extension?variant=45504199000249
2000,Supra,LAUNCH,https://shorelinebrands.com/products/wake-tower-mounted-universal-bimini-extension?variant=45504199000249
2000,Supra,SANTERA,https://shorelinebrands.com/products/wake-tower-mounted-universal-bimini-extension?variant=45504199000249
2001,Supra,COMP,https://shorelinebrands.com/products/wake-tower-mounted-universal-bimini-extension?variant=45504199000249
2001,Supra,LEGACY,https://shorelinebrands.com/products/wake-tower-mounted-universal-bimini-extension?variant=45504199000249
2001,Supra,LAUNCH,https://shorelinebrands.com/products/wake-tower-mounted-universal-bimini-extension?variant=45504199000249
2001,Supra,LAUNCH-SS,https://shorelinebrands.com/products/wake-tower-mounted-universal-bimini-extension?variant=45504199000249
2001,Supra,LAUNCH-SSV,https://shorelinebrands.com/products/wake-tower-mounted-universal-bimini-extension?variant=45504199000249
2001,Supra,SANTERA,https://shorelinebrands.com/products/wake-tower-mounted-universal-bimini-extension?variant=45504199000249
2001,Supra,SUNSPORT V,https://shorelinebrands.com/products/wake-tower-mounted-universal-bimini-extension?variant=45504199000249
2001,Supra,SUNSPORT,https://shorelinebrands.com/products/wake-tower-mounted-universal-bimini-extension?variant=45504199000249
2002,Supra,COMP,https://shorelinebrands.com/products/wake-tower-mounted-universal-bimini-extension?variant=45504199000249
2002,Supra,LAUNCH,https://shorelinebrands.com/products/wake-tower-mounted-universal-bimini-extension?variant=45504199000249
2002,Supra,LAUNCH-SL,https://shorelinebrands.com/products/wake-tower-mounted-universal-bimini-extension?variant=45504199000249
2002,Supra,LAUNCH-SS,https://shorelinebrands.com/products/wake-tower-mounted-universal-bimini-extension?variant=45504199000249
2002,Supra,LAUNCH-SSV,https://shorelinebrands.com/products/wake-tower-mounted-universal-bimini-extension?variant=45504199000249
2002,Supra,LEGACY,https://shorelinebrands.com/products/wake-tower-mounted-universal-bimini-extension?variant=45504199000249
2002,Supra,SANTERA,https://shorelinebrands.com/products/wake-tower-mounted-universal-bimini-extension?variant=45504199000249
2002,Supra,SUNSPORT V,https://shorelinebrands.com/products/wake-tower-mounted-universal-bimini-extension?variant=45504199000249
2002,Supra,SUNSPORT,https://shorelinebrands.com/products/wake-tower-mounted-universal-bimini-extension?variant=45504199000249
2003,Supra,COMP LTS,https://shorelinebrands.com/products/wake-tower-mounted-universal-bimini-extension?variant=45504199000249
2003,Supra,LAUNCH-LTS,https://shorelinebrands.com/products/wake-tower-mounted-universal-bimini-extension?variant=45504199000249
2003,Supra,LAUNCH,https://shorelinebrands.com/products/wake-tower-mounted-universal-bimini-extension?variant=45504199000249
2003,Supra,LAUNCH SSV GRAVITY,https://shorelinebrands.com/products/wake-tower-mounted-universal-bimini-extension?variant=45504199000249
2003,Supra,LAUNCH-SS,https://shorelinebrands.com/products/wake-tower-mounted-universal-bimini-extension?variant=45504199000249
2003,Supra,LAUNCH-SSV,https://shorelinebrands.com/products/wake-tower-mounted-universal-bimini-extension?variant=45504199000249
2003,Supra,SANTERA,https://shorelinebrands.com/products/wake-tower-mounted-universal-bimini-extension?variant=45504199000249
2003,Supra,SUNSPORT V,https://shorelinebrands.com/products/wake-tower-mounted-universal-bimini-extension?variant=45504199000249
2003,Supra,SUNSPORT,https://shorelinebrands.com/products/wake-tower-mounted-universal-bimini-extension?variant=45504199000249
2003,Supra,SUNSPORT(,https://shorelinebrands.com/products/wake-tower-mounted-universal-bimini-extension?variant=45504199000249
2004,Supra,COMP LTS,https://shorelinebrands.com/products/wake-tower-mounted-universal-bimini-extension?variant=45504199000249
2004,Supra,LAUNCH-LTS,https://shorelinebrands.com/products/wake-tower-mounted-universal-bimini-extension?variant=45504199000249
2004,Supra,LAUNCH,https://shorelinebrands.com/products/wake-tower-mounted-universal-bimini-extension?variant=45504199000249
2004,Supra,LAUNCH SSV GRAVITY,https://shorelinebrands.com/products/wake-tower-mounted-universal-bimini-extension?variant=45504199000249
2004,Supra,LAUNCH-SS,https://shorelinebrands.com/products/wake-tower-mounted-universal-bimini-extension?variant=45504199000249
2004,Supra,LAUNCH-SSV,https://shorelinebrands.com/products/wake-tower-mounted-universal-bimini-extension?variant=45504199000249
2004,Supra,SANTERA,https://shorelinebrands.com/products/wake-tower-mounted-universal-bimini-extension?variant=45504199000249
2004,Supra,SUNSPORT V,https://shorelinebrands.com/products/wake-tower-mounted-universal-bimini-extension?variant=45504199000249
2004,Supra,SUNSPORT,https://shorelinebrands.com/products/wake-tower-mounted-universal-bimini-extension?variant=45504199000249
2005,Supra,COMP LTS,https://shorelinebrands.com/products/wake-tower-mounted-universal-bimini-extension?variant=45504199000249
2005,Supra,LAUNCH LTS,https://shorelinebrands.com/products/wake-tower-mounted-universal-bimini-extension?variant=45504199000249
2005,Supra,LAUNCH 21,https://shorelinebrands.com/products/wake-tower-mounted-universal-bimini-extension?variant=45504199000249
2005,Supra,LAUNCH 21V,https://shorelinebrands.com/products/wake-tower-mounted-universal-bimini-extension?variant=45504199000249
2005,Supra,LAUNCH 22 SSV,https://shorelinebrands.com/products/wake-tower-mounted-universal-bimini-extension?variant=45504199000249
2005,Supra,LNCH 22 SSV GRAVITY,https://shorelinebrands.com/products/wake-tower-mounted-universal-bimini-extension?variant=45504199000249
2005,Supra,SUNSPORT 22V,https://shorelinebrands.com/products/wake-tower-mounted-universal-bimini-extension?variant=45504199000249
2005,Supra,LAUNCH 24 SSV,https://shorelinebrands.com/products/wake-tower-mounted-universal-bimini-extension?variant=45504199000249
2005,Supra,SUNSPORT 24V,https://shorelinebrands.com/products/wake-tower-mounted-universal-bimini-extension?variant=45504199000249
2006,Supra,COMP 20,https://shorelinebrands.com/products/wake-tower-mounted-universal-bimini-extension?variant=45504199000249
2006,Supra,LAUNCH 20 SSV,https://shorelinebrands.com/products/wake-tower-mounted-universal-bimini-extension?variant=45504199000249
2006,Supra,LAUNCH 20,https://shorelinebrands.com/products/wake-tower-mounted-universal-bimini-extension?variant=45504199000249
2006,Supra,LAUNCH 21,https://shorelinebrands.com/products/wake-tower-mounted-universal-bimini-extension?variant=45504199000249
2006,Supra,LAUNCH 21V,https://shorelinebrands.com/products/wake-tower-mounted-universal-bimini-extension?variant=45504199000249
2006,Supra,SUNSPORT 20V,https://shorelinebrands.com/products/wake-tower-mounted-universal-bimini-extension?variant=45504199000249
2006,Supra,LAUNCH 22 SSV,https://shorelinebrands.com/products/wake-tower-mounted-universal-bimini-extension?variant=45504199000249
2006,Supra,SUNSPORT 22V,https://shorelinebrands.com/products/wake-tower-mounted-universal-bimini-extension?variant=45504199000249
2006,Supra,LAUNCH 24 SSV,https://shorelinebrands.com/products/wake-tower-mounted-universal-bimini-extension?variant=45504199000249
2006,Supra,LNCH 24 SSV GRAVITY,https://shorelinebrands.com/products/wake-tower-mounted-universal-bimini-extension?variant=45504199000249
2006,Supra,SUNSPORT 24V,https://shorelinebrands.com/products/wake-tower-mounted-universal-bimini-extension?variant=45504199000249
2007,Supra,COMP 20,https://shorelinebrands.com/products/wake-tower-mounted-universal-bimini-extension?variant=45504199000249
2007,Supra,LAUNCH 20 LTD PKG,https://shorelinebrands.com/products/wake-tower-mounted-universal-bimini-extension?variant=45504199000249
2007,Supra,LAUNCH 20 SSV,https://shorelinebrands.com/products/wake-tower-mounted-universal-bimini-extension?variant=45504199000249
2007,Supra,LAUNCH 20,https://shorelinebrands.com/products/wake-tower-mounted-universal-bimini-extension?variant=45504199000249
2007,Supra,LAUNCH 21V LTD PKG,https://shorelinebrands.com/products/wake-tower-mounted-universal-bimini-extension?variant=45504199000249
2007,Supra,LAUNCH 21V,https://shorelinebrands.com/products/wake-tower-mounted-universal-bimini-extension?variant=45504199000249
2007,Supra,LNCH 20 SSV LTD PKG,https://shorelinebrands.com/products/wake-tower-mounted-universal-bimini-extension?variant=45504199000249
2007,Supra,SUNSPORT 20V,https://shorelinebrands.com/products/wake-tower-mounted-universal-bimini-extension?variant=45504199000249
2007,Supra,LAUNCH 22 SSV,https://shorelinebrands.com/products/wake-tower-mounted-universal-bimini-extension?variant=45504199000249
2007,Supra,LNCH 22 SSV LTD PKG,https://shorelinebrands.com/products/wake-tower-mounted-universal-bimini-extension?variant=45504199000249
2007,Supra,SUNSPORT 22V,https://shorelinebrands.com/products/wake-tower-mounted-universal-bimini-extension?variant=45504199000249
2007,Supra,SUNSPRT 22V WAKE PK,https://shorelinebrands.com/products/wake-tower-mounted-universal-bimini-extension?variant=45504199000249
2007,Supra,LAUNCH 24 SSV,https://shorelinebrands.com/products/wake-tower-mounted-universal-bimini-extension?variant=45504199000249
2007,Supra,LNCH 24 SSV GRAVITY,https://shorelinebrands.com/products/wake-tower-mounted-universal-bimini-extension?variant=45504199000249
2007,Supra,LNCH 24 SSV LTD PKG,https://shorelinebrands.com/products/wake-tower-mounted-universal-bimini-extension?variant=45504199000249
2007,Supra,SUNSPORT 24V,https://shorelinebrands.com/products/wake-tower-mounted-universal-bimini-extension?variant=45504199000249
2007,Supra,SUNSPRT 24V WAKE PK,https://shorelinebrands.com/products/wake-tower-mounted-universal-bimini-extension?variant=45504199000249
2008,Supra,LAUNCH 20 SSV,https://shorelinebrands.com/products/wake-tower-mounted-universal-bimini-extension?variant=45504199000249
2008,Supra,LAUNCH 20,https://shorelinebrands.com/products/wake-tower-mounted-universal-bimini-extension?variant=45504199000249
2008,Supra,LAUNCH 21V,https://shorelinebrands.com/products/wake-tower-mounted-universal-bimini-extension?variant=45504199000249
2008,Supra,SUNSPORT 20V,https://shorelinebrands.com/products/wake-tower-mounted-universal-bimini-extension?variant=45504199000249
2008,Supra,LAUNCH 22 SSV,https://shorelinebrands.com/products/wake-tower-mounted-universal-bimini-extension?variant=45504199000249
2008,Supra,SUNSPORT 22V,https://shorelinebrands.com/products/wake-tower-mounted-universal-bimini-extension?variant=45504199000249
2008,Supra,LAUNCH 24 SSV,https://shorelinebrands.com/products/wake-tower-mounted-universal-bimini-extension?variant=45504199000249
2008,Supra,LNCH 24 SSV GRAVITY,https://shorelinebrands.com/products/wake-tower-mounted-universal-bimini-extension?variant=45504199000249
2008,Supra,SUNSPORT 24V,https://shorelinebrands.com/products/wake-tower-mounted-universal-bimini-extension?variant=45504199000249
2009,Supra,LAUNCH 20 SSV,https://shorelinebrands.com/products/wake-tower-mounted-universal-bimini-extension?variant=45504199000249
2009,Supra,LAUNCH 21V,https://shorelinebrands.com/products/wake-tower-mounted-universal-bimini-extension?variant=45504199000249
2009,Supra,SUNSPORT 20V,https://shorelinebrands.com/products/wake-tower-mounted-universal-bimini-extension?variant=45504199000249
2009,Supra,LAUNCH 22 SSV,https://shorelinebrands.com/products/wake-tower-mounted-universal-bimini-extension?variant=45504199000249
2009,Supra,SUNSPORT 22V,https://shorelinebrands.com/products/wake-tower-mounted-universal-bimini-extension?variant=45504199000249
2009,Supra,LAUNCH 24 SSV,https://shorelinebrands.com/products/wake-tower-mounted-universal-bimini-extension?variant=45504199000249
2009,Supra,LNCH 24 SSV GRAVITY,https://shorelinebrands.com/products/wake-tower-mounted-universal-bimini-extension?variant=45504199000249
2009,Supra,SUNSPORT 24V,https://shorelinebrands.com/products/wake-tower-mounted-universal-bimini-extension?variant=45504199000249
2010,Supra,LAUNCH 21V,https://shorelinebrands.com/products/wake-tower-mounted-universal-bimini-extension?variant=45504199000249
2010,Supra,SUNSPORT 20V,https://shorelinebrands.com/products/wake-tower-mounted-universal-bimini-extension?variant=45504199000249
2010,Supra,SUNSPORT 21V,https://shorelinebrands.com/products/wake-tower-mounted-universal-bimini-extension?variant=45504199000249
2010,Supra,LAUNCH 22V LIQ ED,https://shorelinebrands.com/products/wake-tower-mounted-universal-bimini-extension?variant=45504199000249
2010,Supra,LAUNCH 22V,https://shorelinebrands.com/products/wake-tower-mounted-universal-bimini-extension?variant=45504199000249
2010,Supra,LAUNCH 24V BRO ED,https://shorelinebrands.com/products/wake-tower-mounted-universal-bimini-extension?variant=45504199000249
2010,Supra,SUNSPORT 22V LIQ ED,https://shorelinebrands.com/products/wake-tower-mounted-universal-bimini-extension?variant=45504199000249
2010,Supra,SUNSPORT 22V,https://shorelinebrands.com/products/wake-tower-mounted-universal-bimini-extension?variant=45504199000249
2010,Supra,SUNSPORT 24V BRO ED,https://shorelinebrands.com/products/wake-tower-mounted-universal-bimini-extension?variant=45504199000249
2010,Supra,LAUNCH 24V,https://shorelinebrands.com/products/wake-tower-mounted-universal-bimini-extension?variant=45504199000249
2010,Supra,SUNSPORT 24V,https://shorelinebrands.com/products/wake-tower-mounted-universal-bimini-extension?variant=45504199000249
2011,Supra,LAUNCH 21V,https://shorelinebrands.com/products/wake-tower-mounted-universal-bimini-extension?variant=45504199000249
2011,Supra,SUNSPORT 20V,https://shorelinebrands.com/products/wake-tower-mounted-universal-bimini-extension?variant=45504199000249
2011,Supra,SUNSPORT 21V,https://shorelinebrands.com/products/wake-tower-mounted-universal-bimini-extension?variant=45504199000249
2011,Supra,LAUNCH 22V LIQ ED,https://shorelinebrands.com/products/wake-tower-mounted-universal-bimini-extension?variant=45504199000249
2011,Supra,LAUNCH 22V,https://shorelinebrands.com/products/wake-tower-mounted-universal-bimini-extension?variant=45504199000249
2011,Supra,SUNSPORT 22V LIQ ED,https://shorelinebrands.com/products/wake-tower-mounted-universal-bimini-extension?variant=45504199000249
2011,Supra,SUNSPORT 22V,https://shorelinebrands.com/products/wake-tower-mounted-universal-bimini-extension?variant=45504199000249
2011,Supra,LAUNCH 242,https://shorelinebrands.com/products/wake-tower-mounted-universal-bimini-extension?variant=45504199000249
2012,Supra,LAUNCH 21V,https://shorelinebrands.com/products/wake-tower-mounted-universal-bimini-extension?variant=45504199000249
2012,Supra,SUNSPORT 20V,https://shorelinebrands.com/products/wake-tower-mounted-universal-bimini-extension?variant=45504199000249
2012,Supra,SUNSPORT 21V,https://shorelinebrands.com/products/wake-tower-mounted-universal-bimini-extension?variant=45504199000249
2012,Supra,LAUNCH 22V LIQ ED,https://shorelinebrands.com/products/wake-tower-mounted-universal-bimini-extension?variant=45504199000249
2012,Supra,LAUNCH 22V,https://shorelinebrands.com/products/wake-tower-mounted-universal-bimini-extension?variant=45504199000249
2012,Supra,SUNSPORT 22V LIQ ED,https://shorelinebrands.com/products/wake-tower-mounted-universal-bimini-extension?variant=45504199000249
2012,Supra,SUNSPORT 22V,https://shorelinebrands.com/products/wake-tower-mounted-universal-bimini-extension?variant=45504199000249
2012,Supra,LAUNCH 242,https://shorelinebrands.com/products/wake-tower-mounted-universal-bimini-extension?variant=45504199000249
2012,Supra,SUNSPORT 242,https://shorelinebrands.com/products/wake-tower-mounted-universal-bimini-extension?variant=45504199000249
2013,Supra,LAUNCH 21V,https://shorelinebrands.com/products/wake-tower-mounted-universal-bimini-extension?variant=45504199000249
2013,Supra,SUNSPORT 21V,https://shorelinebrands.com/products/wake-tower-mounted-universal-bimini-extension?variant=45504199000249
2013,Supra,LAUNCH 22V,https://shorelinebrands.com/products/wake-tower-mounted-universal-bimini-extension?variant=45504199000249
2013,Supra,SA350,https://shorelinebrands.com/products/wake-tower-mounted-universal-bimini-extension?variant=45504199000249
2013,Supra,SA450,https://shorelinebrands.com/products/wake-tower-mounted-universal-bimini-extension?variant=45504199000249
2013,Supra,SA550,https://shorelinebrands.com/products/wake-tower-mounted-universal-bimini-extension?variant=45504199000249
2013,Supra,SUNSPORT 22V,https://shorelinebrands.com/products/wake-tower-mounted-universal-bimini-extension?variant=45504199000249
2013,Supra,LAUNCH 242,https://shorelinebrands.com/products/wake-tower-mounted-universal-bimini-extension?variant=45504199000249
2013,Supra,SUNSPORT 242,https://shorelinebrands.com/products/wake-tower-mounted-universal-bimini-extension?variant=45504199000249
2014,Supra,SC350,https://shorelinebrands.com/products/wake-tower-mounted-universal-bimini-extension?variant=45504199000249
2014,Supra,SC450,https://shorelinebrands.com/products/wake-tower-mounted-universal-bimini-extension?variant=45504199000249
2014,Supra,SC550,https://shorelinebrands.com/products/wake-tower-mounted-universal-bimini-extension?variant=45504199000249
2014,Supra,SA350,https://shorelinebrands.com/products/wake-tower-mounted-universal-bimini-extension?variant=45504199000249
2014,Supra,SA450,https://shorelinebrands.com/products/wake-tower-mounted-universal-bimini-extension?variant=45504199000249
2014,Supra,SA550,https://shorelinebrands.com/products/wake-tower-mounted-universal-bimini-extension?variant=45504199000249
2014,Supra,LAUNCH 242,https://shorelinebrands.com/products/wake-tower-mounted-universal-bimini-extension?variant=45504199000249
2014,Supra,SUNSPORT 242,https://shorelinebrands.com/products/wake-tower-mounted-universal-bimini-extension?variant=45504199000249
2015,Supra,SC400,https://shorelinebrands.com/products/wake-tower-mounted-universal-bimini-extension?variant=45504199000249
2015,Supra,SC450,https://shorelinebrands.com/products/wake-tower-mounted-universal-bimini-extension?variant=45504199000249
2015,Supra,SC550,https://shorelinebrands.com/products/wake-tower-mounted-universal-bimini-extension?variant=45504199000249
2015,Supra,SA400,https://shorelinebrands.com/products/wake-tower-mounted-universal-bimini-extension?variant=45504199000249
2015,Supra,SA450,https://shorelinebrands.com/products/wake-tower-mounted-universal-bimini-extension?variant=45504199000249
2015,Supra,SA550,https://shorelinebrands.com/products/wake-tower-mounted-universal-bimini-extension?variant=45504199000249
2015,Supra,SG400,https://shorelinebrands.com/products/wake-tower-mounted-universal-bimini-extension?variant=45504199000249
2015,Supra,SG450,https://shorelinebrands.com/products/wake-tower-mounted-universal-bimini-extension?variant=45504199000249
2015,Supra,SG550,https://shorelinebrands.com/products/wake-tower-mounted-universal-bimini-extension?variant=45504199000249
2015,Supra,SE450,https://shorelinebrands.com/products/wake-tower-mounted-universal-bimini-extension?variant=45504199000249
2015,Supra,SE550,https://shorelinebrands.com/products/wake-tower-mounted-universal-bimini-extension?variant=45504199000249
2016,Supra,SC400,https://shorelinebrands.com/products/wake-tower-mounted-universal-bimini-extension?variant=45504199000249
2016,Supra,SC450,https://shorelinebrands.com/products/wake-tower-mounted-universal-bimini-extension?variant=45504199000249
2016,Supra,SC550,https://shorelinebrands.com/products/wake-tower-mounted-universal-bimini-extension?variant=45504199000249
2016,Supra,SA400,https://shorelinebrands.com/products/wake-tower-mounted-universal-bimini-extension?variant=45504199000249
2016,Supra,SA450,https://shorelinebrands.com/products/wake-tower-mounted-universal-bimini-extension?variant=45504199000249
2016,Supra,SA550,https://shorelinebrands.com/products/wake-tower-mounted-universal-bimini-extension?variant=45504199000249
2016,Supra,SG400,https://shorelinebrands.com/products/wake-tower-mounted-universal-bimini-extension?variant=45504199000249
2016,Supra,SG450,https://shorelinebrands.com/products/wake-tower-mounted-universal-bimini-extension?variant=45504199000249
2016,Supra,SG550,https://shorelinebrands.com/products/wake-tower-mounted-universal-bimini-extension?variant=45504199000249
2016,Supra,SE450,https://shorelinebrands.com/products/wake-tower-mounted-universal-bimini-extension?variant=45504199000249
2016,Supra,SE550,https://shorelinebrands.com/products/wake-tower-mounted-universal-bimini-extension?variant=45504199000249
2017,Supra,SR400,https://shorelinebrands.com/products/wake-tower-mounted-universal-bimini-extension?variant=45504199000249
2017,Supra,SR450,https://shorelinebrands.com/products/wake-tower-mounted-universal-bimini-extension?variant=45504199000249
2017,Supra,SA400,https://shorelinebrands.com/products/wake-tower-mounted-universal-bimini-extension?variant=45504199000249
2017,Supra,SA450,https://shorelinebrands.com/products/wake-tower-mounted-universal-bimini-extension?variant=45504199000249
2017,Supra,SA550,https://shorelinebrands.com/products/wake-tower-mounted-universal-bimini-extension?variant=45504199000249
2017,Supra,SG400,https://shorelinebrands.com/products/wake-tower-mounted-universal-bimini-extension?variant=45504199000249
2017,Supra,SG450,https://shorelinebrands.com/products/wake-tower-mounted-universal-bimini-extension?variant=45504199000249
2017,Supra,SG550,https://shorelinebrands.com/products/wake-tower-mounted-universal-bimini-extension?variant=45504199000249
2017,Supra,SE450,https://shorelinebrands.com/products/wake-tower-mounted-universal-bimini-extension?variant=45504199000249
2017,Supra,SE550,https://shorelinebrands.com/products/wake-tower-mounted-universal-bimini-extension?variant=45504199000249
2018,Supra,SR400 (w/ FXone Tower),https://shorelinebrands.com/products/wake-tower-mounted-universal-bimini-extension?variant=45504199000249
2018,Supra,SR450 (w/ FXone Tower),https://shorelinebrands.com/products/wake-tower-mounted-universal-bimini-extension?variant=45504199000249
2018,Supra,SA400 (w/ FXone Tower),https://shorelinebrands.com/products/wake-tower-mounted-universal-bimini-extension?variant=45504199000249
2018,Supra,SA450 (w/ FXone Tower),https://shorelinebrands.com/products/wake-tower-mounted-universal-bimini-extension?variant=45504199000249
2018,Supra,SA550 (w/ FXone Tower),https://shorelinebrands.com/products/wake-tower-mounted-universal-bimini-extension?variant=45504199000249
2018,Supra,SL400 (w/ FXone Tower),https://shorelinebrands.com/products/wake-tower-mounted-universal-bimini-extension?variant=45504199000249
2018,Supra,SL450 (w/ FXone Tower),https://shorelinebrands.com/products/wake-tower-mounted-universal-bimini-extension?variant=45504199000249
2018,Supra,SL550 (w/ FXone Tower),https://shorelinebrands.com/products/wake-tower-mounted-universal-bimini-extension?variant=45504199000249
2018,Supra,SE450 (w/ FXone Tower),https://shorelinebrands.com/products/wake-tower-mounted-universal-bimini-extension?variant=45504199000249
2018,Supra,SE550 (w/ FXone Tower),https://shorelinebrands.com/products/wake-tower-mounted-universal-bimini-extension?variant=45504199000249
2018,Supra,SR400 (w/ Roswell Tower),https://shorelinebrands.com/products/wake-tower-mounted-universal-bimini-extension?variant=45504199000249
2018,Supra,SR450 (w/ Roswell Tower),https://shorelinebrands.com/products/wake-tower-mounted-universal-bimini-extension?variant=45504199000249
2018,Supra,SA400 (w/ Roswell Tower),https://shorelinebrands.com/products/wake-tower-mounted-universal-bimini-extension?variant=45504199000249
2018,Supra,SA450 (w/ Roswell Tower),https://shorelinebrands.com/products/wake-tower-mounted-universal-bimini-extension?variant=45504199000249
2018,Supra,SA550 (w/ Roswell Tower),https://shorelinebrands.com/products/wake-tower-mounted-universal-bimini-extension?variant=45504199000249
2018,Supra,SL400 (w/ Roswell Tower),https://shorelinebrands.com/products/wake-tower-mounted-universal-bimini-extension?variant=45504199000249
2018,Supra,SL450 (w/ Roswell Tower),https://shorelinebrands.com/products/wake-tower-mounted-universal-bimini-extension?variant=45504199000249
2018,Supra,SL550 (w/ Roswell Tower),https://shorelinebrands.com/products/wake-tower-mounted-universal-bimini-extension?variant=45504199000249
2018,Supra,SE450 (w/ Roswell Tower),https://shorelinebrands.com/products/wake-tower-mounted-universal-bimini-extension?variant=45504199000249
2018,Supra,SE550 (w/ Roswell Tower),https://shorelinebrands.com/products/wake-tower-mounted-universal-bimini-extension?variant=45504199000249
2019,Supra,SR400 (w/ FXone Tower),https://shorelinebrands.com/products/wake-tower-mounted-universal-bimini-extension?variant=45504199000249
2019,Supra,SR450 (w/ FXone Tower),https://shorelinebrands.com/products/wake-tower-mounted-universal-bimini-extension?variant=45504199000249
2019,Supra,SA400 (w/ FXone Tower),https://shorelinebrands.com/products/wake-tower-mounted-universal-bimini-extension?variant=45504199000249
2019,Supra,SA450 (w/ FXone Tower),https://shorelinebrands.com/products/wake-tower-mounted-universal-bimini-extension?variant=45504199000249
2019,Supra,SA550 (w/ FXone Tower),https://shorelinebrands.com/products/wake-tower-mounted-universal-bimini-extension?variant=45504199000249
2019,Supra,SL400 (w/ FXone Tower),https://shorelinebrands.com/products/wake-tower-mounted-universal-bimini-extension?variant=45504199000249
2019,Supra,SL450 (w/ FXone Tower),https://shorelinebrands.com/products/wake-tower-mounted-universal-bimini-extension?variant=45504199000249
2019,Supra,SL550 (w/ FXone Tower),https://shorelinebrands.com/products/wake-tower-mounted-universal-bimini-extension?variant=45504199000249
2019,Supra,SE450 (w/ FXone Tower),https://shorelinebrands.com/products/wake-tower-mounted-universal-bimini-extension?variant=45504199000249
2019,Supra,SE550 (w/ FXone Tower),https://shorelinebrands.com/products/wake-tower-mounted-universal-bimini-extension?variant=45504199000249
2019,Supra,SR400 (w/ Roswell Tower),https://shorelinebrands.com/products/wake-tower-mounted-universal-bimini-extension?variant=45504199000249
2019,Supra,SR450 (w/ Roswell Tower),https://shorelinebrands.com/products/wake-tower-mounted-universal-bimini-extension?variant=45504199000249
2019,Supra,SA400 (w/ Roswell Tower),https://shorelinebrands.com/products/wake-tower-mounted-universal-bimini-extension?variant=45504199000249
2019,Supra,SA450 (w/ Roswell Tower),https://shorelinebrands.com/products/wake-tower-mounted-universal-bimini-extension?variant=45504199000249
2019,Supra,SA550 (w/ Roswell Tower),https://shorelinebrands.com/products/wake-tower-mounted-universal-bimini-extension?variant=45504199000249
2019,Supra,SL400 (w/ Roswell Tower),https://shorelinebrands.com/products/wake-tower-mounted-universal-bimini-extension?variant=45504199000249
2019,Supra,SL450 (w/ Roswell Tower),https://shorelinebrands.com/products/wake-tower-mounted-universal-bimini-extension?variant=45504199000249
2019,Supra,SL550 (w/ Roswell Tower),https://shorelinebrands.com/products/wake-tower-mounted-universal-bimini-extension?variant=45504199000249
2019,Supra,SE450 (w/ Roswell Tower),https://shorelinebrands.com/products/wake-tower-mounted-universal-bimini-extension?variant=45504199000249
2019,Supra,SE550 (w/ Roswell Tower),https://shorelinebrands.com/products/wake-tower-mounted-universal-bimini-extension?variant=45504199000249
2020,Supra,SR400 (w/ FXone Tower),https://shorelinebrands.com/products/wake-tower-mounted-universal-bimini-extension?variant=45504199000249
2020,Supra,SR450 (w/ FXone Tower),https://shorelinebrands.com/products/wake-tower-mounted-universal-bimini-extension?variant=45504199000249
2020,Supra,SA400 (w/ FXone Tower),https://shorelinebrands.com/products/wake-tower-mounted-universal-bimini-extension?variant=45504199000249
2020,Supra,SA450 (w/ FXone Tower),https://shorelinebrands.com/products/wake-tower-mounted-universal-bimini-extension?variant=45504199000249
2020,Supra,SA550 (w/ FXone Tower),https://shorelinebrands.com/products/wake-tower-mounted-universal-bimini-extension?variant=45504199000249
2020,Supra,SL400 (w/ FXone Tower),https://shorelinebrands.com/products/wake-tower-mounted-universal-bimini-extension?variant=45504199000249
2020,Supra,SL450 (w/ FXone Tower),https://shorelinebrands.com/products/wake-tower-mounted-universal-bimini-extension?variant=45504199000249
2020,Supra,SL550 (w/ FXone Tower),https://shorelinebrands.com/products/wake-tower-mounted-universal-bimini-extension?variant=45504199000249
2020,Supra,SE450 (w/ FXone Tower),https://shorelinebrands.com/products/wake-tower-mounted-universal-bimini-extension?variant=45504199000249
2020,Supra,SE550 (w/ FXone Tower),https://shorelinebrands.com/products/wake-tower-mounted-universal-bimini-extension?variant=45504199000249
2020,Supra,SR400 (w/ Roswell Tower),https://shorelinebrands.com/products/wake-tower-mounted-universal-bimini-extension?variant=45504199000249
2020,Supra,SR450 (w/ Roswell Tower),https://shorelinebrands.com/products/wake-tower-mounted-universal-bimini-extension?variant=45504199000249
2020,Supra,SA400 (w/ Roswell Tower),https://shorelinebrands.com/products/wake-tower-mounted-universal-bimini-extension?variant=45504199000249
2020,Supra,SA450 (w/ Roswell Tower),https://shorelinebrands.com/products/wake-tower-mounted-universal-bimini-extension?variant=45504199000249
2020,Supra,SA550 (w/ Roswell Tower),https://shorelinebrands.com/products/wake-tower-mounted-universal-bimini-extension?variant=45504199000249
2020,Supra,SL400 (w/ Roswell Tower),https://shorelinebrands.com/products/wake-tower-mounted-universal-bimini-extension?variant=45504199000249
2020,Supra,SL450 (w/ Roswell Tower),https://shorelinebrands.com/products/wake-tower-mounted-universal-bimini-extension?variant=45504199000249
2020,Supra,SL550 (w/ Roswell Tower),https://shorelinebrands.com/products/wake-tower-mounted-universal-bimini-extension?variant=45504199000249
2020,Supra,SE450 (w/ Roswell Tower),https://shorelinebrands.com/products/wake-tower-mounted-universal-bimini-extension?variant=45504199000249
2020,Supra,SE550 (w/ Roswell Tower),https://shorelinebrands.com/products/wake-tower-mounted-universal-bimini-extension?variant=45504199000249
2021,Supra,SR400 (w/ Roswell Tower),https://shorelinebrands.com/products/wake-tower-mounted-universal-bimini-extension?variant=45504199000249
2021,Supra,SR450 (w/ Roswell Tower),https://shorelinebrands.com/products/wake-tower-mounted-universal-bimini-extension?variant=45504199000249
2021,Supra,SA400 (w/ Roswell Tower),https://shorelinebrands.com/products/wake-tower-mounted-universal-bimini-extension?variant=45504199000249
2021,Supra,SA450 (w/ Roswell Tower),https://shorelinebrands.com/products/wake-tower-mounted-universal-bimini-extension?variant=45504199000249
2021,Supra,SA550 (w/ Roswell Tower),https://shorelinebrands.com/products/wake-tower-mounted-universal-bimini-extension?variant=45504199000249
2021,Supra,SL400 (w/ Roswell Tower),https://shorelinebrands.com/products/wake-tower-mounted-universal-bimini-extension?variant=45504199000249
2021,Supra,SL450 (w/ Roswell Tower),https://shorelinebrands.com/products/wake-tower-mounted-universal-bimini-extension?variant=45504199000249
2021,Supra,SL550 (w/ Roswell Tower),https://shorelinebrands.com/products/wake-tower-mounted-universal-bimini-extension?variant=45504199000249
2021,Supra,SE450 (w/ Roswell Tower),https://shorelinebrands.com/products/wake-tower-mounted-universal-bimini-extension?variant=45504199000249
2021,Supra,SE550 (w/ Roswell Tower),https://shorelinebrands.com/products/wake-tower-mounted-universal-bimini-extension?variant=45504199000249
2022,Supra,SR400 (w/ FXone Tower),https://shorelinebrands.com/products/wake-tower-mounted-universal-bimini-extension?variant=45504199000249
2022,Supra,SR450 (w/ FXone Tower),https://shorelinebrands.com/products/wake-tower-mounted-universal-bimini-extension?variant=45504199000249
2022,Supra,SA400 (w/ FXone Tower),https://shorelinebrands.com/products/wake-tower-mounted-universal-bimini-extension?variant=45504199000249
2022,Supra,SA450 (w/ FXone Tower),https://shorelinebrands.com/products/wake-tower-mounted-universal-bimini-extension?variant=45504199000249
2022,Supra,SA550 (w/ FXone Tower),https://shorelinebrands.com/products/wake-tower-mounted-universal-bimini-extension?variant=45504199000249
2022,Supra,SL400 (w/ FXone Tower),https://shorelinebrands.com/products/wake-tower-mounted-universal-bimini-extension?variant=45504199000249
2022,Supra,SL450 (w/ FXone Tower),https://shorelinebrands.com/products/wake-tower-mounted-universal-bimini-extension?variant=45504199000249
2022,Supra,SL550 (w/ FXone Tower),https://shorelinebrands.com/products/wake-tower-mounted-universal-bimini-extension?variant=45504199000249
2022,Supra,SE450 (w/ FXone Tower),https://shorelinebrands.com/products/wake-tower-mounted-universal-bimini-extension?variant=45504199000249
2022,Supra,SE550 (w/ FXone Tower),https://shorelinebrands.com/products/wake-tower-mounted-universal-bimini-extension?variant=45504199000249
2022,Supra,SR400 (w/ Roswell Tower),https://shorelinebrands.com/products/wake-tower-mounted-universal-bimini-extension?variant=45504199000249
2022,Supra,SR450 (w/ Roswell Tower),https://shorelinebrands.com/products/wake-tower-mounted-universal-bimini-extension?variant=45504199000249
2022,Supra,SA400 (w/ Roswell Tower),https://shorelinebrands.com/products/wake-tower-mounted-universal-bimini-extension?variant=45504199000249
2022,Supra,SA450 (w/ Roswell Tower),https://shorelinebrands.com/products/wake-tower-mounted-universal-bimini-extension?variant=45504199000249
2022,Supra,SA550 (w/ Roswell Tower),https://shorelinebrands.com/products/wake-tower-mounted-universal-bimini-extension?variant=45504199000249
2022,Supra,SL400 (w/ Roswell Tower),https://shorelinebrands.com/products/wake-tower-mounted-universal-bimini-extension?variant=45504199000249
2022,Supra,SL450 (w/ Roswell Tower),https://shorelinebrands.com/products/wake-tower-mounted-universal-bimini-extension?variant=45504199000249
2022,Supra,SL550 (w/ Roswell Tower),https://shorelinebrands.com/products/wake-tower-mounted-universal-bimini-extension?variant=45504199000249
2022,Supra,SE450 (w/ Roswell Tower),https://shorelinebrands.com/products/wake-tower-mounted-universal-bimini-extension?variant=45504199000249
2022,Supra,SE550 (w/ Roswell Tower),https://shorelinebrands.com/products/wake-tower-mounted-universal-bimini-extension?variant=45504199000249
2023,Supra,SR400 (w/ Roswell Tower),https://shorelinebrands.com/products/wake-tower-mounted-universal-bimini-extension?variant=45504199000249
2023,Supra,SR450 (w/ Roswell Tower),https://shorelinebrands.com/products/wake-tower-mounted-universal-bimini-extension?variant=45504199000249
2023,Supra,SA400 (w/ Roswell Tower),https://shorelinebrands.com/products/wake-tower-mounted-universal-bimini-extension?variant=45504199000249
2023,Supra,SA450 (w/ Roswell Tower),https://shorelinebrands.com/products/wake-tower-mounted-universal-bimini-extension?variant=45504199000249
2023,Supra,SA550 (w/ Roswell Tower),https://shorelinebrands.com/products/wake-tower-mounted-universal-bimini-extension?variant=45504199000249
2023,Supra,SL400 (w/ Roswell Tower),https://shorelinebrands.com/products/wake-tower-mounted-universal-bimini-extension?variant=45504199000249
2023,Supra,SL450 (w/ Roswell Tower),https://shorelinebrands.com/products/wake-tower-mounted-universal-bimini-extension?variant=45504199000249
2023,Supra,SL550 (w/ Roswell Tower),https://shorelinebrands.com/products/wake-tower-mounted-universal-bimini-extension?variant=45504199000249
2023,Supra,SE450 (w/ Roswell Tower),https://shorelinebrands.com/products/wake-tower-mounted-universal-bimini-extension?variant=45504199000249
2023,Supra,SE550 (w/ Roswell Tower),https://shorelinebrands.com/products/wake-tower-mounted-universal-bimini-extension?variant=45504199000249
2023,Supra,SR400 (w/ FXone Tower),https://shorelinebrands.com/products/wake-tower-mounted-universal-bimini-extension?variant=45504199000249
2023,Supra,SR450 (w/ FXone Tower),https://shorelinebrands.com/products/wake-tower-mounted-universal-bimini-extension?variant=45504199000249
2023,Supra,SA400 (w/ FXone Tower),https://shorelinebrands.com/products/wake-tower-mounted-universal-bimini-extension?variant=45504199000249
2023,Supra,SA450 (w/ FXone Tower),https://shorelinebrands.com/products/wake-tower-mounted-universal-bimini-extension?variant=45504199000249
2023,Supra,SA550 (w/ FXone Tower),https://shorelinebrands.com/products/wake-tower-mounted-universal-bimini-extension?variant=45504199000249
2023,Supra,SL400 (w/ FXone Tower),https://shorelinebrands.com/products/wake-tower-mounted-universal-bimini-extension?variant=45504199000249
2023,Supra,SL450 (w/ FXone Tower),https://shorelinebrands.com/products/wake-tower-mounted-universal-bimini-extension?variant=45504199000249
2023,Supra,SL550 (w/ FXone Tower),https://shorelinebrands.com/products/wake-tower-mounted-universal-bimini-extension?variant=45504199000249
2023,Supra,SE450 (w/ FXone Tower),https://shorelinebrands.com/products/wake-tower-mounted-universal-bimini-extension?variant=45504199000249
2023,Supra,SE550 (w/ FXone Tower),https://shorelinebrands.com/products/wake-tower-mounted-universal-bimini-extension?variant=45504199000249
2024,Supra,SV400 (w/ FXone Tower),https://shorelinebrands.com/products/wake-tower-mounted-universal-bimini-extension?variant=45504199000249
2024,Supra,SV450 (w/ FXone Tower),https://shorelinebrands.com/products/wake-tower-mounted-universal-bimini-extension?variant=45504199000249
2024,Supra,SV575 (w/ FXone Tower),https://shorelinebrands.com/products/wake-tower-mounted-universal-bimini-extension?variant=45504199000249
2024,Supra,SA400 (w/ FXone Tower),https://shorelinebrands.com/products/wake-tower-mounted-universal-bimini-extension?variant=45504199000249
2024,Supra,SA450 (w/ FXone Tower),https://shorelinebrands.com/products/wake-tower-mounted-universal-bimini-extension?variant=45504199000249
2024,Supra,SA550 (w/ FXone Tower),https://shorelinebrands.com/products/wake-tower-mounted-universal-bimini-extension?variant=45504199000249
2024,Supra,SL400 (w/ FXone Tower),https://shorelinebrands.com/products/wake-tower-mounted-universal-bimini-extension?variant=45504199000249
2024,Supra,SL450 (w/ FXone Tower),https://shorelinebrands.com/products/wake-tower-mounted-universal-bimini-extension?variant=45504199000249
2024,Supra,SL550 (w/ FXone Tower),https://shorelinebrands.com/products/wake-tower-mounted-universal-bimini-extension?variant=45504199000249
2024,Supra,SE450 (w/ FXone Tower),https://shorelinebrands.com/products/wake-tower-mounted-universal-bimini-extension?variant=45504199000249
2024,Supra,SE550 (w/ FXone Tower),https://shorelinebrands.com/products/wake-tower-mounted-universal-bimini-extension?variant=45504199000249
2024,Supra,SV400 (w/ Roswell Tower),https://shorelinebrands.com/products/wake-tower-mounted-universal-bimini-extension?variant=45504199000249
2024,Supra,SV450 (w/ Roswell Tower),https://shorelinebrands.com/products/wake-tower-mounted-universal-bimini-extension?variant=45504199000249
2024,Supra,SV575 (w/ Roswell Tower),https://shorelinebrands.com/products/wake-tower-mounted-universal-bimini-extension?variant=45504199000249
2024,Supra,SA400 (w/ Roswell Tower),https://shorelinebrands.com/products/wake-tower-mounted-universal-bimini-extension?variant=45504199000249
2024,Supra,SA450 (w/ Roswell Tower),https://shorelinebrands.com/products/wake-tower-mounted-universal-bimini-extension?variant=45504199000249
2024,Supra,SA550 (w/ Roswell Tower),https://shorelinebrands.com/products/wake-tower-mounted-universal-bimini-extension?variant=45504199000249
2024,Supra,SL400 (w/ Roswell Tower),https://shorelinebrands.com/products/wake-tower-mounted-universal-bimini-extension?variant=45504199000249
2024,Supra,SL450 (w/ Roswell Tower),https://shorelinebrands.com/products/wake-tower-mounted-universal-bimini-extension?variant=45504199000249
2024,Supra,SL550 (w/ Roswell Tower),https://shorelinebrands.com/products/wake-tower-mounted-universal-bimini-extension?variant=45504199000249
2024,Supra,SE450 (w/ Roswell Tower),https://shorelinebrands.com/products/wake-tower-mounted-universal-bimini-extension?variant=45504199000249
2024,Supra,SE550 (w/ Roswell Tower),https://shorelinebrands.com/products/wake-tower-mounted-universal-bimini-extension?variant=45504199000249
2006,Supreme Boats,220 SP SKY,https://shorelinebrands.com/products/wake-tower-mounted-universal-bimini-extension?variant=45504199000249
2006,Supreme Boats,220 SP,https://shorelinebrands.com/products/wake-tower-mounted-universal-bimini-extension?variant=45504199000249
2006,Supreme Boats,V208 SKY,https://shorelinebrands.com/products/wake-tower-mounted-universal-bimini-extension?variant=45504199000249
2006,Supreme Boats,V208,https://shorelinebrands.com/products/wake-tower-mounted-universal-bimini-extension?variant=45504199000249
2006,Supreme Boats,V220 SKY,https://shorelinebrands.com/products/wake-tower-mounted-universal-bimini-extension?variant=45504199000249
2006,Supreme Boats,V220 SP,https://shorelinebrands.com/products/wake-tower-mounted-universal-bimini-extension?variant=45504199000249
2006,Supreme Boats,V232 SKY,https://shorelinebrands.com/products/wake-tower-mounted-universal-bimini-extension?variant=45504199000249
2006,Supreme Boats,V232,https://shorelinebrands.com/products/wake-tower-mounted-universal-bimini-extension?variant=45504199000249
2007,Supreme Boats,220 SP SKY,https://shorelinebrands.com/products/wake-tower-mounted-universal-bimini-extension?variant=45504199000249
2007,Supreme Boats,220 SP,https://shorelinebrands.com/products/wake-tower-mounted-universal-bimini-extension?variant=45504199000249
2007,Supreme Boats,V208 SKY,https://shorelinebrands.com/products/wake-tower-mounted-universal-bimini-extension?variant=45504199000249
2007,Supreme Boats,V208,https://shorelinebrands.com/products/wake-tower-mounted-universal-bimini-extension?variant=45504199000249
2007,Supreme Boats,V212 SKY,https://shorelinebrands.com/products/wake-tower-mounted-universal-bimini-extension?variant=45504199000249
2007,Supreme Boats,V212,https://shorelinebrands.com/products/wake-tower-mounted-universal-bimini-extension?variant=45504199000249
2007,Supreme Boats,V220 SKY,https://shorelinebrands.com/products/wake-tower-mounted-universal-bimini-extension?variant=45504199000249
2007,Supreme Boats,V220 SP,https://shorelinebrands.com/products/wake-tower-mounted-universal-bimini-extension?variant=45504199000249
2007,Supreme Boats,V232 SKY,https://shorelinebrands.com/products/wake-tower-mounted-universal-bimini-extension?variant=45504199000249
2007,Supreme Boats,V232,https://shorelinebrands.com/products/wake-tower-mounted-universal-bimini-extension?variant=45504199000249
2008,Supreme Boats,220 SP SKY,https://shorelinebrands.com/products/wake-tower-mounted-universal-bimini-extension?variant=45504199000249
2008,Supreme Boats,220 SP,https://shorelinebrands.com/products/wake-tower-mounted-universal-bimini-extension?variant=45504199000249
2008,Supreme Boats,V208 SKY,https://shorelinebrands.com/products/wake-tower-mounted-universal-bimini-extension?variant=45504199000249
2008,Supreme Boats,V208,https://shorelinebrands.com/products/wake-tower-mounted-universal-bimini-extension?variant=45504199000249
2008,Supreme Boats,V212 SKY,https://shorelinebrands.com/products/wake-tower-mounted-universal-bimini-extension?variant=45504199000249
2008,Supreme Boats,V212,https://shorelinebrands.com/products/wake-tower-mounted-universal-bimini-extension?variant=45504199000249
2008,Supreme Boats,V220 SKY,https://shorelinebrands.com/products/wake-tower-mounted-universal-bimini-extension?variant=45504199000249
2008,Supreme Boats,V220 SP,https://shorelinebrands.com/products/wake-tower-mounted-universal-bimini-extension?variant=45504199000249
2008,Supreme Boats,V232 SKY,https://shorelinebrands.com/products/wake-tower-mounted-universal-bimini-extension?variant=45504199000249
2008,Supreme Boats,V232,https://shorelinebrands.com/products/wake-tower-mounted-universal-bimini-extension?variant=45504199000249
2009,Supreme Boats,220 SP SKY,https://shorelinebrands.com/products/wake-tower-mounted-universal-bimini-extension?variant=45504199000249
2009,Supreme Boats,220 SP,https://shorelinebrands.com/products/wake-tower-mounted-universal-bimini-extension?variant=45504199000249
2009,Supreme Boats,V208 SKY,https://shorelinebrands.com/products/wake-tower-mounted-universal-bimini-extension?variant=45504199000249
2009,Supreme Boats,V208,https://shorelinebrands.com/products/wake-tower-mounted-universal-bimini-extension?variant=45504199000249
2009,Supreme Boats,V212 SKY,https://shorelinebrands.com/products/wake-tower-mounted-universal-bimini-extension?variant=45504199000249
2009,Supreme Boats,V212,https://shorelinebrands.com/products/wake-tower-mounted-universal-bimini-extension?variant=45504199000249
2009,Supreme Boats,V220 SKY,https://shorelinebrands.com/products/wake-tower-mounted-universal-bimini-extension?variant=45504199000249
2009,Supreme Boats,V220 SP,https://shorelinebrands.com/products/wake-tower-mounted-universal-bimini-extension?variant=45504199000249
2009,Supreme Boats,V226 SKY,https://shorelinebrands.com/products/wake-tower-mounted-universal-bimini-extension?variant=45504199000249
2009,Supreme Boats,V232 SKY,https://shorelinebrands.com/products/wake-tower-mounted-universal-bimini-extension?variant=45504199000249
2009,Supreme Boats,V232,https://shorelinebrands.com/products/wake-tower-mounted-universal-bimini-extension?variant=45504199000249
2010,Supreme Boats,220 SP SKY,https://shorelinebrands.com/products/wake-tower-mounted-universal-bimini-extension?variant=45504199000249
2010,Supreme Boats,OUTLAW V,https://shorelinebrands.com/products/wake-tower-mounted-universal-bimini-extension?variant=45504199000249
2010,Supreme Boats,V208 SKY,https://shorelinebrands.com/products/wake-tower-mounted-universal-bimini-extension?variant=45504199000249
2010,Supreme Boats,V212 SKY,https://shorelinebrands.com/products/wake-tower-mounted-universal-bimini-extension?variant=45504199000249
2010,Supreme Boats,V220 SKY,https://shorelinebrands.com/products/wake-tower-mounted-universal-bimini-extension?variant=45504199000249
2010,Supreme Boats,V226 SKY,https://shorelinebrands.com/products/wake-tower-mounted-universal-bimini-extension?variant=45504199000249
2010,Supreme Boats,V232 SKY,https://shorelinebrands.com/products/wake-tower-mounted-universal-bimini-extension?variant=45504199000249
2011,Supreme Boats,220 SP SKY,https://shorelinebrands.com/products/wake-tower-mounted-universal-bimini-extension?variant=45504199000249
2011,Supreme Boats,OUTLAW V,https://shorelinebrands.com/products/wake-tower-mounted-universal-bimini-extension?variant=45504199000249
2011,Supreme Boats,V208 SKY,https://shorelinebrands.com/products/wake-tower-mounted-universal-bimini-extension?variant=45504199000249
2011,Supreme Boats,V212 SKY,https://shorelinebrands.com/products/wake-tower-mounted-universal-bimini-extension?variant=45504199000249
2011,Supreme Boats,V220 SKY,https://shorelinebrands.com/products/wake-tower-mounted-universal-bimini-extension?variant=45504199000249
2011,Supreme Boats,V226 SKY,https://shorelinebrands.com/products/wake-tower-mounted-universal-bimini-extension?variant=45504199000249
2011,Supreme Boats,V232 SKY,https://shorelinebrands.com/products/wake-tower-mounted-universal-bimini-extension?variant=45504199000249
2012,Supreme Boats,V208 SKY,https://shorelinebrands.com/products/wake-tower-mounted-universal-bimini-extension?variant=45504199000249
2012,Supreme Boats,V212 SKY,https://shorelinebrands.com/products/wake-tower-mounted-universal-bimini-extension?variant=45504199000249
2012,Supreme Boats,V220 SKY,https://shorelinebrands.com/products/wake-tower-mounted-universal-bimini-extension?variant=45504199000249
2012,Supreme Boats,V226 SKY,https://shorelinebrands.com/products/wake-tower-mounted-universal-bimini-extension?variant=45504199000249
2012,Supreme Boats,V232 SKY,https://shorelinebrands.com/products/wake-tower-mounted-universal-bimini-extension?variant=45504199000249
2013,Supreme Boats,V208 SKY,https://shorelinebrands.com/products/wake-tower-mounted-universal-bimini-extension?variant=45504199000249
2013,Supreme Boats,V226 SKY,https://shorelinebrands.com/products/wake-tower-mounted-universal-bimini-extension?variant=45504199000249
2013,Supreme Boats,V232 SKY,https://shorelinebrands.com/products/wake-tower-mounted-universal-bimini-extension?variant=45504199000249
2014,Supreme Boats,S21,https://shorelinebrands.com/products/wake-tower-mounted-universal-bimini-extension?variant=45504199000249
2014,Supreme Boats,V208,https://shorelinebrands.com/products/wake-tower-mounted-universal-bimini-extension?variant=45504199000249
2014,Supreme Boats,V226,https://shorelinebrands.com/products/wake-tower-mounted-universal-bimini-extension?variant=45504199000249
2014,Supreme Boats,V232,https://shorelinebrands.com/products/wake-tower-mounted-universal-bimini-extension?variant=45504199000249
2015,Supreme Boats,S21,https://shorelinebrands.com/products/wake-tower-mounted-universal-bimini-extension?variant=45504199000249
2015,Supreme Boats,S226,https://shorelinebrands.com/products/wake-tower-mounted-universal-bimini-extension?variant=45504199000249
2016,Supreme Boats,S21,https://shorelinebrands.com/products/wake-tower-mounted-universal-bimini-extension?variant=45504199000249
2016,Supreme Boats,S211,https://shorelinebrands.com/products/wake-tower-mounted-universal-bimini-extension?variant=45504199000249
2016,Supreme Boats,S226,https://shorelinebrands.com/products/wake-tower-mounted-universal-bimini-extension?variant=45504199000249
2016,Supreme Boats,S238,https://shorelinebrands.com/products/wake-tower-mounted-universal-bimini-extension?variant=45504199000249
2017,Supreme Boats,S202,https://shorelinebrands.com/products/wake-tower-mounted-universal-bimini-extension?variant=45504199000249
2017,Supreme Boats,S21,https://shorelinebrands.com/products/wake-tower-mounted-universal-bimini-extension?variant=45504199000249
2017,Supreme Boats,S211,https://shorelinebrands.com/products/wake-tower-mounted-universal-bimini-extension?variant=45504199000249
2017,Supreme Boats,S226,https://shorelinebrands.com/products/wake-tower-mounted-universal-bimini-extension?variant=45504199000249
2017,Supreme Boats,S238,https://shorelinebrands.com/products/wake-tower-mounted-universal-bimini-extension?variant=45504199000249
2018,Supreme Boats,S202,https://shorelinebrands.com/products/wake-tower-mounted-universal-bimini-extension?variant=45504199000249
2018,Supreme Boats,S21,https://shorelinebrands.com/products/wake-tower-mounted-universal-bimini-extension?variant=45504199000249
2018,Supreme Boats,S211,https://shorelinebrands.com/products/wake-tower-mounted-universal-bimini-extension?variant=45504199000249
2018,Supreme Boats,S224,https://shorelinebrands.com/products/wake-tower-mounted-universal-bimini-extension?variant=45504199000249
2018,Supreme Boats,S226,https://shorelinebrands.com/products/wake-tower-mounted-universal-bimini-extension?variant=45504199000249
2018,Supreme Boats,S238,https://shorelinebrands.com/products/wake-tower-mounted-universal-bimini-extension?variant=45504199000249
2019,Supreme Boats,S202,https://shorelinebrands.com/products/wake-tower-mounted-universal-bimini-extension?variant=45504199000249
2019,Supreme Boats,S211,https://shorelinebrands.com/products/wake-tower-mounted-universal-bimini-extension?variant=45504199000249
2019,Supreme Boats,ZS212,https://shorelinebrands.com/products/wake-tower-mounted-universal-bimini-extension?variant=45504199000249
2019,Supreme Boats,S224,https://shorelinebrands.com/products/wake-tower-mounted-universal-bimini-extension?variant=45504199000249
2019,Supreme Boats,ZS232,https://shorelinebrands.com/products/wake-tower-mounted-universal-bimini-extension?variant=45504199000249
2019,Supreme Boats,S238,https://shorelinebrands.com/products/wake-tower-mounted-universal-bimini-extension?variant=45504199000249
2019,Supreme Boats,ZS222 w/ Sewlong Bimini,https://shorelinebrands.com/products/centurion-and-supreme-bimini-extension-kit?variant=45345971208377
2019,Supreme Boats,ZS232 w/ Sewlong Bimini,https://shorelinebrands.com/products/centurion-and-supreme-bimini-extension-kit?variant=45345971208377
2019,Supreme Boats,ZS252 w/ Sewlong Bimini,https://shorelinebrands.com/products/centurion-and-supreme-bimini-extension-kit?variant=45345971208377
2020,Supreme Boats,S211,https://shorelinebrands.com/products/wake-tower-mounted-universal-bimini-extension?variant=45504199000249
2020,Supreme Boats,ZS212,https://shorelinebrands.com/products/wake-tower-mounted-universal-bimini-extension?variant=45504199000249
2020,Supreme Boats,ZS232,https://shorelinebrands.com/products/wake-tower-mounted-universal-bimini-extension?variant=45504199000249
2020,Supreme Boats,S238,https://shorelinebrands.com/products/wake-tower-mounted-universal-bimini-extension?variant=45504199000249
2020,Supreme Boats,ZS222 w/ Sewlong Bimini,https://shorelinebrands.com/products/centurion-and-supreme-bimini-extension-kit?variant=45345971208377
2020,Supreme Boats,ZS232 w/ Sewlong Bimini,https://shorelinebrands.com/products/centurion-and-supreme-bimini-extension-kit?variant=45345971208377
2020,Supreme Boats,ZS252 w/ Sewlong Bimini,https://shorelinebrands.com/products/centurion-and-supreme-bimini-extension-kit?variant=45345971208377
2021,Supreme Boats,S211,https://shorelinebrands.com/products/wake-tower-mounted-universal-bimini-extension?variant=45504199000249
2021,Supreme Boats,ZS212,https://shorelinebrands.com/products/wake-tower-mounted-universal-bimini-extension?variant=45504199000249
2021,Supreme Boats,ZS232,https://shorelinebrands.com/products/wake-tower-mounted-universal-bimini-extension?variant=45504199000249
2021,Supreme Boats,S238,https://shorelinebrands.com/products/wake-tower-mounted-universal-bimini-extension?variant=45504199000249
2021,Supreme Boats,ZS222 w/ Sewlong Bimini,https://shorelinebrands.com/products/centurion-and-supreme-bimini-extension-kit?variant=45345971208377
2021,Supreme Boats,ZS232 w/ Sewlong Bimini,https://shorelinebrands.com/products/centurion-and-supreme-bimini-extension-kit?variant=45345971208377
2021,Supreme Boats,ZS252 w/ Sewlong Bimini,https://shorelinebrands.com/products/centurion-and-supreme-bimini-extension-kit?variant=45345971208377
2022,Supreme Boats,ZS212,https://shorelinebrands.com/products/wake-tower-mounted-universal-bimini-extension?variant=45504199000249
2022,Supreme Boats,S220,https://shorelinebrands.com/products/wake-tower-mounted-universal-bimini-extension?variant=45504199000249
2022,Supreme Boats,ZS232,https://shorelinebrands.com/products/wake-tower-mounted-universal-bimini-extension?variant=45504199000249
2022,Supreme Boats,S240,https://shorelinebrands.com/products/wake-tower-mounted-universal-bimini-extension?variant=45504199000249
2022,Supreme Boats,ZS252,https://shorelinebrands.com/products/wake-tower-mounted-universal-bimini-extension?variant=45504199000249
2022,Supreme Boats,ZS222 w/ Sewlong Bimini,https://shorelinebrands.com/products/centurion-and-supreme-bimini-extension-kit?variant=45345971208377
2022,Supreme Boats,ZS232 w/ Sewlong Bimini,https://shorelinebrands.com/products/centurion-and-supreme-bimini-extension-kit?variant=45345971208377
2022,Supreme Boats,ZS252 w/ Sewlong Bimini,https://shorelinebrands.com/products/centurion-and-supreme-bimini-extension-kit?variant=45345971208377
2023,Supreme Boats,ZS212,https://shorelinebrands.com/products/wake-tower-mounted-universal-bimini-extension?variant=45504199000249
2023,Supreme Boats,S220,https://shorelinebrands.com/products/wake-tower-mounted-universal-bimini-extension?variant=45504199000249
2023,Supreme Boats,ZS232,https://shorelinebrands.com/products/wake-tower-mounted-universal-bimini-extension?variant=45504199000249
2023,Supreme Boats,S240,https://shorelinebrands.com/products/wake-tower-mounted-universal-bimini-extension?variant=45504199000249
2023,Supreme Boats,ZS222 w/ Sewlong Bimini,https://shorelinebrands.com/products/centurion-and-supreme-bimini-extension-kit?variant=45345971208377
2023,Supreme Boats,ZS232 w/ Sewlong Bimini,https://shorelinebrands.com/products/centurion-and-supreme-bimini-extension-kit?variant=45345971208377
2023,Supreme Boats,ZS252 w/ Sewlong Bimini,https://shorelinebrands.com/products/centurion-and-supreme-bimini-extension-kit?variant=45345971208377
2023,Supreme Boats,ZS252,https://shorelinebrands.com/products/wake-tower-mounted-universal-bimini-extension?variant=45504199000249
2024,Supreme Boats,ZS212,https://shorelinebrands.com/products/wake-tower-mounted-universal-bimini-extension?variant=45504199000249
2024,Supreme Boats,S220,https://shorelinebrands.com/products/wake-tower-mounted-universal-bimini-extension?variant=45504199000249
2024,Supreme Boats,ZS232,https://shorelinebrands.com/products/wake-tower-mounted-universal-bimini-extension?variant=45504199000249
2024,Supreme Boats,S240,https://shorelinebrands.com/products/wake-tower-mounted-universal-bimini-extension?variant=45504199000249
2024,Supreme Boats,S220 w/ Sewlong Bimini,https://shorelinebrands.com/products/centurion-and-supreme-bimini-extension-kit?variant=45345971208377
2024,Supreme Boats,S240 w/ Sewlong Bimini,https://shorelinebrands.com/products/centurion-and-supreme-bimini-extension-kit?variant=45345971208377
2024,Supreme Boats,ZS252,https://shorelinebrands.com/products/wake-tower-mounted-universal-bimini-extension?variant=45504199000249
2024,Supreme Boats,ZS222 w/ Sewlong Bimini,https://shorelinebrands.com/products/centurion-and-supreme-bimini-extension-kit?variant=45345971208377
2024,Supreme Boats,ZS232 w/ Sewlong Bimini,https://shorelinebrands.com/products/centurion-and-supreme-bimini-extension-kit?variant=45345971208377
2024,Supreme Boats,ZS252 w/ Sewlong Bimini,https://shorelinebrands.com/products/centurion-and-supreme-bimini-extension-kit?variant=45345971208377
2025,Supreme Boats,S220,https://shorelinebrands.com/products/wake-tower-mounted-universal-bimini-extension?variant=45504199000249
2025,Supreme Boats,S240,https://shorelinebrands.com/products/wake-tower-mounted-universal-bimini-extension?variant=45504199000249
2025,Supreme Boats,S220 w/ Sewlong Bimini,https://shorelinebrands.com/products/centurion-and-supreme-bimini-extension-kit?variant=45345971208377
2025,Supreme Boats,S240 w/ Sewlong Bimini,https://shorelinebrands.com/products/centurion-and-supreme-bimini-extension-kit?variant=45345971208377
2026,Supreme Boats,S220,https://shorelinebrands.com/products/wake-tower-mounted-universal-bimini-extension?variant=45504199000249
2026,Supreme Boats,S240,https://shorelinebrands.com/products/wake-tower-mounted-universal-bimini-extension?variant=45504199000249
2026,Supreme Boats,S220 w/ Sewlong Bimini,https://shorelinebrands.com/products/centurion-and-supreme-bimini-extension-kit?variant=45345971208377
2026,Supreme Boats,S240 w/ Sewlong Bimini,https://shorelinebrands.com/products/centurion-and-supreme-bimini-extension-kit?variant=45345971208377
2000,Tige Boats Inc,20I,https://shorelinebrands.com/products/wake-tower-mounted-universal-bimini-extension?variant=45504199000249
2000,Tige Boats Inc,20CI,https://shorelinebrands.com/products/wake-tower-mounted-universal-bimini-extension?variant=45504199000249
2000,Tige Boats Inc,2100V LIMITED,https://shorelinebrands.com/products/wake-tower-mounted-universal-bimini-extension?variant=45504199000249
2000,Tige Boats Inc,21I RIDERS,https://shorelinebrands.com/products/wake-tower-mounted-universal-bimini-extension?variant=45504199000249
2000,Tige Boats Inc,21I,https://shorelinebrands.com/products/wake-tower-mounted-universal-bimini-extension?variant=45504199000249
2000,Tige Boats Inc,21V FOX RACING,https://shorelinebrands.com/products/wake-tower-mounted-universal-bimini-extension?variant=45504199000249
2000,Tige Boats Inc,21V RIDERS,https://shorelinebrands.com/products/wake-tower-mounted-universal-bimini-extension?variant=45504199000249
2000,Tige Boats Inc,22I,https://shorelinebrands.com/products/wake-tower-mounted-universal-bimini-extension?variant=45504199000249
2000,Tige Boats Inc,2300V LIMITED,https://shorelinebrands.com/products/wake-tower-mounted-universal-bimini-extension?variant=45504199000249
2001,Tige Boats Inc,20I,https://shorelinebrands.com/products/wake-tower-mounted-universal-bimini-extension?variant=45504199000249
2001,Tige Boats Inc,20CI,https://shorelinebrands.com/products/wake-tower-mounted-universal-bimini-extension?variant=45504199000249
2001,Tige Boats Inc,2100V LIMITED,https://shorelinebrands.com/products/wake-tower-mounted-universal-bimini-extension?variant=45504199000249
2001,Tige Boats Inc,21I,https://shorelinebrands.com/products/wake-tower-mounted-universal-bimini-extension?variant=45504199000249
2001,Tige Boats Inc,21V FOX RACING,https://shorelinebrands.com/products/wake-tower-mounted-universal-bimini-extension?variant=45504199000249
2001,Tige Boats Inc,21V RIDERS,https://shorelinebrands.com/products/wake-tower-mounted-universal-bimini-extension?variant=45504199000249
2001,Tige Boats Inc,22I TYPE R,https://shorelinebrands.com/products/wake-tower-mounted-universal-bimini-extension?variant=45504199000249
2001,Tige Boats Inc,22I,https://shorelinebrands.com/products/wake-tower-mounted-universal-bimini-extension?variant=45504199000249
2001,Tige Boats Inc,230V LIMITED,https://shorelinebrands.com/products/wake-tower-mounted-universal-bimini-extension?variant=45504199000249
2002,Tige Boats Inc,2000V LTD,https://shorelinebrands.com/products/wake-tower-mounted-universal-bimini-extension?variant=45504199000249
2002,Tige Boats Inc,20CI,https://shorelinebrands.com/products/wake-tower-mounted-universal-bimini-extension?variant=45504199000249
2002,Tige Boats Inc,20I,https://shorelinebrands.com/products/wake-tower-mounted-universal-bimini-extension?variant=45504199000249
2002,Tige Boats Inc,20V RIDERS,https://shorelinebrands.com/products/wake-tower-mounted-universal-bimini-extension?variant=45504199000249
2002,Tige Boats Inc,2100V LTD,https://shorelinebrands.com/products/wake-tower-mounted-universal-bimini-extension?variant=45504199000249
2002,Tige Boats Inc,21V FOX RACING,https://shorelinebrands.com/products/wake-tower-mounted-universal-bimini-extension?variant=45504199000249
2002,Tige Boats Inc,21V RIDERS,https://shorelinebrands.com/products/wake-tower-mounted-universal-bimini-extension?variant=45504199000249
2002,Tige Boats Inc,22I TYPE R,https://shorelinebrands.com/products/wake-tower-mounted-universal-bimini-extension?variant=45504199000249
2002,Tige Boats Inc,22I,https://shorelinebrands.com/products/wake-tower-mounted-universal-bimini-extension?variant=45504199000249
2002,Tige Boats Inc,2300V LTD,https://shorelinebrands.com/products/wake-tower-mounted-universal-bimini-extension?variant=45504199000249
2002,Tige Boats Inc,23V RIDERS,https://shorelinebrands.com/products/wake-tower-mounted-universal-bimini-extension?variant=45504199000249
2003,Tige Boats Inc,20CI,https://shorelinebrands.com/products/wake-tower-mounted-universal-bimini-extension?variant=45504199000249
2003,Tige Boats Inc,20I,https://shorelinebrands.com/products/wake-tower-mounted-universal-bimini-extension?variant=45504199000249
2003,Tige Boats Inc,20V LTD,https://shorelinebrands.com/products/wake-tower-mounted-universal-bimini-extension?variant=45504199000249
2003,Tige Boats Inc,20V RIDERS,https://shorelinebrands.com/products/wake-tower-mounted-universal-bimini-extension?variant=45504199000249
2003,Tige Boats Inc,21I TYPE R,https://shorelinebrands.com/products/wake-tower-mounted-universal-bimini-extension?variant=45504199000249
2003,Tige Boats Inc,21I,https://shorelinebrands.com/products/wake-tower-mounted-universal-bimini-extension?variant=45504199000249
2003,Tige Boats Inc,22I TYPE R,https://shorelinebrands.com/products/wake-tower-mounted-universal-bimini-extension?variant=45504199000249
2003,Tige Boats Inc,22I,https://shorelinebrands.com/products/wake-tower-mounted-universal-bimini-extension?variant=45504199000249
2003,Tige Boats Inc,22V LTD,https://shorelinebrands.com/products/wake-tower-mounted-universal-bimini-extension?variant=45504199000249
2003,Tige Boats Inc,22V RIDERS,https://shorelinebrands.com/products/wake-tower-mounted-universal-bimini-extension?variant=45504199000249
2003,Tige Boats Inc,24V LTD,https://shorelinebrands.com/products/wake-tower-mounted-universal-bimini-extension?variant=45504199000249
2003,Tige Boats Inc,24V RIDERS,https://shorelinebrands.com/products/wake-tower-mounted-universal-bimini-extension?variant=45504199000249
2004,Tige Boats Inc,20CI,https://shorelinebrands.com/products/wake-tower-mounted-universal-bimini-extension?variant=45504199000249
2004,Tige Boats Inc,20V LTD,https://shorelinebrands.com/products/wake-tower-mounted-universal-bimini-extension?variant=45504199000249
2004,Tige Boats Inc,20V RIDERS,https://shorelinebrands.com/products/wake-tower-mounted-universal-bimini-extension?variant=45504199000249
2004,Tige Boats Inc,SWITCH I,https://shorelinebrands.com/products/wake-tower-mounted-universal-bimini-extension?variant=45504199000249
2004,Tige Boats Inc,SWITCH V,https://shorelinebrands.com/products/wake-tower-mounted-universal-bimini-extension?variant=45504199000249
2004,Tige Boats Inc,21I TYPE R,https://shorelinebrands.com/products/wake-tower-mounted-universal-bimini-extension?variant=45504199000249
2004,Tige Boats Inc,21I,https://shorelinebrands.com/products/wake-tower-mounted-universal-bimini-extension?variant=45504199000249
2004,Tige Boats Inc,22I TYPE R,https://shorelinebrands.com/products/wake-tower-mounted-universal-bimini-extension?variant=45504199000249
2004,Tige Boats Inc,22I,https://shorelinebrands.com/products/wake-tower-mounted-universal-bimini-extension?variant=45504199000249
2004,Tige Boats Inc,22V LTD,https://shorelinebrands.com/products/wake-tower-mounted-universal-bimini-extension?variant=45504199000249
2004,Tige Boats Inc,22V RIDERS,https://shorelinebrands.com/products/wake-tower-mounted-universal-bimini-extension?variant=45504199000249
2004,Tige Boats Inc,24V LTD,https://shorelinebrands.com/products/wake-tower-mounted-universal-bimini-extension?variant=45504199000249
2004,Tige Boats Inc,24V RIDERS,https://shorelinebrands.com/products/wake-tower-mounted-universal-bimini-extension?variant=45504199000249
2005,Tige Boats Inc,20V,https://shorelinebrands.com/products/wake-tower-mounted-universal-bimini-extension?variant=45504199000249
2005,Tige Boats Inc,SWITCH CI,https://shorelinebrands.com/products/wake-tower-mounted-universal-bimini-extension?variant=45504199000249
2005,Tige Boats Inc,SWITCH I,https://shorelinebrands.com/products/wake-tower-mounted-universal-bimini-extension?variant=45504199000249
2005,Tige Boats Inc,SWITCH V,https://shorelinebrands.com/products/wake-tower-mounted-universal-bimini-extension?variant=45504199000249
2005,Tige Boats Inc,21I,https://shorelinebrands.com/products/wake-tower-mounted-universal-bimini-extension?variant=45504199000249
2005,Tige Boats Inc,22I,https://shorelinebrands.com/products/wake-tower-mounted-universal-bimini-extension?variant=45504199000249
2005,Tige Boats Inc,22V,https://shorelinebrands.com/products/wake-tower-mounted-universal-bimini-extension?variant=45504199000249
2005,Tige Boats Inc,24V,https://shorelinebrands.com/products/wake-tower-mounted-universal-bimini-extension?variant=45504199000249
2006,Tige Boats Inc,20I,https://shorelinebrands.com/products/wake-tower-mounted-universal-bimini-extension?variant=45504199000249
2006,Tige Boats Inc,20V,https://shorelinebrands.com/products/wake-tower-mounted-universal-bimini-extension?variant=45504199000249
2006,Tige Boats Inc,21I,https://shorelinebrands.com/products/wake-tower-mounted-universal-bimini-extension?variant=45504199000249
2006,Tige Boats Inc,22I,https://shorelinebrands.com/products/wake-tower-mounted-universal-bimini-extension?variant=45504199000249
2006,Tige Boats Inc,22V,https://shorelinebrands.com/products/wake-tower-mounted-universal-bimini-extension?variant=45504199000249
2006,Tige Boats Inc,22VE,https://shorelinebrands.com/products/wake-tower-mounted-universal-bimini-extension?variant=45504199000249
2006,Tige Boats Inc,24V,https://shorelinebrands.com/products/wake-tower-mounted-universal-bimini-extension?variant=45504199000249
2006,Tige Boats Inc,24VE,https://shorelinebrands.com/products/wake-tower-mounted-universal-bimini-extension?variant=45504199000249
2007,Tige Boats Inc,20I,https://shorelinebrands.com/products/wake-tower-mounted-universal-bimini-extension?variant=45504199000249
2007,Tige Boats Inc,20V,https://shorelinebrands.com/products/wake-tower-mounted-universal-bimini-extension?variant=45504199000249
2007,Tige Boats Inc,21I,https://shorelinebrands.com/products/wake-tower-mounted-universal-bimini-extension?variant=45504199000249
2007,Tige Boats Inc,22I,https://shorelinebrands.com/products/wake-tower-mounted-universal-bimini-extension?variant=45504199000249
2007,Tige Boats Inc,22VE,https://shorelinebrands.com/products/wake-tower-mounted-universal-bimini-extension?variant=45504199000249
2007,Tige Boats Inc,RZ2,https://shorelinebrands.com/products/wake-tower-mounted-universal-bimini-extension?variant=45504199000249
2007,Tige Boats Inc,24VE,https://shorelinebrands.com/products/wake-tower-mounted-universal-bimini-extension?variant=45504199000249
2007,Tige Boats Inc,RZ4,https://shorelinebrands.com/products/wake-tower-mounted-universal-bimini-extension?variant=45504199000249
2008,Tige Boats Inc,20I,https://shorelinebrands.com/products/wake-tower-mounted-universal-bimini-extension?variant=45504199000249
2008,Tige Boats Inc,20V,https://shorelinebrands.com/products/wake-tower-mounted-universal-bimini-extension?variant=45504199000249
2008,Tige Boats Inc,Z1,https://shorelinebrands.com/products/wake-tower-mounted-universal-bimini-extension?variant=45504199000249
2008,Tige Boats Inc,22I,https://shorelinebrands.com/products/wake-tower-mounted-universal-bimini-extension?variant=45504199000249
2008,Tige Boats Inc,22VE,https://shorelinebrands.com/products/wake-tower-mounted-universal-bimini-extension?variant=45504199000249
2008,Tige Boats Inc,RZ2,https://shorelinebrands.com/products/wake-tower-mounted-universal-bimini-extension?variant=45504199000249
2008,Tige Boats Inc,24VE,https://shorelinebrands.com/products/wake-tower-mounted-universal-bimini-extension?variant=45504199000249
2008,Tige Boats Inc,RZ4,https://shorelinebrands.com/products/wake-tower-mounted-universal-bimini-extension?variant=45504199000249
2009,Tige Boats Inc,20I,
2009,Tige Boats Inc,20V,
2009,Tige Boats Inc,Z1,
2009,Tige Boats Inc,22I,https://shorelinebrands.com/products/wake-tower-mounted-universal-bimini-extension?variant=45504199000249
2009,Tige Boats Inc,22VE,
2009,Tige Boats Inc,RZ2,
2009,Tige Boats Inc,24VE,
2009,Tige Boats Inc,RZ4,
2010,Tige Boats Inc,20I,https://shorelinebrands.com/products/wake-tower-mounted-universal-bimini-extension?variant=45504199000249
2010,Tige Boats Inc,20V,https://shorelinebrands.com/products/wake-tower-mounted-universal-bimini-extension?variant=45504199000249
2010,Tige Boats Inc,Z1,
2010,Tige Boats Inc,22I,
2010,Tige Boats Inc,22VE,
2010,Tige Boats Inc,RZ2,
2010,Tige Boats Inc,24VE,
2010,Tige Boats Inc,RZ4,
2011,Tige Boats Inc,20I,https://shorelinebrands.com/products/wake-tower-mounted-universal-bimini-extension?variant=45504199000249
2011,Tige Boats Inc,R20,
2011,Tige Boats Inc,RZR,
2011,Tige Boats Inc,Z1,
2011,Tige Boats Inc,22I,https://shorelinebrands.com/products/wake-tower-mounted-universal-bimini-extension?variant=45504199000249
2011,Tige Boats Inc,22VE,
2011,Tige Boats Inc,RZ2,
2011,Tige Boats Inc,RZ2 PLATINUM,
2011,Tige Boats Inc,24VE,
2011,Tige Boats Inc,RZ4,
2011,Tige Boats Inc,RZ4 PLATINUM,
2012,Tige Boats Inc,20I,
2012,Tige Boats Inc,R20,
2012,Tige Boats Inc,RZR,
2012,Tige Boats Inc,Z1,
2012,Tige Boats Inc,22I,https://shorelinebrands.com/products/wake-tower-mounted-universal-bimini-extension?variant=45504199000249
2012,Tige Boats Inc,22VE,
2012,Tige Boats Inc,RZ2,
2012,Tige Boats Inc,Z3,
2012,Tige Boats Inc,24VE,
2012,Tige Boats Inc,RZ4,
2013,Tige Boats Inc,20I,https://shorelinebrands.com/products/wake-tower-mounted-universal-bimini-extension?variant=45504199000249
2013,Tige Boats Inc,R20,
2013,Tige Boats Inc,RZR,
2013,Tige Boats Inc,Z1,
2013,Tige Boats Inc,22I,https://shorelinebrands.com/products/wake-tower-mounted-universal-bimini-extension?variant=45504199000249
2013,Tige Boats Inc,RZ2,
2013,Tige Boats Inc,Z3,
2013,Tige Boats Inc,RZ4,
2014,Tige Boats Inc,20I,
2014,Tige Boats Inc,R20,
2014,Tige Boats Inc,RZR,
2014,Tige Boats Inc,Z1,
2014,Tige Boats Inc,22I,https://shorelinebrands.com/products/wake-tower-mounted-universal-bimini-extension?variant=45504199000249
2014,Tige Boats Inc,RZ2,
2014,Tige Boats Inc,ASR,
2014,Tige Boats Inc,Z3,
2014,Tige Boats Inc,RZ4,
2015,Tige Boats Inc,R20,
2015,Tige Boats Inc,RZR,
2015,Tige Boats Inc,Z1,
2015,Tige Boats Inc,RZ2,
2015,Tige Boats Inc,ASR,
2015,Tige Boats Inc,Z3,
2015,Tige Boats Inc,RZ4,
2016,Tige Boats Inc,R20,
2016,Tige Boats Inc,RZR,
2016,Tige Boats Inc,Z1,
2016,Tige Boats Inc,R21,
2016,Tige Boats Inc,R22,
2016,Tige Boats Inc,RZ2,
2016,Tige Boats Inc,RZX,
2016,Tige Boats Inc,Z3,
2016,Tige Boats Inc,RZ4,
2017,Tige Boats Inc,R20,https://shorelinebrands.com/products/2017-2025-tige-bimini-shade-extension-kit?variant=45504205193401
2017,Tige Boats Inc,RZR,https://shorelinebrands.com/products/2017-2025-tige-bimini-shade-extension-kit?variant=45504205193401
2017,Tige Boats Inc,Z1,https://shorelinebrands.com/products/2017-2025-tige-bimini-shade-extension-kit?variant=45504205193401
2017,Tige Boats Inc,R21,https://shorelinebrands.com/products/2017-2025-tige-bimini-shade-extension-kit?variant=45504205193401
2017,Tige Boats Inc,R22,https://shorelinebrands.com/products/2017-2025-tige-bimini-shade-extension-kit?variant=45504205193401
2017,Tige Boats Inc,RZ2,https://shorelinebrands.com/products/2017-2025-tige-bimini-shade-extension-kit?variant=45504205193401
2017,Tige Boats Inc,RZX2,https://shorelinebrands.com/products/2017-2025-tige-bimini-shade-extension-kit?variant=45504205193401
2017,Tige Boats Inc,RZX3,https://shorelinebrands.com/products/2017-2025-tige-bimini-shade-extension-kit?variant=45504205193401
2017,Tige Boats Inc,Z3,https://shorelinebrands.com/products/2017-2025-tige-bimini-shade-extension-kit?variant=45504205193401
2017,Tige Boats Inc,RZ4,https://shorelinebrands.com/products/2017-2025-tige-bimini-shade-extension-kit?variant=45504205193401
2018,Tige Boats Inc,R20,https://shorelinebrands.com/products/2017-2025-tige-bimini-shade-extension-kit?variant=45504205193401
2018,Tige Boats Inc,RZR,https://shorelinebrands.com/products/2017-2025-tige-bimini-shade-extension-kit?variant=45504205193401
2018,Tige Boats Inc,R21,https://shorelinebrands.com/products/2017-2025-tige-bimini-shade-extension-kit?variant=45504205193401
2018,Tige Boats Inc,R22,https://shorelinebrands.com/products/2017-2025-tige-bimini-shade-extension-kit?variant=45504205193401
2018,Tige Boats Inc,RZ2,https://shorelinebrands.com/products/2017-2025-tige-bimini-shade-extension-kit?variant=45504205193401
2018,Tige Boats Inc,RZX2,https://shorelinebrands.com/products/2017-2025-tige-bimini-shade-extension-kit?variant=45504205193401
2018,Tige Boats Inc,Z1,https://shorelinebrands.com/products/2017-2025-tige-bimini-shade-extension-kit?variant=45504205193401
2018,Tige Boats Inc,R23,https://shorelinebrands.com/products/2017-2025-tige-bimini-shade-extension-kit?variant=45504205193401
2018,Tige Boats Inc,RZX3,https://shorelinebrands.com/products/2017-2025-tige-bimini-shade-extension-kit?variant=45504205193401
2018,Tige Boats Inc,Z3,https://shorelinebrands.com/products/2017-2025-tige-bimini-shade-extension-kit?variant=45504205193401
2018,Tige Boats Inc,RZ4,https://shorelinebrands.com/products/2017-2025-tige-bimini-shade-extension-kit?variant=45504205193401
2019,Tige Boats Inc,R20,https://shorelinebrands.com/products/2017-2025-tige-bimini-shade-extension-kit?variant=45504205193401
2019,Tige Boats Inc,RZX20,https://shorelinebrands.com/products/2017-2025-tige-bimini-shade-extension-kit?variant=45504205193401
2019,Tige Boats Inc,R21,https://shorelinebrands.com/products/2017-2025-tige-bimini-shade-extension-kit?variant=45504205193401
2019,Tige Boats Inc,R22,https://shorelinebrands.com/products/2017-2025-tige-bimini-shade-extension-kit?variant=45504205193401
2019,Tige Boats Inc,R23,https://shorelinebrands.com/products/2017-2025-tige-bimini-shade-extension-kit?variant=45504205193401
2019,Tige Boats Inc,RZX2,https://shorelinebrands.com/products/2017-2025-tige-bimini-shade-extension-kit?variant=45504205193401
2019,Tige Boats Inc,ZX1,https://shorelinebrands.com/products/2017-2025-tige-bimini-shade-extension-kit?variant=45504205193401
2019,Tige Boats Inc,RZX3,https://shorelinebrands.com/products/2017-2025-tige-bimini-shade-extension-kit?variant=45504205193401
2019,Tige Boats Inc,ZX5,https://shorelinebrands.com/products/2017-2025-tige-bimini-shade-extension-kit?variant=45504205193401
2020,Tige Boats Inc,20 RZX,https://shorelinebrands.com/products/2017-2025-tige-bimini-shade-extension-kit?variant=45504205193401
2020,Tige Boats Inc,R20,https://shorelinebrands.com/products/2017-2025-tige-bimini-shade-extension-kit?variant=45504205193401
2020,Tige Boats Inc,21 ZX,https://shorelinebrands.com/products/2017-2025-tige-bimini-shade-extension-kit?variant=45504205193401
2020,Tige Boats Inc,22 RZX,https://shorelinebrands.com/products/2017-2025-tige-bimini-shade-extension-kit?variant=45504205193401
2020,Tige Boats Inc,R21,https://shorelinebrands.com/products/2017-2025-tige-bimini-shade-extension-kit?variant=45504205193401
2020,Tige Boats Inc,R23,https://shorelinebrands.com/products/2017-2025-tige-bimini-shade-extension-kit?variant=45504205193401
2020,Tige Boats Inc,23 RZX,https://shorelinebrands.com/products/2017-2025-tige-bimini-shade-extension-kit?variant=45504205193401
2020,Tige Boats Inc,23 ZX,https://shorelinebrands.com/products/2017-2025-tige-bimini-shade-extension-kit?variant=45504205193401
2020,Tige Boats Inc,25 ZX,https://shorelinebrands.com/products/2017-2025-tige-bimini-shade-extension-kit?variant=45504205193401
2021,Tige Boats Inc,20 RZX,https://shorelinebrands.com/products/2017-2025-tige-bimini-shade-extension-kit?variant=45504205193401
2021,Tige Boats Inc,21 ZX,https://shorelinebrands.com/products/2017-2025-tige-bimini-shade-extension-kit?variant=45504205193401
2021,Tige Boats Inc,22 RZX,https://shorelinebrands.com/products/2017-2025-tige-bimini-shade-extension-kit?variant=45504205193401
2021,Tige Boats Inc,23 RZX,https://shorelinebrands.com/products/2017-2025-tige-bimini-shade-extension-kit?variant=45504205193401
2021,Tige Boats Inc,23 ZX,https://shorelinebrands.com/products/2017-2025-tige-bimini-shade-extension-kit?variant=45504205193401
2021,Tige Boats Inc,Z3,https://shorelinebrands.com/products/2017-2025-tige-bimini-shade-extension-kit?variant=45504205193401
2021,Tige Boats Inc,25 ZX,https://shorelinebrands.com/products/2017-2025-tige-bimini-shade-extension-kit?variant=45504205193401
2022,Tige Boats Inc,20 RZX,https://shorelinebrands.com/products/2017-2025-tige-bimini-shade-extension-kit?variant=45504205193401
2022,Tige Boats Inc,Z1,https://shorelinebrands.com/products/2017-2025-tige-bimini-shade-extension-kit?variant=45504205193401
2022,Tige Boats Inc,Z3,https://shorelinebrands.com/products/2017-2025-tige-bimini-shade-extension-kit?variant=45504205193401
2022,Tige Boats Inc,21 ZX,https://shorelinebrands.com/products/2017-2025-tige-bimini-shade-extension-kit?variant=45504205193401
2022,Tige Boats Inc,22 RZX,https://shorelinebrands.com/products/2017-2025-tige-bimini-shade-extension-kit?variant=45504205193401
2022,Tige Boats Inc,23 ZX,https://shorelinebrands.com/products/2017-2025-tige-bimini-shade-extension-kit?variant=45504205193401
2022,Tige Boats Inc,24 RZX,https://shorelinebrands.com/products/2017-2025-tige-bimini-shade-extension-kit?variant=45504205193401
2022,Tige Boats Inc,25 ZX,https://shorelinebrands.com/products/2017-2025-tige-bimini-shade-extension-kit?variant=45504205193401
2023,Tige Boats Inc,20 RZX,https://shorelinebrands.com/products/2017-2025-tige-bimini-shade-extension-kit?variant=45504205193401
2023,Tige Boats Inc,Z1,https://shorelinebrands.com/products/2017-2025-tige-bimini-shade-extension-kit?variant=45504205193401
2023,Tige Boats Inc,21 ZX,https://shorelinebrands.com/products/2017-2025-tige-bimini-shade-extension-kit?variant=45504205193401
2023,Tige Boats Inc,22 RZX,https://shorelinebrands.com/products/2017-2025-tige-bimini-shade-extension-kit?variant=45504205193401
2023,Tige Boats Inc,23 ZX,https://shorelinebrands.com/products/2017-2025-tige-bimini-shade-extension-kit?variant=45504205193401
2023,Tige Boats Inc,Z3,https://shorelinebrands.com/products/2017-2025-tige-bimini-shade-extension-kit?variant=45504205193401
2023,Tige Boats Inc,24 RZX,https://shorelinebrands.com/products/2017-2025-tige-bimini-shade-extension-kit?variant=45504205193401
2023,Tige Boats Inc,25 ZX,https://shorelinebrands.com/products/2017-2025-tige-bimini-shade-extension-kit?variant=45504205193401
2023,Tige Boats Inc,Z5,https://shorelinebrands.com/products/2017-2025-tige-bimini-shade-extension-kit?variant=45504205193401
2024,Tige Boats Inc,Z1,https://shorelinebrands.com/products/2017-2025-tige-bimini-shade-extension-kit?variant=45504205193401
2024,Tige Boats Inc,22 RZX,https://shorelinebrands.com/products/2017-2025-tige-bimini-shade-extension-kit?variant=45504205193401
2024,Tige Boats Inc,Z3,https://shorelinebrands.com/products/2017-2025-tige-bimini-shade-extension-kit?variant=45504205193401
2024,Tige Boats Inc,24 RZX,https://shorelinebrands.com/products/2017-2025-tige-bimini-shade-extension-kit?variant=45504205193401
2024,Tige Boats Inc,Z5,https://shorelinebrands.com/products/2017-2025-tige-bimini-shade-extension-kit?variant=45504205193401
2025,Tige Boats Inc,Z1,https://shorelinebrands.com/products/2017-2025-tige-bimini-shade-extension-kit?variant=45504205193401
2025,Tige Boats Inc,22 RZX,https://shorelinebrands.com/products/2017-2025-tige-bimini-shade-extension-kit?variant=45504205193401
2025,Tige Boats Inc,Z3,https://shorelinebrands.com/products/2017-2025-tige-bimini-shade-extension-kit?variant=45504205193401
2025,Tige Boats Inc,24 RZX,https://shorelinebrands.com/products/2017-2025-tige-bimini-shade-extension-kit?variant=45504205193401
2025,Tige Boats Inc,Z5,https://shorelinebrands.com/products/2017-2025-tige-bimini-shade-extension-kit?variant=45504205193401
2026,Tige Boats Inc,Z1,https://shorelinebrands.com/products/2017-2025-tige-bimini-shade-extension-kit?variant=45504205193401
2026,Tige Boats Inc,22 RZX,https://shorelinebrands.com/products/2017-2025-tige-bimini-shade-extension-kit?variant=45504205193401
2026,Tige Boats Inc,Z3,https://shorelinebrands.com/products/2017-2025-tige-bimini-shade-extension-kit?variant=45504205193401
2026,Tige Boats Inc,24 RZX,https://shorelinebrands.com/products/2017-2025-tige-bimini-shade-extension-kit?variant=45504205193401
2026,Tige Boats Inc,Z5,https://shorelinebrands.com/products/2017-2025-tige-bimini-shade-extension-kit?variant=45504205193401
2004,Yamaha,AR 230,https://shorelinebrands.com/products/wake-tower-mounted-universal-bimini-extension?variant=45504199000249
2004,Yamaha,SR 230,https://shorelinebrands.com/products/wake-tower-mounted-universal-bimini-extension?variant=45504199000249
2004,Yamaha,SX 230,https://shorelinebrands.com/products/wake-tower-mounted-universal-bimini-extension?variant=45504199000249
2005,Yamaha,AR 210,https://shorelinebrands.com/products/wake-tower-mounted-universal-bimini-extension?variant=45504199000249
2005,Yamaha,LX 210,https://shorelinebrands.com/products/wake-tower-mounted-universal-bimini-extension?variant=45504199000249
2005,Yamaha,AR 230 HO,https://shorelinebrands.com/products/wake-tower-mounted-universal-bimini-extension?variant=45504199000249
2005,Yamaha,AR 230,https://shorelinebrands.com/products/wake-tower-mounted-universal-bimini-extension?variant=45504199000249
2005,Yamaha,SR 230,https://shorelinebrands.com/products/wake-tower-mounted-universal-bimini-extension?variant=45504199000249
2005,Yamaha,SX 230 HO,https://shorelinebrands.com/products/wake-tower-mounted-universal-bimini-extension?variant=45504199000249
2005,Yamaha,SX 230,https://shorelinebrands.com/products/wake-tower-mounted-universal-bimini-extension?variant=45504199000249
2006,Yamaha,AR 210,https://shorelinebrands.com/products/wake-tower-mounted-universal-bimini-extension?variant=45504199000249
2006,Yamaha,SR 210,https://shorelinebrands.com/products/wake-tower-mounted-universal-bimini-extension?variant=45504199000249
2006,Yamaha,SX 210,https://shorelinebrands.com/products/wake-tower-mounted-universal-bimini-extension?variant=45504199000249
2006,Yamaha,AR 230 HO,https://shorelinebrands.com/products/wake-tower-mounted-universal-bimini-extension?variant=45504199000249
2006,Yamaha,AR 230,https://shorelinebrands.com/products/wake-tower-mounted-universal-bimini-extension?variant=45504199000249
2006,Yamaha,SX 230 HO,https://shorelinebrands.com/products/wake-tower-mounted-universal-bimini-extension?variant=45504199000249
2006,Yamaha,SX 230,https://shorelinebrands.com/products/wake-tower-mounted-universal-bimini-extension?variant=45504199000249
2007,Yamaha,AR 210,https://shorelinebrands.com/products/wake-tower-mounted-universal-bimini-extension?variant=45504199000249
2007,Yamaha,SR 210,https://shorelinebrands.com/products/wake-tower-mounted-universal-bimini-extension?variant=45504199000249
2007,Yamaha,SX 210,https://shorelinebrands.com/products/wake-tower-mounted-universal-bimini-extension?variant=45504199000249
2007,Yamaha,AR 230 HO,https://shorelinebrands.com/products/wake-tower-mounted-universal-bimini-extension?variant=45504199000249
2007,Yamaha,SR 230 HO,https://shorelinebrands.com/products/wake-tower-mounted-universal-bimini-extension?variant=45504199000249
2007,Yamaha,SX 230 HO,https://shorelinebrands.com/products/wake-tower-mounted-universal-bimini-extension?variant=45504199000249
2008,Yamaha,212 SS,https://shorelinebrands.com/products/wake-tower-mounted-universal-bimini-extension?variant=45504199000249
2008,Yamaha,212 X,https://shorelinebrands.com/products/wake-tower-mounted-universal-bimini-extension?variant=45504199000249
2008,Yamaha,AR 210,https://shorelinebrands.com/products/wake-tower-mounted-universal-bimini-extension?variant=45504199000249
2008,Yamaha,SX 210,https://shorelinebrands.com/products/wake-tower-mounted-universal-bimini-extension?variant=45504199000249
2008,Yamaha,232 LIMITED,https://shorelinebrands.com/products/wake-tower-mounted-universal-bimini-extension?variant=45504199000249
2008,Yamaha,AR 230 HO,https://shorelinebrands.com/products/wake-tower-mounted-universal-bimini-extension?variant=45504199000249
2008,Yamaha,SX 230 HO,https://shorelinebrands.com/products/wake-tower-mounted-universal-bimini-extension?variant=45504199000249
2009,Yamaha,212 SS,https://shorelinebrands.com/products/wake-tower-mounted-universal-bimini-extension?variant=45504199000249
2009,Yamaha,212 X,https://shorelinebrands.com/products/wake-tower-mounted-universal-bimini-extension?variant=45504199000249
2009,Yamaha,AR 210,https://shorelinebrands.com/products/wake-tower-mounted-universal-bimini-extension?variant=45504199000249
2009,Yamaha,SX 210,https://shorelinebrands.com/products/wake-tower-mounted-universal-bimini-extension?variant=45504199000249
2009,Yamaha,232 LIMITED S,https://shorelinebrands.com/products/wake-tower-mounted-universal-bimini-extension?variant=45504199000249
2009,Yamaha,232 LIMITED,https://shorelinebrands.com/products/wake-tower-mounted-universal-bimini-extension?variant=45504199000249
2009,Yamaha,AR 230 HO,https://shorelinebrands.com/products/wake-tower-mounted-universal-bimini-extension?variant=45504199000249
2009,Yamaha,SX 230 HO,https://shorelinebrands.com/products/wake-tower-mounted-universal-bimini-extension?variant=45504199000249
2010,Yamaha,212 SS,https://shorelinebrands.com/products/wake-tower-mounted-universal-bimini-extension?variant=45504199000249
2010,Yamaha,212 X,https://shorelinebrands.com/products/wake-tower-mounted-universal-bimini-extension?variant=45504199000249
2010,Yamaha,AR 210,https://shorelinebrands.com/products/wake-tower-mounted-universal-bimini-extension?variant=45504199000249
2010,Yamaha,SX 210,https://shorelinebrands.com/products/wake-tower-mounted-universal-bimini-extension?variant=45504199000249
2010,Yamaha,242 LIMITED S,https://shorelinebrands.com/products/wake-tower-mounted-universal-bimini-extension?variant=45504199000249
2010,Yamaha,242 LIMITED,https://shorelinebrands.com/products/wake-tower-mounted-universal-bimini-extension?variant=45504199000249
2010,Yamaha,AR 240 HO,https://shorelinebrands.com/products/wake-tower-mounted-universal-bimini-extension?variant=45504199000249
2010,Yamaha,SX 240 HO,https://shorelinebrands.com/products/wake-tower-mounted-universal-bimini-extension?variant=45504199000249
2011,Yamaha,AR 210,https://shorelinebrands.com/products/wake-tower-mounted-universal-bimini-extension?variant=45504199000249
2011,Yamaha,SX 210,https://shorelinebrands.com/products/wake-tower-mounted-universal-bimini-extension?variant=45504199000249
2011,Yamaha,242 LIMITED S,https://shorelinebrands.com/products/wake-tower-mounted-universal-bimini-extension?variant=45504199000249
2011,Yamaha,242 LIMITED,https://shorelinebrands.com/products/wake-tower-mounted-universal-bimini-extension?variant=45504199000249
2011,Yamaha,AR 240 HO,https://shorelinebrands.com/products/wake-tower-mounted-universal-bimini-extension?variant=45504199000249
2011,Yamaha,SX 240 HO,https://shorelinebrands.com/products/wake-tower-mounted-universal-bimini-extension?variant=45504199000249
2012,Yamaha,AR 190,https://shorelinebrands.com/products/wake-tower-mounted-universal-bimini-extension?variant=45504199000249
2012,Yamaha,SX 190,https://shorelinebrands.com/products/wake-tower-mounted-universal-bimini-extension?variant=45504199000249
2012,Yamaha,212 SS,https://shorelinebrands.com/products/wake-tower-mounted-universal-bimini-extension?variant=45504199000249
2012,Yamaha,212 X,https://shorelinebrands.com/products/wake-tower-mounted-universal-bimini-extension?variant=45504199000249
2012,Yamaha,AR 210,https://shorelinebrands.com/products/wake-tower-mounted-universal-bimini-extension?variant=45504199000249
2012,Yamaha,SX 210,https://shorelinebrands.com/products/wake-tower-mounted-universal-bimini-extension?variant=45504199000249
2012,Yamaha,242 LIMITED S,https://shorelinebrands.com/products/wake-tower-mounted-universal-bimini-extension?variant=45504199000249
2012,Yamaha,242 LIMITED,https://shorelinebrands.com/products/wake-tower-mounted-universal-bimini-extension?variant=45504199000249
2012,Yamaha,AR 240 HO,https://shorelinebrands.com/products/wake-tower-mounted-universal-bimini-extension?variant=45504199000249
2012,Yamaha,SX 240 HO,https://shorelinebrands.com/products/wake-tower-mounted-universal-bimini-extension?variant=45504199000249
2013,Yamaha,AR 190,https://shorelinebrands.com/products/wake-tower-mounted-universal-bimini-extension?variant=45504199000249
2013,Yamaha,AR 192,https://shorelinebrands.com/products/wake-tower-mounted-universal-bimini-extension?variant=45504199000249
2013,Yamaha,SX 190,https://shorelinebrands.com/products/wake-tower-mounted-universal-bimini-extension?variant=45504199000249
2013,Yamaha,SX 192,https://shorelinebrands.com/products/wake-tower-mounted-universal-bimini-extension?variant=45504199000249
2013,Yamaha,212 SS,https://shorelinebrands.com/products/wake-tower-mounted-universal-bimini-extension?variant=45504199000249
2013,Yamaha,212 X,https://shorelinebrands.com/products/wake-tower-mounted-universal-bimini-extension?variant=45504199000249
2013,Yamaha,AR 210,https://shorelinebrands.com/products/wake-tower-mounted-universal-bimini-extension?variant=45504199000249
2013,Yamaha,SX 210,https://shorelinebrands.com/products/wake-tower-mounted-universal-bimini-extension?variant=45504199000249
2013,Yamaha,242 LIMITED S,https://shorelinebrands.com/products/wake-tower-mounted-universal-bimini-extension?variant=45504199000249
2013,Yamaha,242 LIMITED,https://shorelinebrands.com/products/wake-tower-mounted-universal-bimini-extension?variant=45504199000249
2013,Yamaha,AR 240 HO,https://shorelinebrands.com/products/wake-tower-mounted-universal-bimini-extension?variant=45504199000249
2013,Yamaha,SX 240 HO,https://shorelinebrands.com/products/wake-tower-mounted-universal-bimini-extension?variant=45504199000249
2014,Yamaha,AR 190,https://shorelinebrands.com/products/wake-tower-mounted-universal-bimini-extension?variant=45504199000249
2014,Yamaha,AR 192,https://shorelinebrands.com/products/wake-tower-mounted-universal-bimini-extension?variant=45504199000249
2014,Yamaha,SX 190,https://shorelinebrands.com/products/wake-tower-mounted-universal-bimini-extension?variant=45504199000249
2014,Yamaha,SX 192,https://shorelinebrands.com/products/wake-tower-mounted-universal-bimini-extension?variant=45504199000249
2014,Yamaha,212 SS,https://shorelinebrands.com/products/wake-tower-mounted-universal-bimini-extension?variant=45504199000249
2014,Yamaha,212 X,https://shorelinebrands.com/products/wake-tower-mounted-universal-bimini-extension?variant=45504199000249
2014,Yamaha,AR 210,https://shorelinebrands.com/products/wake-tower-mounted-universal-bimini-extension?variant=45504199000249
2014,Yamaha,SX 210,https://shorelinebrands.com/products/wake-tower-mounted-universal-bimini-extension?variant=45504199000249
2014,Yamaha,242 LIMITED S,https://shorelinebrands.com/products/wake-tower-mounted-universal-bimini-extension?variant=45504199000249
2014,Yamaha,242 LIMITED,https://shorelinebrands.com/products/wake-tower-mounted-universal-bimini-extension?variant=45504199000249
2014,Yamaha,AR 240 HO,https://shorelinebrands.com/products/wake-tower-mounted-universal-bimini-extension?variant=45504199000249
2014,Yamaha,SX 240 HO,https://shorelinebrands.com/products/wake-tower-mounted-universal-bimini-extension?variant=45504199000249
2015,Yamaha,AR 190,https://shorelinebrands.com/products/wake-tower-mounted-universal-bimini-extension?variant=45504199000249
2015,Yamaha,AR 192,https://shorelinebrands.com/products/wake-tower-mounted-universal-bimini-extension?variant=45504199000249
2015,Yamaha,SX 190,https://shorelinebrands.com/products/wake-tower-mounted-universal-bimini-extension?variant=45504199000249
2015,Yamaha,SX 192,https://shorelinebrands.com/products/wake-tower-mounted-universal-bimini-extension?variant=45504199000249
2015,Yamaha,212 SS,https://shorelinebrands.com/products/wake-tower-mounted-universal-bimini-extension?variant=45504199000249
2015,Yamaha,212 X,https://shorelinebrands.com/products/wake-tower-mounted-universal-bimini-extension?variant=45504199000249
2015,Yamaha,AR 210,https://shorelinebrands.com/products/wake-tower-mounted-universal-bimini-extension?variant=45504199000249
2015,Yamaha,SX 210,https://shorelinebrands.com/products/wake-tower-mounted-universal-bimini-extension?variant=45504199000249
2015,Yamaha,242 LIMITED S,https://shorelinebrands.com/products/wake-tower-mounted-universal-bimini-extension?variant=45504199000249
2015,Yamaha,242 LIMITED,https://shorelinebrands.com/products/wake-tower-mounted-universal-bimini-extension?variant=45504199000249
2015,Yamaha,AR 240 HO,https://shorelinebrands.com/products/wake-tower-mounted-universal-bimini-extension?variant=45504199000249
2015,Yamaha,SX 240 HO,https://shorelinebrands.com/products/wake-tower-mounted-universal-bimini-extension?variant=45504199000249
2016,Yamaha,190 FSH DELUXE/CC,https://shorelinebrands.com/products/wake-tower-mounted-universal-bimini-extension?variant=45504199000249
2016,Yamaha,190 FSH SPORT/CC,https://shorelinebrands.com/products/wake-tower-mounted-universal-bimini-extension?variant=45504199000249
2016,Yamaha,190 FSH/CC,https://shorelinebrands.com/products/wake-tower-mounted-universal-bimini-extension?variant=45504199000249
2016,Yamaha,AR 190,https://shorelinebrands.com/products/wake-tower-mounted-universal-bimini-extension?variant=45504199000249
2016,Yamaha,AR 192,https://shorelinebrands.com/products/wake-tower-mounted-universal-bimini-extension?variant=45504199000249
2016,Yamaha,SX 190,https://shorelinebrands.com/products/wake-tower-mounted-universal-bimini-extension?variant=45504199000249
2016,Yamaha,SX 192,https://shorelinebrands.com/products/wake-tower-mounted-universal-bimini-extension?variant=45504199000249
2016,Yamaha,212 SS,https://shorelinebrands.com/products/wake-tower-mounted-universal-bimini-extension?variant=45504199000249
2016,Yamaha,212 X,https://shorelinebrands.com/products/wake-tower-mounted-universal-bimini-extension?variant=45504199000249
2016,Yamaha,242 LIMITED S,https://shorelinebrands.com/products/wake-tower-mounted-universal-bimini-extension?variant=45504199000249
2016,Yamaha,242 LIMITED,https://shorelinebrands.com/products/wake-tower-mounted-universal-bimini-extension?variant=45504199000249
2016,Yamaha,AR 240 HO,https://shorelinebrands.com/products/wake-tower-mounted-universal-bimini-extension?variant=45504199000249
2016,Yamaha,SX 240 HO,https://shorelinebrands.com/products/wake-tower-mounted-universal-bimini-extension?variant=45504199000249
2016,Yamaha,242 X,https://shorelinebrands.com/products/wake-tower-mounted-universal-bimini-extension?variant=45504199000249
2017,Yamaha,190 FSH DELUXE/CC,https://shorelinebrands.com/products/wake-tower-mounted-universal-bimini-extension?variant=45504199000249
2017,Yamaha,190 FSH SPORT/CC,https://shorelinebrands.com/products/wake-tower-mounted-universal-bimini-extension?variant=45504199000249
2017,Yamaha,190 FSH/CC,https://shorelinebrands.com/products/wake-tower-mounted-universal-bimini-extension?variant=45504199000249
2017,Yamaha,AR 190,https://shorelinebrands.com/products/wake-tower-mounted-universal-bimini-extension?variant=45504199000249
2017,Yamaha,AR 195,https://shorelinebrands.com/products/wake-tower-mounted-universal-bimini-extension?variant=45504199000249
2017,Yamaha,SX 190,https://shorelinebrands.com/products/wake-tower-mounted-universal-bimini-extension?variant=45504199000249
2017,Yamaha,SX 195,https://shorelinebrands.com/products/wake-tower-mounted-universal-bimini-extension?variant=45504199000249
2017,Yamaha,212 LIMITED S,https://shorelinebrands.com/products/wake-tower-mounted-universal-bimini-extension?variant=45504199000249
2017,Yamaha,212 LIMITED,https://shorelinebrands.com/products/wake-tower-mounted-universal-bimini-extension?variant=45504199000249
2017,Yamaha,212 X,https://shorelinebrands.com/products/wake-tower-mounted-universal-bimini-extension?variant=45504199000249
2017,Yamaha,AR 210,https://shorelinebrands.com/products/wake-tower-mounted-universal-bimini-extension?variant=45504199000249
2017,Yamaha,SX 210,https://shorelinebrands.com/products/wake-tower-mounted-universal-bimini-extension?variant=45504199000249
2017,Yamaha,242 LIMITED S,https://shorelinebrands.com/products/wake-tower-mounted-universal-bimini-extension?variant=45504199000249
2017,Yamaha,AR 240 HO,https://shorelinebrands.com/products/wake-tower-mounted-universal-bimini-extension?variant=45504199000249
2017,Yamaha,SX 240 HO,https://shorelinebrands.com/products/wake-tower-mounted-universal-bimini-extension?variant=45504199000249
2017,Yamaha,242 LIMITED,https://shorelinebrands.com/products/wake-tower-mounted-universal-bimini-extension?variant=45504199000249
2017,Yamaha,242X,https://shorelinebrands.com/products/wake-tower-mounted-universal-bimini-extension?variant=45504199000249
2018,Yamaha,SUPERJET,https://shorelinebrands.com/products/wake-tower-mounted-universal-bimini-extension?variant=45504199000249
2018,Yamaha,EX,https://shorelinebrands.com/products/wake-tower-mounted-universal-bimini-extension?variant=45504199000249
2018,Yamaha,EX DELUXE,https://shorelinebrands.com/products/wake-tower-mounted-universal-bimini-extension?variant=45504199000249
2018,Yamaha,EX SPORT,https://shorelinebrands.com/products/wake-tower-mounted-universal-bimini-extension?variant=45504199000249
2018,Yamaha,GP1800,https://shorelinebrands.com/products/wake-tower-mounted-universal-bimini-extension?variant=45504199000249
2018,Yamaha,VX,https://shorelinebrands.com/products/wake-tower-mounted-universal-bimini-extension?variant=45504199000249
2018,Yamaha,VX CRUISER,https://shorelinebrands.com/products/wake-tower-mounted-universal-bimini-extension?variant=45504199000249
2018,Yamaha,VX CRUISER HO,https://shorelinebrands.com/products/wake-tower-mounted-universal-bimini-extension?variant=45504199000249
2018,Yamaha,VX DELUXE,https://shorelinebrands.com/products/wake-tower-mounted-universal-bimini-extension?variant=45504199000249
2018,Yamaha,VX LIMITED,https://shorelinebrands.com/products/wake-tower-mounted-universal-bimini-extension?variant=45504199000249
2018,Yamaha,VXR,https://shorelinebrands.com/products/wake-tower-mounted-universal-bimini-extension?variant=45504199000249
2018,Yamaha,FX CRUISER HO,https://shorelinebrands.com/products/wake-tower-mounted-universal-bimini-extension?variant=45504199000249
2018,Yamaha,FX CRUISER SVHO,https://shorelinebrands.com/products/wake-tower-mounted-universal-bimini-extension?variant=45504199000249
2018,Yamaha,FX CRUISER SVHO LIMITED,https://shorelinebrands.com/products/wake-tower-mounted-universal-bimini-extension?variant=45504199000249
2018,Yamaha,FX HO,https://shorelinebrands.com/products/wake-tower-mounted-universal-bimini-extension?variant=45504199000249
2018,Yamaha,FX SVHO,https://shorelinebrands.com/products/wake-tower-mounted-universal-bimini-extension?variant=45504199000249
2018,Yamaha,190 FSH DELUXE,https://shorelinebrands.com/products/wake-tower-mounted-universal-bimini-extension?variant=45504199000249
2018,Yamaha,190 FSH SPORT,https://shorelinebrands.com/products/wake-tower-mounted-universal-bimini-extension?variant=45504199000249
2018,Yamaha,190 FSH,https://shorelinebrands.com/products/wake-tower-mounted-universal-bimini-extension?variant=45504199000249
2018,Yamaha,AR 190,https://shorelinebrands.com/products/wake-tower-mounted-universal-bimini-extension?variant=45504199000249
2018,Yamaha,AR 195,https://shorelinebrands.com/products/wake-tower-mounted-universal-bimini-extension?variant=45504199000249
2018,Yamaha,SX 190,https://shorelinebrands.com/products/wake-tower-mounted-universal-bimini-extension?variant=45504199000249
2018,Yamaha,SX 195,https://shorelinebrands.com/products/wake-tower-mounted-universal-bimini-extension?variant=45504199000249
2018,Yamaha,210 FSH DELUXE,https://shorelinebrands.com/products/wake-tower-mounted-universal-bimini-extension?variant=45504199000249
2018,Yamaha,210 FSH SPORT,https://shorelinebrands.com/products/wake-tower-mounted-universal-bimini-extension?variant=45504199000249
2018,Yamaha,210 FSH,https://shorelinebrands.com/products/wake-tower-mounted-universal-bimini-extension?variant=45504199000249
2018,Yamaha,212 LTD S,https://shorelinebrands.com/products/wake-tower-mounted-universal-bimini-extension?variant=45504199000249
2018,Yamaha,212 LTD,https://shorelinebrands.com/products/wake-tower-mounted-universal-bimini-extension?variant=45504199000249
2018,Yamaha,212X,https://shorelinebrands.com/products/wake-tower-mounted-universal-bimini-extension?variant=45504199000249
2018,Yamaha,AR 210,https://shorelinebrands.com/products/wake-tower-mounted-universal-bimini-extension?variant=45504199000249
2018,Yamaha,SX 210,https://shorelinebrands.com/products/wake-tower-mounted-universal-bimini-extension?variant=45504199000249
2018,Yamaha,242 LIMITED S,https://shorelinebrands.com/products/wake-tower-mounted-universal-bimini-extension?variant=45504199000249
2018,Yamaha,AR 240 HIGH OUTPUT,https://shorelinebrands.com/products/wake-tower-mounted-universal-bimini-extension?variant=45504199000249
2018,Yamaha,SX 240 HIGH OUTPUT,https://shorelinebrands.com/products/wake-tower-mounted-universal-bimini-extension?variant=45504199000249
2018,Yamaha,242X,https://shorelinebrands.com/products/wake-tower-mounted-universal-bimini-extension?variant=45504199000249
2019,Yamaha,SUPERJET,https://shorelinebrands.com/products/wake-tower-mounted-universal-bimini-extension?variant=45504199000249
2019,Yamaha,EX,https://shorelinebrands.com/products/wake-tower-mounted-universal-bimini-extension?variant=45504199000249
2019,Yamaha,EX DELUXE,https://shorelinebrands.com/products/wake-tower-mounted-universal-bimini-extension?variant=45504199000249
2019,Yamaha,EX SPORT,https://shorelinebrands.com/products/wake-tower-mounted-universal-bimini-extension?variant=45504199000249
2019,Yamaha,EXR,https://shorelinebrands.com/products/wake-tower-mounted-universal-bimini-extension?variant=45504199000249
2019,Yamaha,GP1800,https://shorelinebrands.com/products/wake-tower-mounted-universal-bimini-extension?variant=45504199000249
2019,Yamaha,VX,https://shorelinebrands.com/products/wake-tower-mounted-universal-bimini-extension?variant=45504199000249
2019,Yamaha,VX CRUISER,https://shorelinebrands.com/products/wake-tower-mounted-universal-bimini-extension?variant=45504199000249
2019,Yamaha,VX CRUISER HO,https://shorelinebrands.com/products/wake-tower-mounted-universal-bimini-extension?variant=45504199000249
2019,Yamaha,VX DELUXE,https://shorelinebrands.com/products/wake-tower-mounted-universal-bimini-extension?variant=45504199000249
2019,Yamaha,VX LIMITED,https://shorelinebrands.com/products/wake-tower-mounted-universal-bimini-extension?variant=45504199000249
2019,Yamaha,VX-C,https://shorelinebrands.com/products/wake-tower-mounted-universal-bimini-extension?variant=45504199000249
2019,Yamaha,VXR,https://shorelinebrands.com/products/wake-tower-mounted-universal-bimini-extension?variant=45504199000249
2019,Yamaha,FX CRUISER HO,https://shorelinebrands.com/products/wake-tower-mounted-universal-bimini-extension?variant=45504199000249
2019,Yamaha,FX CRUISER SVHO,https://shorelinebrands.com/products/wake-tower-mounted-universal-bimini-extension?variant=45504199000249
2019,Yamaha,FX CRUISER SVHO LIMITED,https://shorelinebrands.com/products/wake-tower-mounted-universal-bimini-extension?variant=45504199000249
2019,Yamaha,FX HO,https://shorelinebrands.com/products/wake-tower-mounted-universal-bimini-extension?variant=45504199000249
2019,Yamaha,FX SVHO,https://shorelinebrands.com/products/wake-tower-mounted-universal-bimini-extension?variant=45504199000249
2019,Yamaha,190 FSH DELUXE,https://shorelinebrands.com/products/wake-tower-mounted-universal-bimini-extension?variant=45504199000249
2019,Yamaha,190 FSH SPORT,https://shorelinebrands.com/products/wake-tower-mounted-universal-bimini-extension?variant=45504199000249
2019,Yamaha,190 FSH,https://shorelinebrands.com/products/wake-tower-mounted-universal-bimini-extension?variant=45504199000249
2019,Yamaha,AR 190,https://shorelinebrands.com/products/wake-tower-mounted-universal-bimini-extension?variant=45504199000249
2019,Yamaha,AR 195,https://shorelinebrands.com/products/wake-tower-mounted-universal-bimini-extension?variant=45504199000249
2019,Yamaha,SX 190,https://shorelinebrands.com/products/wake-tower-mounted-universal-bimini-extension?variant=45504199000249
2019,Yamaha,SX 195,https://shorelinebrands.com/products/wake-tower-mounted-universal-bimini-extension?variant=45504199000249
2019,Yamaha,210 FSH DELUXE,https://shorelinebrands.com/products/wake-tower-mounted-universal-bimini-extension?variant=45504199000249
2019,Yamaha,210 FSH SPORT,https://shorelinebrands.com/products/wake-tower-mounted-universal-bimini-extension?variant=45504199000249
2019,Yamaha,210 FSH,https://shorelinebrands.com/products/wake-tower-mounted-universal-bimini-extension?variant=45504199000249
2019,Yamaha,212 LTD S,https://shorelinebrands.com/products/wake-tower-mounted-universal-bimini-extension?variant=45504199000249
2019,Yamaha,212 LTD,https://shorelinebrands.com/products/wake-tower-mounted-universal-bimini-extension?variant=45504199000249
2019,Yamaha,212X,https://shorelinebrands.com/products/wake-tower-mounted-universal-bimini-extension?variant=45504199000249
2019,Yamaha,AR 210,https://shorelinebrands.com/products/wake-tower-mounted-universal-bimini-extension?variant=45504199000249
2019,Yamaha,SX 210,https://shorelinebrands.com/products/wake-tower-mounted-universal-bimini-extension?variant=45504199000249
2019,Yamaha,242 LIMITED S,https://shorelinebrands.com/products/wake-tower-mounted-universal-bimini-extension?variant=45504199000249
2019,Yamaha,AR 240,https://shorelinebrands.com/products/wake-tower-mounted-universal-bimini-extension?variant=45504199000249
2019,Yamaha,SX 240,https://shorelinebrands.com/products/wake-tower-mounted-universal-bimini-extension?variant=45504199000249
2019,Yamaha,275 E,https://shorelinebrands.com/products/wake-tower-mounted-universal-bimini-extension?variant=45504199000249
2019,Yamaha,275 SD,https://shorelinebrands.com/products/wake-tower-mounted-universal-bimini-extension?variant=45504199000249
2019,Yamaha,275 SE,https://shorelinebrands.com/products/wake-tower-mounted-universal-bimini-extension?variant=45504199000249
2019,Yamaha,242X,https://shorelinebrands.com/products/wake-tower-mounted-universal-bimini-extension?variant=45504199000249
2020,Yamaha,190 FSH DELUXE,https://shorelinebrands.com/products/wake-tower-mounted-universal-bimini-extension?variant=45504199000249
2020,Yamaha,190 FSH SPORT,https://shorelinebrands.com/products/wake-tower-mounted-universal-bimini-extension?variant=45504199000249
2020,Yamaha,195 FSH DELUXE,https://shorelinebrands.com/products/wake-tower-mounted-universal-bimini-extension?variant=45504199000249
2020,Yamaha,195 FSH SPORT,https://shorelinebrands.com/products/wake-tower-mounted-universal-bimini-extension?variant=45504199000249
2020,Yamaha,195 S,https://shorelinebrands.com/products/wake-tower-mounted-universal-bimini-extension?variant=45504199000249
2020,Yamaha,AR 190,https://shorelinebrands.com/products/wake-tower-mounted-universal-bimini-extension?variant=45504199000249
2020,Yamaha,AR 195,https://shorelinebrands.com/products/wake-tower-mounted-universal-bimini-extension?variant=45504199000249
2020,Yamaha,SX 190,https://shorelinebrands.com/products/wake-tower-mounted-universal-bimini-extension?variant=45504199000249
2020,Yamaha,SX 195,https://shorelinebrands.com/products/wake-tower-mounted-universal-bimini-extension?variant=45504199000249
2020,Yamaha,210 FSH DELUXE,https://shorelinebrands.com/products/wake-tower-mounted-universal-bimini-extension?variant=45504199000249
2020,Yamaha,210 FSH SPORT,https://shorelinebrands.com/products/wake-tower-mounted-universal-bimini-extension?variant=45504199000249
2020,Yamaha,212 S,https://shorelinebrands.com/products/wake-tower-mounted-universal-bimini-extension?variant=45504199000249
2020,Yamaha,212,https://shorelinebrands.com/products/wake-tower-mounted-universal-bimini-extension?variant=45504199000249
2020,Yamaha,AR 210,https://shorelinebrands.com/products/wake-tower-mounted-universal-bimini-extension?variant=45504199000249
2020,Yamaha,SX 210,https://shorelinebrands.com/products/wake-tower-mounted-universal-bimini-extension?variant=45504199000249
2020,Yamaha,242 S,https://shorelinebrands.com/products/wake-tower-mounted-universal-bimini-extension?variant=45504199000249
2020,Yamaha,242 SE,https://shorelinebrands.com/products/wake-tower-mounted-universal-bimini-extension?variant=45504199000249
2020,Yamaha,AR 240,https://shorelinebrands.com/products/wake-tower-mounted-universal-bimini-extension?variant=45504199000249
2020,Yamaha,SX 240,https://shorelinebrands.com/products/wake-tower-mounted-universal-bimini-extension?variant=45504199000249
2020,Yamaha,275 E,https://shorelinebrands.com/products/wake-tower-mounted-universal-bimini-extension?variant=45504199000249
2020,Yamaha,275 SD,https://shorelinebrands.com/products/wake-tower-mounted-universal-bimini-extension?variant=45504199000249
2020,Yamaha,275 SE,https://shorelinebrands.com/products/wake-tower-mounted-universal-bimini-extension?variant=45504199000249
2020,Yamaha,212 X,https://shorelinebrands.com/products/wake-tower-mounted-universal-bimini-extension?variant=45504199000249
2020,Yamaha,242 X,https://shorelinebrands.com/products/wake-tower-mounted-universal-bimini-extension?variant=45504199000249
2021,Yamaha,190 FSH DELUXE,https://shorelinebrands.com/products/wake-tower-mounted-universal-bimini-extension?variant=45504199000249
2021,Yamaha,190 FSH SPORT,https://shorelinebrands.com/products/wake-tower-mounted-universal-bimini-extension?variant=45504199000249
2021,Yamaha,195 FSH DELUXE,https://shorelinebrands.com/products/wake-tower-mounted-universal-bimini-extension?variant=45504199000249
2021,Yamaha,195 FSH SPORT,https://shorelinebrands.com/products/wake-tower-mounted-universal-bimini-extension?variant=45504199000249
2021,Yamaha,195 S,https://shorelinebrands.com/products/wake-tower-mounted-universal-bimini-extension?variant=45504199000249
2021,Yamaha,AR 190,https://shorelinebrands.com/products/wake-tower-mounted-universal-bimini-extension?variant=45504199000249
2021,Yamaha,AR 195,https://shorelinebrands.com/products/wake-tower-mounted-universal-bimini-extension?variant=45504199000249
2021,Yamaha,AR190 4STAR,https://shorelinebrands.com/products/wake-tower-mounted-universal-bimini-extension?variant=45504199000249
2021,Yamaha,SX 190,https://shorelinebrands.com/products/wake-tower-mounted-universal-bimini-extension?variant=45504199000249
2021,Yamaha,SX 195,https://shorelinebrands.com/products/wake-tower-mounted-universal-bimini-extension?variant=45504199000249
2021,Yamaha,SX190 4STAR,https://shorelinebrands.com/products/wake-tower-mounted-universal-bimini-extension?variant=45504199000249
2021,Yamaha,210 FSH DELUXE,https://shorelinebrands.com/products/wake-tower-mounted-universal-bimini-extension?variant=45504199000249
2021,Yamaha,210 FSH SPORT,https://shorelinebrands.com/products/wake-tower-mounted-universal-bimini-extension?variant=45504199000249
2021,Yamaha,212 S 4STAR,https://shorelinebrands.com/products/wake-tower-mounted-universal-bimini-extension?variant=45504199000249
2021,Yamaha,212 S,https://shorelinebrands.com/products/wake-tower-mounted-universal-bimini-extension?variant=45504199000249
2021,Yamaha,212,https://shorelinebrands.com/products/wake-tower-mounted-universal-bimini-extension?variant=45504199000249
2021,Yamaha,212SD,https://shorelinebrands.com/products/wake-tower-mounted-universal-bimini-extension?variant=45504199000249
2021,Yamaha,212SE,https://shorelinebrands.com/products/wake-tower-mounted-universal-bimini-extension?variant=45504199000249
2021,Yamaha,AR 210,https://shorelinebrands.com/products/wake-tower-mounted-universal-bimini-extension?variant=45504199000249
2021,Yamaha,SX 210,https://shorelinebrands.com/products/wake-tower-mounted-universal-bimini-extension?variant=45504199000249
2021,Yamaha,252 FSH SPORT,https://shorelinebrands.com/products/wake-tower-mounted-universal-bimini-extension?variant=45504199000249
2021,Yamaha,252S,https://shorelinebrands.com/products/wake-tower-mounted-universal-bimini-extension?variant=45504199000249
2021,Yamaha,252SD,https://shorelinebrands.com/products/wake-tower-mounted-universal-bimini-extension?variant=45504199000249
2021,Yamaha,252SE,https://shorelinebrands.com/products/wake-tower-mounted-universal-bimini-extension?variant=45504199000249
2021,Yamaha,255 FSH SPORT E,https://shorelinebrands.com/products/wake-tower-mounted-universal-bimini-extension?variant=45504199000249
2021,Yamaha,AR250,https://shorelinebrands.com/products/wake-tower-mounted-universal-bimini-extension?variant=45504199000249
2021,Yamaha,SX250,https://shorelinebrands.com/products/wake-tower-mounted-universal-bimini-extension?variant=45504199000249
2021,Yamaha,275 E,https://shorelinebrands.com/products/wake-tower-mounted-universal-bimini-extension?variant=45504199000249
2021,Yamaha,275 SD,https://shorelinebrands.com/products/yamaha-xd-series-shade-extension?variant=45345971011769
2021,Yamaha,275 SE,https://shorelinebrands.com/products/yamaha-xd-series-shade-extension?variant=45345971011769
2021,Yamaha,212XD,https://shorelinebrands.com/products/wake-tower-mounted-universal-bimini-extension?variant=45504199000249
2021,Yamaha,212XE,https://shorelinebrands.com/products/wake-tower-mounted-universal-bimini-extension?variant=45504199000249
2021,Yamaha,252XE,https://shorelinebrands.com/products/wake-tower-mounted-universal-bimini-extension?variant=45504199000249
2021,Yamaha,255XD,https://shorelinebrands.com/products/yamaha-xd-series-shade-extension?variant=45345971011769
2021,Yamaha,255XE,https://shorelinebrands.com/products/yamaha-xd-series-shade-extension?variant=45345971011769
2022,Yamaha,190 FSH DELUXE,https://shorelinebrands.com/products/wake-tower-mounted-universal-bimini-extension?variant=45504199000249
2022,Yamaha,190 FSH SPORT,https://shorelinebrands.com/products/wake-tower-mounted-universal-bimini-extension?variant=45504199000249
2022,Yamaha,195 FSH DELUXE,https://shorelinebrands.com/products/wake-tower-mounted-universal-bimini-extension?variant=45504199000249
2022,Yamaha,195 FSH SPORT,https://shorelinebrands.com/products/wake-tower-mounted-universal-bimini-extension?variant=45504199000249
2022,Yamaha,195 S,https://shorelinebrands.com/products/wake-tower-mounted-universal-bimini-extension?variant=45504199000249
2022,Yamaha,AR 190,https://shorelinebrands.com/products/wake-tower-mounted-universal-bimini-extension?variant=45504199000249
2022,Yamaha,AR 195,https://shorelinebrands.com/products/wake-tower-mounted-universal-bimini-extension?variant=45504199000249
2022,Yamaha,AR190 4STAR,https://shorelinebrands.com/products/wake-tower-mounted-universal-bimini-extension?variant=45504199000249
2022,Yamaha,SX 190,https://shorelinebrands.com/products/wake-tower-mounted-universal-bimini-extension?variant=45504199000249
2022,Yamaha,SX 195,https://shorelinebrands.com/products/wake-tower-mounted-universal-bimini-extension?variant=45504199000249
2022,Yamaha,SX190 4STAR,https://shorelinebrands.com/products/wake-tower-mounted-universal-bimini-extension?variant=45504199000249
2022,Yamaha,210 FSH DELUXE,https://shorelinebrands.com/products/wake-tower-mounted-universal-bimini-extension?variant=45504199000249
2022,Yamaha,210 FSH SPORT,https://shorelinebrands.com/products/wake-tower-mounted-universal-bimini-extension?variant=45504199000249
2022,Yamaha,212 S 4STAR,https://shorelinebrands.com/products/wake-tower-mounted-universal-bimini-extension?variant=45504199000249
2022,Yamaha,212 S,https://shorelinebrands.com/products/wake-tower-mounted-universal-bimini-extension?variant=45504199000249
2022,Yamaha,212,https://shorelinebrands.com/products/wake-tower-mounted-universal-bimini-extension?variant=45504199000249
2022,Yamaha,212SD,https://shorelinebrands.com/products/wake-tower-mounted-universal-bimini-extension?variant=45504199000249
2022,Yamaha,212SE 4STAR,https://shorelinebrands.com/products/wake-tower-mounted-universal-bimini-extension?variant=45504199000249
2022,Yamaha,212SE,https://shorelinebrands.com/products/wake-tower-mounted-universal-bimini-extension?variant=45504199000249
2022,Yamaha,AR 210,https://shorelinebrands.com/products/wake-tower-mounted-universal-bimini-extension?variant=45504199000249
2022,Yamaha,SX 210,https://shorelinebrands.com/products/wake-tower-mounted-universal-bimini-extension?variant=45504199000249
2022,Yamaha,252 FSH SPORT,https://shorelinebrands.com/products/wake-tower-mounted-universal-bimini-extension?variant=45504199000249
2022,Yamaha,252S 4STAR,https://shorelinebrands.com/products/wake-tower-mounted-universal-bimini-extension?variant=45504199000249
2022,Yamaha,252S,https://shorelinebrands.com/products/wake-tower-mounted-universal-bimini-extension?variant=45504199000249
2022,Yamaha,252SD,https://shorelinebrands.com/products/wake-tower-mounted-universal-bimini-extension?variant=45504199000249
2022,Yamaha,252SE 4STAR,https://shorelinebrands.com/products/wake-tower-mounted-universal-bimini-extension?variant=45504199000249
2022,Yamaha,252SE,https://shorelinebrands.com/products/wake-tower-mounted-universal-bimini-extension?variant=45504199000249
2022,Yamaha,255 FSH SPORT E,https://shorelinebrands.com/products/wake-tower-mounted-universal-bimini-extension?variant=45504199000249
2022,Yamaha,AR250 4STAR,https://shorelinebrands.com/products/wake-tower-mounted-universal-bimini-extension?variant=45504199000249
2022,Yamaha,AR250,https://shorelinebrands.com/products/wake-tower-mounted-universal-bimini-extension?variant=45504199000249
2022,Yamaha,SX250,https://shorelinebrands.com/products/wake-tower-mounted-universal-bimini-extension?variant=45504199000249
2022,Yamaha,275 E,https://shorelinebrands.com/products/wake-tower-mounted-universal-bimini-extension?variant=45504199000249
2022,Yamaha,275 SD,https://shorelinebrands.com/products/wake-tower-mounted-universal-bimini-extension?variant=45504199000249
2022,Yamaha,275 SE,https://shorelinebrands.com/products/wake-tower-mounted-universal-bimini-extension?variant=45504199000249
2022,Yamaha,212XD,https://shorelinebrands.com/products/wake-tower-mounted-universal-bimini-extension?variant=45504199000249
2022,Yamaha,212XE 4STAR,https://shorelinebrands.com/products/wake-tower-mounted-universal-bimini-extension?variant=45504199000249
2022,Yamaha,212XE,https://shorelinebrands.com/products/wake-tower-mounted-universal-bimini-extension?variant=45504199000249
2022,Yamaha,252XE,https://shorelinebrands.com/products/wake-tower-mounted-universal-bimini-extension?variant=45504199000249
2022,Yamaha,255XD,https://shorelinebrands.com/products/wake-tower-mounted-universal-bimini-extension?variant=45504199000249
2022,Yamaha,255XE,https://shorelinebrands.com/products/wake-tower-mounted-universal-bimini-extension?variant=45504199000249
2023,Yamaha,190 FSH SPORT,https://shorelinebrands.com/products/wake-tower-mounted-universal-bimini-extension?variant=45504199000249
2023,Yamaha,195 FSH SPORT,https://shorelinebrands.com/products/wake-tower-mounted-universal-bimini-extension?variant=45504199000249
2023,Yamaha,195 S,https://shorelinebrands.com/products/wake-tower-mounted-universal-bimini-extension?variant=45504199000249
2023,Yamaha,AR 190,https://shorelinebrands.com/products/wake-tower-mounted-universal-bimini-extension?variant=45504199000249
2023,Yamaha,AR 195,https://shorelinebrands.com/products/wake-tower-mounted-universal-bimini-extension?variant=45504199000249
2023,Yamaha,AR190 4STAR,https://shorelinebrands.com/products/wake-tower-mounted-universal-bimini-extension?variant=45504199000249
2023,Yamaha,SX 190,https://shorelinebrands.com/products/wake-tower-mounted-universal-bimini-extension?variant=45504199000249
2023,Yamaha,SX 195,https://shorelinebrands.com/products/wake-tower-mounted-universal-bimini-extension?variant=45504199000249
2023,Yamaha,SX190 4STAR,https://shorelinebrands.com/products/wake-tower-mounted-universal-bimini-extension?variant=45504199000249
2023,Yamaha,220 FSH SPORT,https://shorelinebrands.com/products/wake-tower-mounted-universal-bimini-extension?variant=45504199000249
2023,Yamaha,222 FSH SPORT E,https://shorelinebrands.com/products/wake-tower-mounted-universal-bimini-extension?variant=45504199000249
2023,Yamaha,222 FSH SPORT,https://shorelinebrands.com/products/wake-tower-mounted-universal-bimini-extension?variant=45504199000249
2023,Yamaha,222S 4STAR,https://shorelinebrands.com/products/wake-tower-mounted-universal-bimini-extension?variant=45504199000249
2023,Yamaha,222S,https://shorelinebrands.com/products/wake-tower-mounted-universal-bimini-extension?variant=45504199000249
2023,Yamaha,222SD,https://shorelinebrands.com/products/wake-tower-mounted-universal-bimini-extension?variant=45504199000249
2023,Yamaha,222SE 4STAR,https://shorelinebrands.com/products/wake-tower-mounted-universal-bimini-extension?variant=45504199000249
2023,Yamaha,222SE,https://shorelinebrands.com/products/wake-tower-mounted-universal-bimini-extension?variant=45504199000249
2023,Yamaha,AR 220,https://shorelinebrands.com/products/wake-tower-mounted-universal-bimini-extension?variant=45504199000249
2023,Yamaha,SX 220,https://shorelinebrands.com/products/wake-tower-mounted-universal-bimini-extension?variant=45504199000249
2023,Yamaha,252 FSH SPORT,https://shorelinebrands.com/products/wake-tower-mounted-universal-bimini-extension?variant=45504199000249
2023,Yamaha,252S 4STAR,https://shorelinebrands.com/products/wake-tower-mounted-universal-bimini-extension?variant=45504199000249
2023,Yamaha,252S,https://shorelinebrands.com/products/wake-tower-mounted-universal-bimini-extension?variant=45504199000249
2023,Yamaha,252SD,https://shorelinebrands.com/products/wake-tower-mounted-universal-bimini-extension?variant=45504199000249
2023,Yamaha,252SE 4STAR,https://shorelinebrands.com/products/wake-tower-mounted-universal-bimini-extension?variant=45504199000249
2023,Yamaha,252SE,https://shorelinebrands.com/products/wake-tower-mounted-universal-bimini-extension?variant=45504199000249
2023,Yamaha,255 FSH SPORT E,https://shorelinebrands.com/products/wake-tower-mounted-universal-bimini-extension?variant=45504199000249
2023,Yamaha,AR250 4STAR,https://shorelinebrands.com/products/wake-tower-mounted-universal-bimini-extension?variant=45504199000249
2023,Yamaha,AR250,https://shorelinebrands.com/products/wake-tower-mounted-universal-bimini-extension?variant=45504199000249
2023,Yamaha,SX250,https://shorelinebrands.com/products/wake-tower-mounted-universal-bimini-extension?variant=45504199000249
2023,Yamaha,275 SDX,https://shorelinebrands.com/products/yamaha-xd-series-shade-extension?variant=45345971011769
2023,Yamaha,275 SE,https://shorelinebrands.com/products/yamaha-xd-series-shade-extension?variant=45345971011769
2023,Yamaha,222XD,https://shorelinebrands.com/products/yamaha-xd-series-shade-extension?variant=45345971011769
2023,Yamaha,222XE 4STAR,https://shorelinebrands.com/products/yamaha-xd-series-shade-extension?variant=45345971011769
2023,Yamaha,222XE,https://shorelinebrands.com/products/yamaha-xd-series-shade-extension?variant=45345971011769
2023,Yamaha,252XE 4STAR,https://shorelinebrands.com/products/yamaha-xd-series-shade-extension?variant=45345971011769
2023,Yamaha,252XE,https://shorelinebrands.com/products/yamaha-xd-series-shade-extension?variant=45345971011769
2023,Yamaha,255XD,https://shorelinebrands.com/products/yamaha-xd-series-shade-extension?variant=45345971011769
2023,Yamaha,255XE,https://shorelinebrands.com/products/yamaha-xd-series-shade-extension?variant=45345971011769
2024,Yamaha,190 FSH SPORT,https://shorelinebrands.com/products/wake-tower-mounted-universal-bimini-extension?variant=45504199000249
2024,Yamaha,195 FSH SPORT,https://shorelinebrands.com/products/wake-tower-mounted-universal-bimini-extension?variant=45504199000249
2024,Yamaha,195 S,https://shorelinebrands.com/products/wake-tower-mounted-universal-bimini-extension?variant=45504199000249
2024,Yamaha,AR 190,https://shorelinebrands.com/products/wake-tower-mounted-universal-bimini-extension?variant=45504199000249
2024,Yamaha,AR 195,https://shorelinebrands.com/products/wake-tower-mounted-universal-bimini-extension?variant=45504199000249
2024,Yamaha,SX 190,https://shorelinebrands.com/products/wake-tower-mounted-universal-bimini-extension?variant=45504199000249
2024,Yamaha,SX 195,https://shorelinebrands.com/products/wake-tower-mounted-universal-bimini-extension?variant=45504199000249
2024,Yamaha,220 FSH SPORT,https://shorelinebrands.com/products/wake-tower-mounted-universal-bimini-extension?variant=45504199000249
2024,Yamaha,222 FSH SPORT E,https://shorelinebrands.com/products/wake-tower-mounted-universal-bimini-extension?variant=45504199000249
2024,Yamaha,222 FSH SPORT,https://shorelinebrands.com/products/wake-tower-mounted-universal-bimini-extension?variant=45504199000249
2024,Yamaha,222S,https://shorelinebrands.com/products/wake-tower-mounted-universal-bimini-extension?variant=45504199000249
2024,Yamaha,222SD,https://shorelinebrands.com/products/wake-tower-mounted-universal-bimini-extension?variant=45504199000249
2024,Yamaha,222SE,https://shorelinebrands.com/products/wake-tower-mounted-universal-bimini-extension?variant=45504199000249
2024,Yamaha,AR 220,https://shorelinebrands.com/products/wake-tower-mounted-universal-bimini-extension?variant=45504199000249
2024,Yamaha,SX 220,https://shorelinebrands.com/products/wake-tower-mounted-universal-bimini-extension?variant=45504199000249
2024,Yamaha,252 FSH SPORT,https://shorelinebrands.com/products/wake-tower-mounted-universal-bimini-extension?variant=45504199000249
2024,Yamaha,252S,https://shorelinebrands.com/products/wake-tower-mounted-universal-bimini-extension?variant=45504199000249
2024,Yamaha,252SD,https://shorelinebrands.com/products/wake-tower-mounted-universal-bimini-extension?variant=45504199000249
2024,Yamaha,252SE,https://shorelinebrands.com/products/wake-tower-mounted-universal-bimini-extension?variant=45504199000249
2024,Yamaha,255 FSH SPORT E,https://shorelinebrands.com/products/wake-tower-mounted-universal-bimini-extension?variant=45504199000249
2024,Yamaha,255 FSH SPORT H,https://shorelinebrands.com/products/wake-tower-mounted-universal-bimini-extension?variant=45504199000249
2024,Yamaha,AR250,https://shorelinebrands.com/products/wake-tower-mounted-universal-bimini-extension?variant=45504199000249
2024,Yamaha,SX250,https://shorelinebrands.com/products/wake-tower-mounted-universal-bimini-extension?variant=45504199000249
2024,Yamaha,275 SD,https://shorelinebrands.com/products/yamaha-xd-series-shade-extension?variant=45345971011769
2024,Yamaha,275 SE,https://shorelinebrands.com/products/yamaha-xd-series-shade-extension?variant=45345971011769
2024,Yamaha,222XD,https://shorelinebrands.com/products/yamaha-xd-series-shade-extension?variant=45345971011769
2024,Yamaha,222XE,https://shorelinebrands.com/products/yamaha-xd-series-shade-extension?variant=45345971011769
2024,Yamaha,252XE,https://shorelinebrands.com/products/yamaha-xd-series-shade-extension?variant=45345971011769
2024,Yamaha,255XD,https://shorelinebrands.com/products/yamaha-xd-series-shade-extension?variant=45345971011769
2024,Yamaha,255XE,https://shorelinebrands.com/products/yamaha-xd-series-shade-extension?variant=45345971011769
2025,Yamaha,190 FSH SPORT,https://shorelinebrands.com/products/wake-tower-mounted-universal-bimini-extension?variant=45504199000249
2025,Yamaha,195 FSH SPORT,https://shorelinebrands.com/products/wake-tower-mounted-universal-bimini-extension?variant=45504199000249
2025,Yamaha,195 S,https://shorelinebrands.com/products/wake-tower-mounted-universal-bimini-extension?variant=45504199000249
2025,Yamaha,AR 190,https://shorelinebrands.com/products/wake-tower-mounted-universal-bimini-extension?variant=45504199000249
2025,Yamaha,AR 195,https://shorelinebrands.com/products/wake-tower-mounted-universal-bimini-extension?variant=45504199000249
2025,Yamaha,SX 190,https://shorelinebrands.com/products/wake-tower-mounted-universal-bimini-extension?variant=45504199000249
2025,Yamaha,SX 195,https://shorelinebrands.com/products/wake-tower-mounted-universal-bimini-extension?variant=45504199000249
2025,Yamaha,220 FSH SPORT,https://shorelinebrands.com/products/wake-tower-mounted-universal-bimini-extension?variant=45504199000249
2025,Yamaha,222 FSH SPORT E,https://shorelinebrands.com/products/wake-tower-mounted-universal-bimini-extension?variant=45504199000249
2025,Yamaha,222 FSH SPORT,https://shorelinebrands.com/products/wake-tower-mounted-universal-bimini-extension?variant=45504199000249
2025,Yamaha,222S,https://shorelinebrands.com/products/wake-tower-mounted-universal-bimini-extension?variant=45504199000249
2025,Yamaha,222SD,https://shorelinebrands.com/products/wake-tower-mounted-universal-bimini-extension?variant=45504199000249
2025,Yamaha,222SE,https://shorelinebrands.com/products/wake-tower-mounted-universal-bimini-extension?variant=45504199000249
2025,Yamaha,AR 220,https://shorelinebrands.com/products/wake-tower-mounted-universal-bimini-extension?variant=45504199000249
2025,Yamaha,SX 220,https://shorelinebrands.com/products/wake-tower-mounted-universal-bimini-extension?variant=45504199000249
2025,Yamaha,252 FSH SPORT,https://shorelinebrands.com/products/wake-tower-mounted-universal-bimini-extension?variant=45504199000249
2025,Yamaha,252S,https://shorelinebrands.com/products/wake-tower-mounted-universal-bimini-extension?variant=45504199000249
2025,Yamaha,252SD,https://shorelinebrands.com/products/wake-tower-mounted-universal-bimini-extension?variant=45504199000249
2025,Yamaha,252SE,https://shorelinebrands.com/products/wake-tower-mounted-universal-bimini-extension?variant=45504199000249
2025,Yamaha,255 FSH SPORT E,https://shorelinebrands.com/products/wake-tower-mounted-universal-bimini-extension?variant=45504199000249
2025,Yamaha,255 FSH SPORT H,https://shorelinebrands.com/products/wake-tower-mounted-universal-bimini-extension?variant=45504199000249
2025,Yamaha,AR250,https://shorelinebrands.com/products/wake-tower-mounted-universal-bimini-extension?variant=45504199000249
2025,Yamaha,SX250,https://shorelinebrands.com/products/wake-tower-mounted-universal-bimini-extension?variant=45504199000249
2025,Yamaha,275 SD,https://shorelinebrands.com/products/yamaha-xd-series-shade-extension?variant=45345971011769
2025,Yamaha,275 SE,https://shorelinebrands.com/products/yamaha-xd-series-shade-extension?variant=45345971011769
2025,Yamaha,222XD,https://shorelinebrands.com/products/yamaha-xd-series-shade-extension?variant=45345971011769
2025,Yamaha,222XE,https://shorelinebrands.com/products/yamaha-xd-series-shade-extension?variant=45345971011769
2025,Yamaha,252XE,https://shorelinebrands.com/products/yamaha-xd-series-shade-extension?variant=45345971011769
2025,Yamaha,255XD,https://shorelinebrands.com/products/yamaha-xd-series-shade-extension?variant=45345971011769
2025,Yamaha,255XE,https://shorelinebrands.com/products/yamaha-xd-series-shade-extension?variant=45345971011769
2000,Nautique Boat Company Inc,AIR NAUTIQUE,https://shorelinebrands.com/products/wake-tower-mounted-universal-bimini-extension?variant=45504199000249
2000,Nautique Boat Company Inc,NAUTIQUE SUPER SPORT,https://shorelinebrands.com/products/wake-tower-mounted-universal-bimini-extension?variant=45504199000249
2000,Nautique Boat Company Inc,PRO AIR NAUTIQUE,https://shorelinebrands.com/products/wake-tower-mounted-universal-bimini-extension?variant=45504199000249
2000,Nautique Boat Company Inc,SPORT NAUTIQUE,https://shorelinebrands.com/products/wake-tower-mounted-universal-bimini-extension?variant=45504199000249
2000,Nautique Boat Company Inc,SUPER AIR NAUTIQUE,https://shorelinebrands.com/products/wake-tower-mounted-universal-bimini-extension?variant=45504199000249
2001,Nautique Boat Company Inc,AIR 196 OPEN BOW,https://shorelinebrands.com/products/wake-tower-mounted-universal-bimini-extension?variant=45504199000249
2001,Nautique Boat Company Inc,AIR NAUTIQUE,https://shorelinebrands.com/products/wake-tower-mounted-universal-bimini-extension?variant=45504199000249
2001,Nautique Boat Company Inc,NAUTIQUE SUPER SPORT,https://shorelinebrands.com/products/wake-tower-mounted-universal-bimini-extension?variant=45504199000249
2001,Nautique Boat Company Inc,PRO AIR NAUTIQUE,https://shorelinebrands.com/products/wake-tower-mounted-universal-bimini-extension?variant=45504199000249
2001,Nautique Boat Company Inc,SPORT NAUTIQUE,https://shorelinebrands.com/products/wake-tower-mounted-universal-bimini-extension?variant=45504199000249
2001,Nautique Boat Company Inc,SUPER AIR NAUTIQUE,https://shorelinebrands.com/products/wake-tower-mounted-universal-bimini-extension?variant=45504199000249
2002,Nautique Boat Company Inc,AIR 196 ,https://shorelinebrands.com/products/wake-tower-mounted-universal-bimini-extension?variant=45504199000249
2002,Nautique Boat Company Inc,AIR NAUTIQUE,https://shorelinebrands.com/products/wake-tower-mounted-universal-bimini-extension?variant=45504199000249
2002,Nautique Boat Company Inc,NAUTIQUE SUPER SPORT,https://shorelinebrands.com/products/wake-tower-mounted-universal-bimini-extension?variant=45504199000249
2002,Nautique Boat Company Inc,PRO AIR NAUTIQUE,https://shorelinebrands.com/products/wake-tower-mounted-universal-bimini-extension?variant=45504199000249
2002,Nautique Boat Company Inc,SPORT NAUTIQUE,https://shorelinebrands.com/products/wake-tower-mounted-universal-bimini-extension?variant=45504199000249
2002,Nautique Boat Company Inc,SUPER AIR NAUTIQUE,https://shorelinebrands.com/products/wake-tower-mounted-universal-bimini-extension?variant=45504199000249
2003,Nautique Boat Company Inc,AIR NAUTIQUE 206 ,https://shorelinebrands.com/products/wake-tower-mounted-universal-bimini-extension?variant=45504199000249
2003,Nautique Boat Company Inc,NAUTIQUE SUPER SPORT 210 ,https://shorelinebrands.com/products/wake-tower-mounted-universal-bimini-extension?variant=45504199000249
2003,Nautique Boat Company Inc,SKI NAUTIQUE 206 ,https://shorelinebrands.com/products/wake-tower-mounted-universal-bimini-extension?variant=45504199000249
2003,Nautique Boat Company Inc,SUPER AIR NAUTIQUE 210 ,https://shorelinebrands.com/products/wake-tower-mounted-universal-bimini-extension?variant=45504199000249
2003,Nautique Boat Company Inc,AIR NAUTIQUE 216 ,https://shorelinebrands.com/products/wake-tower-mounted-universal-bimini-extension?variant=45504199000249
2003,Nautique Boat Company Inc,SPORT NAUTIQUE 216 ,https://shorelinebrands.com/products/wake-tower-mounted-universal-bimini-extension?variant=45504199000249
2003,Nautique Boat Company Inc,AIR NAUTIQUE 226 ,https://shorelinebrands.com/products/wake-tower-mounted-universal-bimini-extension?variant=45504199000249
2003,Nautique Boat Company Inc,SPORT NAUTIQUE 226 ,https://shorelinebrands.com/products/wake-tower-mounted-universal-bimini-extension?variant=45504199000249
2004,Nautique Boat Company Inc,SKI NAUTIQUE 196 ,https://shorelinebrands.com/products/wake-tower-mounted-universal-bimini-extension?variant=45504199000249
2004,Nautique Boat Company Inc,AIR NAUTIQUE 206 ,https://shorelinebrands.com/products/wake-tower-mounted-universal-bimini-extension?variant=45504199000249
2004,Nautique Boat Company Inc,AIR NAUTIQUE SV211 ,https://shorelinebrands.com/products/wake-tower-mounted-universal-bimini-extension?variant=45504199000249
2004,Nautique Boat Company Inc,NAUTIQUE SUPER SPORT 210 ,https://shorelinebrands.com/products/wake-tower-mounted-universal-bimini-extension?variant=45504199000249
2004,Nautique Boat Company Inc,SKI NAUTIQUE 206 ,https://shorelinebrands.com/products/wake-tower-mounted-universal-bimini-extension?variant=45504199000249
2004,Nautique Boat Company Inc,SPORT NAUTIQUE SV211 ,https://shorelinebrands.com/products/wake-tower-mounted-universal-bimini-extension?variant=45504199000249
2004,Nautique Boat Company Inc,SUPER AIR NAUTIQUE 210 ,https://shorelinebrands.com/products/wake-tower-mounted-universal-bimini-extension?variant=45504199000249
2004,Nautique Boat Company Inc,AIR NAUTIQUE 216 ,https://shorelinebrands.com/products/wake-tower-mounted-universal-bimini-extension?variant=45504199000249
2004,Nautique Boat Company Inc,SPORT NAUTIQUE 216 ,https://shorelinebrands.com/products/wake-tower-mounted-universal-bimini-extension?variant=45504199000249
2004,Nautique Boat Company Inc,AIR NAUTIQUE 226 ,https://shorelinebrands.com/products/wake-tower-mounted-universal-bimini-extension?variant=45504199000249
2004,Nautique Boat Company Inc,SPORT NAUTIQUE 226 ,https://shorelinebrands.com/products/wake-tower-mounted-universal-bimini-extension?variant=45504199000249
2005,Nautique Boat Company Inc,SKI NAUTIQUE 196 ,https://shorelinebrands.com/products/wake-tower-mounted-universal-bimini-extension?variant=45504199000249
2005,Nautique Boat Company Inc,AIR NAUTIQUE 206 ,https://shorelinebrands.com/products/wake-tower-mounted-universal-bimini-extension?variant=45504199000249
2005,Nautique Boat Company Inc,AIR NAUTIQUE SV211 ,https://shorelinebrands.com/products/wake-tower-mounted-universal-bimini-extension?variant=45504199000249
2005,Nautique Boat Company Inc,NAUTIQUE SUPER SPORT 210 ,https://shorelinebrands.com/products/wake-tower-mounted-universal-bimini-extension?variant=45504199000249
2005,Nautique Boat Company Inc,SKI NAUTIQUE 206 ,https://shorelinebrands.com/products/wake-tower-mounted-universal-bimini-extension?variant=45504199000249
2005,Nautique Boat Company Inc,SPORT NAUTIQUE SV211 ,https://shorelinebrands.com/products/wake-tower-mounted-universal-bimini-extension?variant=45504199000249
2005,Nautique Boat Company Inc,SUPER AIR NAUTIQUE 210 ,https://shorelinebrands.com/products/wake-tower-mounted-universal-bimini-extension?variant=45504199000249
2005,Nautique Boat Company Inc,AIR NAUTIQUE 216 ,https://shorelinebrands.com/products/wake-tower-mounted-universal-bimini-extension?variant=45504199000249
2005,Nautique Boat Company Inc,SPORT NAUTIQUE 216 ,https://shorelinebrands.com/products/wake-tower-mounted-universal-bimini-extension?variant=45504199000249
2005,Nautique Boat Company Inc,AIR NAUTIQUE 226 ,https://shorelinebrands.com/products/wake-tower-mounted-universal-bimini-extension?variant=45504199000249
2005,Nautique Boat Company Inc,SPORT NAUTIQUE 226 ,https://shorelinebrands.com/products/wake-tower-mounted-universal-bimini-extension?variant=45504199000249
2006,Nautique Boat Company Inc,SKI NAUTIQUE 196 ,https://shorelinebrands.com/products/wake-tower-mounted-universal-bimini-extension?variant=45504199000249
2006,Nautique Boat Company Inc,AIR NAUTIQUE 206 ,https://shorelinebrands.com/products/wake-tower-mounted-universal-bimini-extension?variant=45504199000249
2006,Nautique Boat Company Inc,AIR NAUTIQUE SV211 ,https://shorelinebrands.com/products/wake-tower-mounted-universal-bimini-extension?variant=45504199000249
2006,Nautique Boat Company Inc,NAUTIQUE SUPER SPORT 210 ,https://shorelinebrands.com/products/wake-tower-mounted-universal-bimini-extension?variant=45504199000249
2006,Nautique Boat Company Inc,SPORT NAUTIQUE SV211 ,https://shorelinebrands.com/products/wake-tower-mounted-universal-bimini-extension?variant=45504199000249
2006,Nautique Boat Company Inc,SUPER AIR NAUTIQUE 210 ,https://shorelinebrands.com/products/wake-tower-mounted-universal-bimini-extension?variant=45504199000249
2006,Nautique Boat Company Inc,AIR NAUTIQUE 216 ,https://shorelinebrands.com/products/wake-tower-mounted-universal-bimini-extension?variant=45504199000249
2006,Nautique Boat Company Inc,AIR NAUTIQUE 220 ,https://shorelinebrands.com/products/wake-tower-mounted-universal-bimini-extension?variant=45504199000249
2006,Nautique Boat Company Inc,SPORT NAUTIQUE 216 ,https://shorelinebrands.com/products/wake-tower-mounted-universal-bimini-extension?variant=45504199000249
2006,Nautique Boat Company Inc,SPORT NAUTIQUE 220 ,https://shorelinebrands.com/products/wake-tower-mounted-universal-bimini-extension?variant=45504199000249
2006,Nautique Boat Company Inc,AIR NAUTIQUE 226 ,https://shorelinebrands.com/products/wake-tower-mounted-universal-bimini-extension?variant=45504199000249
2006,Nautique Boat Company Inc,SPORT NAUTIQUE 226 ,https://shorelinebrands.com/products/wake-tower-mounted-universal-bimini-extension?variant=45504199000249
2007,Nautique Boat Company Inc,CROSSOVER NAUTIQUE 211 ,https://shorelinebrands.com/products/wake-tower-mounted-universal-bimini-extension?variant=45504199000249
2007,Nautique Boat Company Inc,SUPER AIR NAUTIQUE 210 ,https://shorelinebrands.com/products/wake-tower-mounted-universal-bimini-extension?variant=45504199000249
2007,Nautique Boat Company Inc,CROSSOVER NAUTIQUE 216 ,https://shorelinebrands.com/products/wake-tower-mounted-universal-bimini-extension?variant=45504199000249
2007,Nautique Boat Company Inc,SUPER AIR NAUTIQUE 220 ,https://shorelinebrands.com/products/wake-tower-mounted-universal-bimini-extension?variant=45504199000249
2007,Nautique Boat Company Inc,AIR NAUTIQUE 226 ,https://shorelinebrands.com/products/wake-tower-mounted-universal-bimini-extension?variant=45504199000249
2007,Nautique Boat Company Inc,CROSSOVER NAUTIQUE 236 ,https://shorelinebrands.com/products/wake-tower-mounted-universal-bimini-extension?variant=45504199000249
2008,Nautique Boat Company Inc,CROSSOVER NAUTIQUE 211 ,https://shorelinebrands.com/products/wake-tower-mounted-universal-bimini-extension?variant=45504199000249
2008,Nautique Boat Company Inc,SUPER AIR NAUTIQUE 210 ,https://shorelinebrands.com/products/wake-tower-mounted-universal-bimini-extension?variant=45504199000249
2008,Nautique Boat Company Inc,CROSSOVER NAUTIQUE 216 ,https://shorelinebrands.com/products/wake-tower-mounted-universal-bimini-extension?variant=45504199000249
2008,Nautique Boat Company Inc,SUPER AIR NAUTIQUE 220 ,https://shorelinebrands.com/products/wake-tower-mounted-universal-bimini-extension?variant=45504199000249
2008,Nautique Boat Company Inc,AIR NAUTIQUE 226 ,https://shorelinebrands.com/products/wake-tower-mounted-universal-bimini-extension?variant=45504199000249
2008,Nautique Boat Company Inc,CROSSOVER NAUTIQUE 236 ,https://shorelinebrands.com/products/wake-tower-mounted-universal-bimini-extension?variant=45504199000249
2008,Nautique Boat Company Inc,SUPER AIR NAUTIQUE 230 ,https://shorelinebrands.com/products/wake-tower-mounted-universal-bimini-extension?variant=45504199000249
2009,Nautique Boat Company Inc,CROSSOVER NAUTIQUE 211 ,https://shorelinebrands.com/products/wake-tower-mounted-universal-bimini-extension?variant=45504199000249
2009,Nautique Boat Company Inc,CROSSOVER NAUTIQUE 216 ,https://shorelinebrands.com/products/wake-tower-mounted-universal-bimini-extension?variant=45504199000249
2009,Nautique Boat Company Inc,SKI NAUTIQUE 206 ,https://shorelinebrands.com/products/wake-tower-mounted-universal-bimini-extension?variant=45504199000249
2009,Nautique Boat Company Inc,SUPER AIR NAUTIQUE 210 ,https://shorelinebrands.com/products/wake-tower-mounted-universal-bimini-extension?variant=45504199000249
2009,Nautique Boat Company Inc,SUPER AIR NAUTIQUE 220 ,https://shorelinebrands.com/products/wake-tower-mounted-universal-bimini-extension?variant=45504199000249
2009,Nautique Boat Company Inc,CROSSOVER NAUTIQUE 236 ,https://shorelinebrands.com/products/wake-tower-mounted-universal-bimini-extension?variant=45504199000249
2009,Nautique Boat Company Inc,SUPER AIR NAUTIQUE 230 ,https://shorelinebrands.com/products/wake-tower-mounted-universal-bimini-extension?variant=45504199000249
2010,Nautique Boat Company Inc,SKI NAUTIQUE 200  ,https://shorelinebrands.com/products/wake-tower-mounted-universal-bimini-extension?variant=45504199000249
2010,Nautique Boat Company Inc,CROSSOVER NAUTIQUE 211 ,https://shorelinebrands.com/products/wake-tower-mounted-universal-bimini-extension?variant=45504199000249
2010,Nautique Boat Company Inc,CROSSOVER NAUTIQUE 216 ,https://shorelinebrands.com/products/wake-tower-mounted-universal-bimini-extension?variant=45504199000249
2010,Nautique Boat Company Inc,SUPER AIR NAUTIQUE 210 ,https://shorelinebrands.com/products/wake-tower-mounted-universal-bimini-extension?variant=45504199000249
2010,Nautique Boat Company Inc,SKI NAUTIQUE 216 ,https://shorelinebrands.com/products/wake-tower-mounted-universal-bimini-extension?variant=45504199000249
2010,Nautique Boat Company Inc,CROSSOVER NAUTIQUE 226 ,https://shorelinebrands.com/products/wake-tower-mounted-universal-bimini-extension?variant=45504199000249
2010,Nautique Boat Company Inc,SUPER AIR NAUTIQUE 230 ,https://shorelinebrands.com/products/wake-tower-mounted-universal-bimini-extension?variant=45504199000249
2011,Nautique Boat Company Inc,SKI NAUTIQUE 200 ,https://shorelinebrands.com/products/wake-tower-mounted-universal-bimini-extension?variant=45504199000249
2011,Nautique Boat Company Inc,SPORT NAUTIQUE 200,https://shorelinebrands.com/products/wake-tower-mounted-universal-bimini-extension?variant=45504199000249
2011,Nautique Boat Company Inc,SPORT NAUTIQUE 216,https://shorelinebrands.com/products/wake-tower-mounted-universal-bimini-extension?variant=45504199000249
2011,Nautique Boat Company Inc,SUPER AIR NAUTIQUE 210,https://shorelinebrands.com/products/wake-tower-mounted-universal-bimini-extension?variant=45504199000249
2011,Nautique Boat Company Inc,SUPR AIR NAUTIQUE 210 ,https://shorelinebrands.com/products/wake-tower-mounted-universal-bimini-extension?variant=45504199000249
2011,Nautique Boat Company Inc,SPORT NAUTIQUE 216 ,https://shorelinebrands.com/products/wake-tower-mounted-universal-bimini-extension?variant=45504199000249
2011,Nautique Boat Company Inc,SPORT NAUTIQUE 226,https://shorelinebrands.com/products/wake-tower-mounted-universal-bimini-extension?variant=45504199000249
2011,Nautique Boat Company Inc,SUPER AIR NAUTIQUE 230 ,https://shorelinebrands.com/products/wake-tower-mounted-universal-bimini-extension?variant=45504199000249
2016,Heyday Wake Boats,WT-1,https://shorelinebrands.com/products/wake-tower-mounted-universal-bimini-extension?variant=45504199000249
2017,Heyday Wake Boats,WT-1,https://shorelinebrands.com/products/wake-tower-mounted-universal-bimini-extension?variant=45504199000249
2017,Heyday Wake Boats,WT-2,https://shorelinebrands.com/products/wake-tower-mounted-universal-bimini-extension?variant=45504199000249
2018,Heyday Wake Boats,WT-1,https://shorelinebrands.com/products/wake-tower-mounted-universal-bimini-extension?variant=45504199000249
2018,Heyday Wake Boats,WT-1SC,https://shorelinebrands.com/products/wake-tower-mounted-universal-bimini-extension?variant=45504199000249
2018,Heyday Wake Boats,WT-2,https://shorelinebrands.com/products/wake-tower-mounted-universal-bimini-extension?variant=45504199000249
2019,Heyday Wake Boats,WT-1SC,https://shorelinebrands.com/products/wake-tower-mounted-universal-bimini-extension?variant=45504199000249
2019,Heyday Wake Boats,WT-2DC,https://shorelinebrands.com/products/wake-tower-mounted-universal-bimini-extension?variant=45504199000249
2019,Heyday Wake Boats,WTSURF,https://shorelinebrands.com/products/wake-tower-mounted-universal-bimini-extension?variant=45504199000249
2020,Heyday Wake Boats,WT-1SC,https://shorelinebrands.com/products/wake-tower-mounted-universal-bimini-extension?variant=45504199000249
2020,Heyday Wake Boats,WT-2DC,https://shorelinebrands.com/products/wake-tower-mounted-universal-bimini-extension?variant=45504199000249
2020,Heyday Wake Boats,WTSURF,https://shorelinebrands.com/products/wake-tower-mounted-universal-bimini-extension?variant=45504199000249
2021,Heyday Wake Boats,WT-1SC,https://shorelinebrands.com/products/wake-tower-mounted-universal-bimini-extension?variant=45504199000249
2021,Heyday Wake Boats,WT-2DC,https://shorelinebrands.com/products/wake-tower-mounted-universal-bimini-extension?variant=45504199000249
2021,Heyday Wake Boats,WTSURF,https://shorelinebrands.com/products/wake-tower-mounted-universal-bimini-extension?variant=45504199000249
2022,Heyday Wake Boats,H22,https://shorelinebrands.com/products/wake-tower-mounted-universal-bimini-extension?variant=45504199000249
2022,Heyday Wake Boats,WT-2DC,https://shorelinebrands.com/products/wake-tower-mounted-universal-bimini-extension?variant=45504199000249
2022,Heyday Wake Boats,WTSURF,https://shorelinebrands.com/products/wake-tower-mounted-universal-bimini-extension?variant=45504199000249
2023,Heyday Wake Boats,H20,https://shorelinebrands.com/products/wake-tower-mounted-universal-bimini-extension?variant=45504199000249
2023,Heyday Wake Boats,H22,https://shorelinebrands.com/products/wake-tower-mounted-universal-bimini-extension?variant=45504199000249
2023,Heyday Wake Boats,WT-2DC,https://shorelinebrands.com/products/wake-tower-mounted-universal-bimini-extension?variant=45504199000249
2023,Heyday Wake Boats,WTSURF,https://shorelinebrands.com/products/wake-tower-mounted-universal-bimini-extension?variant=45504199000249
2024,Heyday Wake Boats,H20,https://shorelinebrands.com/products/wake-tower-mounted-universal-bimini-extension?variant=45504199000249
2024,Heyday Wake Boats,H22,https://shorelinebrands.com/products/wake-tower-mounted-universal-bimini-extension?variant=45504199000249
2024,Heyday Wake Boats,WT-2DC,https://shorelinebrands.com/products/wake-tower-mounted-universal-bimini-extension?variant=45504199000249
2024,Heyday Wake Boats,WTSURF,https://shorelinebrands.com/products/wake-tower-mounted-universal-bimini-extension?variant=45504199000249
2025,Heyday Wake Boats,H20,https://shorelinebrands.com/products/wake-tower-mounted-universal-bimini-extension?variant=45504199000249
2025,Heyday Wake Boats,H22,https://shorelinebrands.com/products/wake-tower-mounted-universal-bimini-extension?variant=45504199000249
2025,Heyday Wake Boats,WT-2DC,https://shorelinebrands.com/products/wake-tower-mounted-universal-bimini-extension?variant=45504199000249
2025,Heyday Wake Boats,WTSURF,https://shorelinebrands.com/products/wake-tower-mounted-universal-bimini-extension?variant=45504199000249
2026,Heyday Wake Boats,H20,https://shorelinebrands.com/products/wake-tower-mounted-universal-bimini-extension?variant=45504199000249
2026,Heyday Wake Boats,H22,https://shorelinebrands.com/products/wake-tower-mounted-universal-bimini-extension?variant=45504199000249
2026,Heyday Wake Boats,WT-2DC,https://shorelinebrands.com/products/wake-tower-mounted-universal-bimini-extension?variant=45504199000249
2026,Heyday Wake Boats,WTSURF,https://shorelinebrands.com/products/wake-tower-mounted-universal-bimini-extension?variant=45504199000249
2009,Cobalt Boats,232 WSS,https://shorelinebrands.com/products/wake-tower-mounted-universal-bimini-extension?variant=45504199000249
2009,Cobalt Boats,296 AXIUS,https://shorelinebrands.com/products/wake-tower-mounted-universal-bimini-extension?variant=45504199000249
2009,Cobalt Boats,302 AXIUS,https://shorelinebrands.com/products/wake-tower-mounted-universal-bimini-extension?variant=45504199000249
2009,Cobalt Boats,303 AXIUS,https://shorelinebrands.com/products/wake-tower-mounted-universal-bimini-extension?variant=45504199000249
2009,Cobalt Boats,323 AXIUS,https://shorelinebrands.com/products/wake-tower-mounted-universal-bimini-extension?variant=45504199000249
2010,Cobalt Boats,210WSS,https://shorelinebrands.com/products/wake-tower-mounted-universal-bimini-extension?variant=45504199000249
2010,Cobalt Boats,222WSS,https://shorelinebrands.com/products/wake-tower-mounted-universal-bimini-extension?variant=45504199000249
2010,Cobalt Boats,230WSS,https://shorelinebrands.com/products/wake-tower-mounted-universal-bimini-extension?variant=45504199000249
2010,Cobalt Boats,232WSS,https://shorelinebrands.com/products/wake-tower-mounted-universal-bimini-extension?variant=45504199000249
2010,Cobalt Boats,242WSS,https://shorelinebrands.com/products/wake-tower-mounted-universal-bimini-extension?variant=45504199000249
2010,Cobalt Boats,262WSS,https://shorelinebrands.com/products/wake-tower-mounted-universal-bimini-extension?variant=45504199000249
2010,Cobalt Boats,296 AXIUS,https://shorelinebrands.com/products/wake-tower-mounted-universal-bimini-extension?variant=45504199000249
2010,Cobalt Boats,302 AXIUS,https://shorelinebrands.com/products/wake-tower-mounted-universal-bimini-extension?variant=45504199000249
2010,Cobalt Boats,303 AXIUS,https://shorelinebrands.com/products/wake-tower-mounted-universal-bimini-extension?variant=45504199000249
2010,Cobalt Boats,323 AXIUS,https://shorelinebrands.com/products/wake-tower-mounted-universal-bimini-extension?variant=45504199000249
2010,Cobalt Boats,373 AXIUS,https://shorelinebrands.com/products/wake-tower-mounted-universal-bimini-extension?variant=45504199000249
2011,Cobalt Boats,210WSS,https://shorelinebrands.com/products/wake-tower-mounted-universal-bimini-extension?variant=45504199000249
2011,Cobalt Boats,222WSS,https://shorelinebrands.com/products/wake-tower-mounted-universal-bimini-extension?variant=45504199000249
2011,Cobalt Boats,230WSS,https://shorelinebrands.com/products/wake-tower-mounted-universal-bimini-extension?variant=45504199000249
2011,Cobalt Boats,232WSS,https://shorelinebrands.com/products/wake-tower-mounted-universal-bimini-extension?variant=45504199000249
2011,Cobalt Boats,242WSS,https://shorelinebrands.com/products/wake-tower-mounted-universal-bimini-extension?variant=45504199000249
2011,Cobalt Boats,262WSS,https://shorelinebrands.com/products/wake-tower-mounted-universal-bimini-extension?variant=45504199000249
2011,Cobalt Boats,296 AXIUS,https://shorelinebrands.com/products/wake-tower-mounted-universal-bimini-extension?variant=45504199000249
2011,Cobalt Boats,302 AXIUS,https://shorelinebrands.com/products/wake-tower-mounted-universal-bimini-extension?variant=45504199000249
2011,Cobalt Boats,303 AXIUS,https://shorelinebrands.com/products/wake-tower-mounted-universal-bimini-extension?variant=45504199000249
2011,Cobalt Boats,323 AXIUS,https://shorelinebrands.com/products/wake-tower-mounted-universal-bimini-extension?variant=45504199000249
2012,Cobalt Boats,200WSS,https://shorelinebrands.com/products/wake-tower-mounted-universal-bimini-extension?variant=45504199000249
2012,Cobalt Boats,210WSS,https://shorelinebrands.com/products/wake-tower-mounted-universal-bimini-extension?variant=45504199000249
2012,Cobalt Boats,220WSS,https://shorelinebrands.com/products/wake-tower-mounted-universal-bimini-extension?variant=45504199000249
2012,Cobalt Boats,222WSS,https://shorelinebrands.com/products/wake-tower-mounted-universal-bimini-extension?variant=45504199000249
2012,Cobalt Boats,230WSS,https://shorelinebrands.com/products/wake-tower-mounted-universal-bimini-extension?variant=45504199000249
2012,Cobalt Boats,232WSS,https://shorelinebrands.com/products/wake-tower-mounted-universal-bimini-extension?variant=45504199000249
2012,Cobalt Boats,242WSS,https://shorelinebrands.com/products/wake-tower-mounted-universal-bimini-extension?variant=45504199000249
2012,Cobalt Boats,262WSS,https://shorelinebrands.com/products/wake-tower-mounted-universal-bimini-extension?variant=45504199000249
2012,Cobalt Boats,26SD,https://shorelinebrands.com/products/wake-tower-mounted-universal-bimini-extension?variant=45504199000249
2012,Cobalt Boats,296 AXIUS,https://shorelinebrands.com/products/wake-tower-mounted-universal-bimini-extension?variant=45504199000249
2012,Cobalt Boats,302 AXIUS,https://shorelinebrands.com/products/wake-tower-mounted-universal-bimini-extension?variant=45504199000249
2012,Cobalt Boats,303 AXIUS,https://shorelinebrands.com/products/wake-tower-mounted-universal-bimini-extension?variant=45504199000249
2012,Cobalt Boats,323 AXIUS,https://shorelinebrands.com/products/wake-tower-mounted-universal-bimini-extension?variant=45504199000249
2013,Cobalt Boats,200WSS,https://shorelinebrands.com/products/wake-tower-mounted-universal-bimini-extension?variant=45504199000249
2013,Cobalt Boats,210WSS,https://shorelinebrands.com/products/wake-tower-mounted-universal-bimini-extension?variant=45504199000249
2013,Cobalt Boats,220WSS,https://shorelinebrands.com/products/wake-tower-mounted-universal-bimini-extension?variant=45504199000249
2013,Cobalt Boats,232WSS,https://shorelinebrands.com/products/wake-tower-mounted-universal-bimini-extension?variant=45504199000249
2013,Cobalt Boats,242WSS,https://shorelinebrands.com/products/wake-tower-mounted-universal-bimini-extension?variant=45504199000249
2013,Cobalt Boats,24SD,https://shorelinebrands.com/products/wake-tower-mounted-universal-bimini-extension?variant=45504199000249
2013,Cobalt Boats,262WSS,https://shorelinebrands.com/products/wake-tower-mounted-universal-bimini-extension?variant=45504199000249
2013,Cobalt Boats,296 AXIUS,https://shorelinebrands.com/products/wake-tower-mounted-universal-bimini-extension?variant=45504199000249
2013,Cobalt Boats,302 AXIUS,https://shorelinebrands.com/products/wake-tower-mounted-universal-bimini-extension?variant=45504199000249
2013,Cobalt Boats,323 AXIUS,https://shorelinebrands.com/products/wake-tower-mounted-universal-bimini-extension?variant=45504199000249
2013,Cobalt Boats,336 AXIUS,https://shorelinebrands.com/products/wake-tower-mounted-universal-bimini-extension?variant=45504199000249
2014,Cobalt Boats,R3,https://shorelinebrands.com/products/wake-tower-mounted-universal-bimini-extension?variant=45504199000249
2014,Cobalt Boats,R5,https://shorelinebrands.com/products/wake-tower-mounted-universal-bimini-extension?variant=45504199000249
2014,Cobalt Boats,R7,https://shorelinebrands.com/products/wake-tower-mounted-universal-bimini-extension?variant=45504199000249
2014,Cobalt Boats,296 AXIUS,https://shorelinebrands.com/products/wake-tower-mounted-universal-bimini-extension?variant=45504199000249
2014,Cobalt Boats,302 AXIUS,https://shorelinebrands.com/products/wake-tower-mounted-universal-bimini-extension?variant=45504199000249
2014,Cobalt Boats,336 AXIUS,https://shorelinebrands.com/products/wake-tower-mounted-universal-bimini-extension?variant=45504199000249
2014,Cobalt Boats,A40 AXIUS,https://shorelinebrands.com/products/wake-tower-mounted-universal-bimini-extension?variant=45504199000249
2014,Cobalt Boats,24SD,https://shorelinebrands.com/products/wake-tower-mounted-universal-bimini-extension?variant=45504199000249
2014,Cobalt Boats,26SD,https://shorelinebrands.com/products/wake-tower-mounted-universal-bimini-extension?variant=45504199000249
2014,Cobalt Boats,200WSS,https://shorelinebrands.com/products/wake-tower-mounted-universal-bimini-extension?variant=45504199000249
2014,Cobalt Boats,210WSS,https://shorelinebrands.com/products/wake-tower-mounted-universal-bimini-extension?variant=45504199000249
2014,Cobalt Boats,220WSS,https://shorelinebrands.com/products/wake-tower-mounted-universal-bimini-extension?variant=45504199000249
2014,Cobalt Boats,232WSS,https://shorelinebrands.com/products/wake-tower-mounted-universal-bimini-extension?variant=45504199000249
2014,Cobalt Boats,242WSS,https://shorelinebrands.com/products/wake-tower-mounted-universal-bimini-extension?variant=45504199000249
2014,Cobalt Boats,24SD WSS,https://shorelinebrands.com/products/wake-tower-mounted-universal-bimini-extension?variant=45504199000249
2014,Cobalt Boats,262WSS,https://shorelinebrands.com/products/wake-tower-mounted-universal-bimini-extension?variant=45504199000249
2014,Cobalt Boats,26SD WSS,https://shorelinebrands.com/products/wake-tower-mounted-universal-bimini-extension?variant=45504199000249
2014,Cobalt Boats,R5WSS,https://shorelinebrands.com/products/wake-tower-mounted-universal-bimini-extension?variant=45504199000249
2015,Cobalt Boats,A40 AXIUS,https://shorelinebrands.com/products/wake-tower-mounted-universal-bimini-extension?variant=45504199000249
2015,Cobalt Boats,R3,https://shorelinebrands.com/products/wake-tower-mounted-universal-bimini-extension?variant=45504199000249
2015,Cobalt Boats,R5,https://shorelinebrands.com/products/wake-tower-mounted-universal-bimini-extension?variant=45504199000249
2015,Cobalt Boats,R7,https://shorelinebrands.com/products/wake-tower-mounted-universal-bimini-extension?variant=45504199000249
2015,Cobalt Boats,296 AXIUS,https://shorelinebrands.com/products/wake-tower-mounted-universal-bimini-extension?variant=45504199000249
2015,Cobalt Boats,302 AXIUS,https://shorelinebrands.com/products/wake-tower-mounted-universal-bimini-extension?variant=45504199000249
2015,Cobalt Boats,336 AXIUS,https://shorelinebrands.com/products/wake-tower-mounted-universal-bimini-extension?variant=45504199000249
2015,Cobalt Boats,24SD,https://shorelinebrands.com/products/wake-tower-mounted-universal-bimini-extension?variant=45504199000249
2015,Cobalt Boats,26SD,https://shorelinebrands.com/products/wake-tower-mounted-universal-bimini-extension?variant=45504199000249
2015,Cobalt Boats,200WSS,https://shorelinebrands.com/products/wake-tower-mounted-universal-bimini-extension?variant=45504199000249
2015,Cobalt Boats,210WSS,https://shorelinebrands.com/products/wake-tower-mounted-universal-bimini-extension?variant=45504199000249
2015,Cobalt Boats,220WSS,https://shorelinebrands.com/products/wake-tower-mounted-universal-bimini-extension?variant=45504199000249
2015,Cobalt Boats,R3WSS,https://shorelinebrands.com/products/wake-tower-mounted-universal-bimini-extension?variant=45504199000249
2015,Cobalt Boats,24SD WSS,https://shorelinebrands.com/products/wake-tower-mounted-universal-bimini-extension?variant=45504199000249
2015,Cobalt Boats,26SD WSS,https://shorelinebrands.com/products/wake-tower-mounted-universal-bimini-extension?variant=45504199000249
2015,Cobalt Boats,R5WSS,https://shorelinebrands.com/products/wake-tower-mounted-universal-bimini-extension?variant=45504199000249
2015,Cobalt Boats,R7WSS,https://shorelinebrands.com/products/wake-tower-mounted-universal-bimini-extension?variant=45504199000249
2016,Cobalt Boats,R3,https://shorelinebrands.com/products/wake-tower-mounted-universal-bimini-extension?variant=45504199000249
2016,Cobalt Boats,R5,https://shorelinebrands.com/products/wake-tower-mounted-universal-bimini-extension?variant=45504199000249
2016,Cobalt Boats,R7,https://shorelinebrands.com/products/wake-tower-mounted-universal-bimini-extension?variant=45504199000249
2016,Cobalt Boats,296 AXIUS,https://shorelinebrands.com/products/wake-tower-mounted-universal-bimini-extension?variant=45504199000249
2016,Cobalt Boats,302 AXIUS,https://shorelinebrands.com/products/wake-tower-mounted-universal-bimini-extension?variant=45504199000249
2016,Cobalt Boats,R30,https://shorelinebrands.com/products/wake-tower-mounted-universal-bimini-extension?variant=45504199000249
2016,Cobalt Boats,R30,https://shorelinebrands.com/products/wake-tower-mounted-universal-bimini-extension?variant=45504199000249
2016,Cobalt Boats,R30 AXIUS,https://shorelinebrands.com/products/wake-tower-mounted-universal-bimini-extension?variant=45504199000249
2016,Cobalt Boats,336 AXIUS,https://shorelinebrands.com/products/wake-tower-mounted-universal-bimini-extension?variant=45504199000249
2016,Cobalt Boats,200S,https://shorelinebrands.com/products/wake-tower-mounted-universal-bimini-extension?variant=45504199000249
2016,Cobalt Boats,220S,https://shorelinebrands.com/products/wake-tower-mounted-universal-bimini-extension?variant=45504199000249
2016,Cobalt Boats,CS3,https://shorelinebrands.com/products/wake-tower-mounted-universal-bimini-extension?variant=45504199000249
2016,Cobalt Boats,24SD,https://shorelinebrands.com/products/wake-tower-mounted-universal-bimini-extension?variant=45504199000249
2016,Cobalt Boats,26SD,https://shorelinebrands.com/products/wake-tower-mounted-universal-bimini-extension?variant=45504199000249
2016,Cobalt Boats,200WSS,https://shorelinebrands.com/products/wake-tower-mounted-universal-bimini-extension?variant=45504199000249
2016,Cobalt Boats,210WSS,https://shorelinebrands.com/products/wake-tower-mounted-universal-bimini-extension?variant=45504199000249
2016,Cobalt Boats,220WSS,https://shorelinebrands.com/products/wake-tower-mounted-universal-bimini-extension?variant=45504199000249
2016,Cobalt Boats,R3WSS,https://shorelinebrands.com/products/wake-tower-mounted-universal-bimini-extension?variant=45504199000249
2016,Cobalt Boats,24SD WSS,https://shorelinebrands.com/products/wake-tower-mounted-universal-bimini-extension?variant=45504199000249
2016,Cobalt Boats,26SD WSS,https://shorelinebrands.com/products/wake-tower-mounted-universal-bimini-extension?variant=45504199000249
2016,Cobalt Boats,R5WSS,https://shorelinebrands.com/products/wake-tower-mounted-universal-bimini-extension?variant=45504199000249
2016,Cobalt Boats,R7WSS,https://shorelinebrands.com/products/wake-tower-mounted-universal-bimini-extension?variant=45504199000249
2017,Cobalt Boats,200S,https://shorelinebrands.com/products/wake-tower-mounted-universal-bimini-extension?variant=45504199000249
2017,Cobalt Boats,220S,https://shorelinebrands.com/products/wake-tower-mounted-universal-bimini-extension?variant=45504199000249
2017,Cobalt Boats,CS1,https://shorelinebrands.com/products/wake-tower-mounted-universal-bimini-extension?variant=45504199000249
2017,Cobalt Boats,CS3,https://shorelinebrands.com/products/wake-tower-mounted-universal-bimini-extension?variant=45504199000249
2017,Cobalt Boats,R3,https://shorelinebrands.com/products/wake-tower-mounted-universal-bimini-extension?variant=45504199000249
2017,Cobalt Boats,R5,https://shorelinebrands.com/products/wake-tower-mounted-universal-bimini-extension?variant=45504199000249
2017,Cobalt Boats,R7,https://shorelinebrands.com/products/wake-tower-mounted-universal-bimini-extension?variant=45504199000249
2017,Cobalt Boats,25SC,https://shorelinebrands.com/products/wake-tower-mounted-universal-bimini-extension?variant=45504199000249
2017,Cobalt Boats,24SD,https://shorelinebrands.com/products/wake-tower-mounted-universal-bimini-extension?variant=45504199000249
2017,Cobalt Boats,26SD,https://shorelinebrands.com/products/wake-tower-mounted-universal-bimini-extension?variant=45504199000249
2017,Cobalt Boats,CS23 SURF,https://shorelinebrands.com/products/wake-tower-mounted-universal-bimini-extension?variant=45504199000249
2017,Cobalt Boats,200S WSS,https://shorelinebrands.com/products/wake-tower-mounted-universal-bimini-extension?variant=45504199000249
2017,Cobalt Boats,220S WSS,https://shorelinebrands.com/products/wake-tower-mounted-universal-bimini-extension?variant=45504199000249
2017,Cobalt Boats,R3WSS,https://shorelinebrands.com/products/wake-tower-mounted-universal-bimini-extension?variant=45504199000249
2017,Cobalt Boats,24SD WSS,https://shorelinebrands.com/products/wake-tower-mounted-universal-bimini-extension?variant=45504199000249
2017,Cobalt Boats,26SD WSS,https://shorelinebrands.com/products/wake-tower-mounted-universal-bimini-extension?variant=45504199000249
2017,Cobalt Boats,R5WSS,https://shorelinebrands.com/products/wake-tower-mounted-universal-bimini-extension?variant=45504199000249
2017,Cobalt Boats,R7WSS,https://shorelinebrands.com/products/wake-tower-mounted-universal-bimini-extension?variant=45504199000249
2017,Cobalt Boats,R3WSS,https://shorelinebrands.com/products/wake-tower-mounted-universal-bimini-extension?variant=45504199000249
2017,Cobalt Boats,R5WSS,https://shorelinebrands.com/products/wake-tower-mounted-universal-bimini-extension?variant=45504199000249
2017,Cobalt Boats,R7WSS,https://shorelinebrands.com/products/wake-tower-mounted-universal-bimini-extension?variant=45504199000249
2018,Cobalt Boats,200S,https://shorelinebrands.com/products/wake-tower-mounted-universal-bimini-extension?variant=45504199000249
2018,Cobalt Boats,220S,https://shorelinebrands.com/products/wake-tower-mounted-universal-bimini-extension?variant=45504199000249
2018,Cobalt Boats,CS22,https://shorelinebrands.com/products/wake-tower-mounted-universal-bimini-extension?variant=45504199000249
2018,Cobalt Boats,CS23,https://shorelinebrands.com/products/wake-tower-mounted-universal-bimini-extension?variant=45504199000249
2018,Cobalt Boats,R3,https://shorelinebrands.com/products/wake-tower-mounted-universal-bimini-extension?variant=45504199000249
2018,Cobalt Boats,R5,https://shorelinebrands.com/products/wake-tower-mounted-universal-bimini-extension?variant=45504199000249
2018,Cobalt Boats,R7,https://shorelinebrands.com/products/wake-tower-mounted-universal-bimini-extension?variant=45504199000249
2018,Cobalt Boats,R30,https://shorelinebrands.com/products/wake-tower-mounted-universal-bimini-extension?variant=45504199000249
2018,Cobalt Boats,R30,https://shorelinebrands.com/products/wake-tower-mounted-universal-bimini-extension?variant=45504199000249
2018,Cobalt Boats,R30 AXIUS,https://shorelinebrands.com/products/wake-tower-mounted-universal-bimini-extension?variant=45504199000249
2018,Cobalt Boats,R35,https://shorelinebrands.com/products/wake-tower-mounted-universal-bimini-extension?variant=45504199000249
2018,Cobalt Boats,R35 AXIUS,https://shorelinebrands.com/products/wake-tower-mounted-universal-bimini-extension?variant=45504199000249
2018,Cobalt Boats,23SC,https://shorelinebrands.com/products/wake-tower-mounted-universal-bimini-extension?variant=45504199000249
2018,Cobalt Boats,25SC,https://shorelinebrands.com/products/wake-tower-mounted-universal-bimini-extension?variant=45504199000249
2018,Cobalt Boats,30SC,https://shorelinebrands.com/products/wake-tower-mounted-universal-bimini-extension?variant=45504199000249
2018,Cobalt Boats,CS23 SURF,https://shorelinebrands.com/products/wake-tower-mounted-universal-bimini-extension?variant=45504199000249
2018,Cobalt Boats,R3 SURF,https://shorelinebrands.com/products/wake-tower-mounted-universal-bimini-extension?variant=45504199000249
2018,Cobalt Boats,R5 SURF,https://shorelinebrands.com/products/wake-tower-mounted-universal-bimini-extension?variant=45504199000249
2018,Cobalt Boats,R7 SURF,https://shorelinebrands.com/products/wake-tower-mounted-universal-bimini-extension?variant=45504199000249
2018,Cobalt Boats,R3WSS,https://shorelinebrands.com/products/wake-tower-mounted-universal-bimini-extension?variant=45504199000249
2018,Cobalt Boats,R5WSS,https://shorelinebrands.com/products/wake-tower-mounted-universal-bimini-extension?variant=45504199000249
2018,Cobalt Boats,R7WSS,https://shorelinebrands.com/products/wake-tower-mounted-universal-bimini-extension?variant=45504199000249
2019,Cobalt Boats,200S,https://shorelinebrands.com/products/wake-tower-mounted-universal-bimini-extension?variant=45504199000249
2019,Cobalt Boats,220S,https://shorelinebrands.com/products/wake-tower-mounted-universal-bimini-extension?variant=45504199000249
2019,Cobalt Boats,CS22,https://shorelinebrands.com/products/wake-tower-mounted-universal-bimini-extension?variant=45504199000249
2019,Cobalt Boats,CS23,https://shorelinebrands.com/products/wake-tower-mounted-universal-bimini-extension?variant=45504199000249
2019,Cobalt Boats,R3,https://shorelinebrands.com/products/wake-tower-mounted-universal-bimini-extension?variant=45504199000249
2019,Cobalt Boats,R5,https://shorelinebrands.com/products/wake-tower-mounted-universal-bimini-extension?variant=45504199000249
2019,Cobalt Boats,R7,https://shorelinebrands.com/products/wake-tower-mounted-universal-bimini-extension?variant=45504199000249
2019,Cobalt Boats,23SC,https://shorelinebrands.com/products/wake-tower-mounted-universal-bimini-extension?variant=45504199000249
2019,Cobalt Boats,25SC,https://shorelinebrands.com/products/wake-tower-mounted-universal-bimini-extension?variant=45504199000249
2019,Cobalt Boats,30SC,https://shorelinebrands.com/products/wake-tower-mounted-universal-bimini-extension?variant=45504199000249
2019,Cobalt Boats,CS23 SURF,https://shorelinebrands.com/products/wake-tower-mounted-universal-bimini-extension?variant=45504199000249
2019,Cobalt Boats,R3 SURF,https://shorelinebrands.com/products/wake-tower-mounted-universal-bimini-extension?variant=45504199000249
2019,Cobalt Boats,R5 SURF,https://shorelinebrands.com/products/wake-tower-mounted-universal-bimini-extension?variant=45504199000249
2019,Cobalt Boats,R7 SURF,https://shorelinebrands.com/products/wake-tower-mounted-universal-bimini-extension?variant=45504199000249
2020,Cobalt Boats,200S,https://shorelinebrands.com/products/wake-tower-mounted-universal-bimini-extension?variant=45504199000249
2020,Cobalt Boats,220S,https://shorelinebrands.com/products/wake-tower-mounted-universal-bimini-extension?variant=45504199000249
2020,Cobalt Boats,CS22,https://shorelinebrands.com/products/wake-tower-mounted-universal-bimini-extension?variant=45504199000249
2020,Cobalt Boats,CS23,https://shorelinebrands.com/products/wake-tower-mounted-universal-bimini-extension?variant=45504199000249
2020,Cobalt Boats,R3,https://shorelinebrands.com/products/wake-tower-mounted-universal-bimini-extension?variant=45504199000249
2020,Cobalt Boats,R5,https://shorelinebrands.com/products/wake-tower-mounted-universal-bimini-extension?variant=45504199000249
2020,Cobalt Boats,R7,https://shorelinebrands.com/products/wake-tower-mounted-universal-bimini-extension?variant=45504199000249
2020,Cobalt Boats,CS23 SURF,https://shorelinebrands.com/products/wake-tower-mounted-universal-bimini-extension?variant=45504199000249
2020,Cobalt Boats,R3 SURF,https://shorelinebrands.com/products/wake-tower-mounted-universal-bimini-extension?variant=45504199000249
2020,Cobalt Boats,R5 SURF,https://shorelinebrands.com/products/wake-tower-mounted-universal-bimini-extension?variant=45504199000249
2020,Cobalt Boats,R7 SURF,https://shorelinebrands.com/products/wake-tower-mounted-universal-bimini-extension?variant=45504199000249
2021,Cobalt Boats,220S,https://shorelinebrands.com/products/wake-tower-mounted-universal-bimini-extension?variant=45504199000249
2021,Cobalt Boats,CS22,https://shorelinebrands.com/products/wake-tower-mounted-universal-bimini-extension?variant=45504199000249
2021,Cobalt Boats,CS23,https://shorelinebrands.com/products/wake-tower-mounted-universal-bimini-extension?variant=45504199000249
2021,Cobalt Boats,R3,https://shorelinebrands.com/products/wake-tower-mounted-universal-bimini-extension?variant=45504199000249
2021,Cobalt Boats,R6,https://shorelinebrands.com/products/wake-tower-mounted-universal-bimini-extension?variant=45504199000249
2021,Cobalt Boats,R5,https://shorelinebrands.com/products/wake-tower-mounted-universal-bimini-extension?variant=45504199000249
2021,Cobalt Boats,R6,https://shorelinebrands.com/products/wake-tower-mounted-universal-bimini-extension?variant=45504199000249
2021,Cobalt Boats,R7,https://shorelinebrands.com/products/wake-tower-mounted-universal-bimini-extension?variant=45504199000249
2021,Cobalt Boats,R8,https://shorelinebrands.com/products/wake-tower-mounted-universal-bimini-extension?variant=45504199000249
2021,Cobalt Boats,CS23 SURF,https://shorelinebrands.com/products/wake-tower-mounted-universal-bimini-extension?variant=45504199000249
2021,Cobalt Boats,R3 SURF,https://shorelinebrands.com/products/wake-tower-mounted-universal-bimini-extension?variant=45504199000249
2021,Cobalt Boats,R5 SURF,https://shorelinebrands.com/products/wake-tower-mounted-universal-bimini-extension?variant=45504199000249
2021,Cobalt Boats,R6 SURF,https://shorelinebrands.com/products/wake-tower-mounted-universal-bimini-extension?variant=45504199000249
2021,Cobalt Boats,R7 SURF,https://shorelinebrands.com/products/wake-tower-mounted-universal-bimini-extension?variant=45504199000249
2021,Cobalt Boats,R8 SURF,https://shorelinebrands.com/products/wake-tower-mounted-universal-bimini-extension?variant=45504199000249
2022,Cobalt Boats,CS22,https://shorelinebrands.com/products/wake-tower-mounted-universal-bimini-extension?variant=45504199000249
2022,Cobalt Boats,CS23,https://shorelinebrands.com/products/wake-tower-mounted-universal-bimini-extension?variant=45504199000249
2022,Cobalt Boats,R4,https://shorelinebrands.com/products/wake-tower-mounted-universal-bimini-extension?variant=45504199000249
2022,Cobalt Boats,R4,https://shorelinebrands.com/products/wake-tower-mounted-universal-bimini-extension?variant=45504199000249
2022,Cobalt Boats,R6,https://shorelinebrands.com/products/wake-tower-mounted-universal-bimini-extension?variant=45504199000249
2022,Cobalt Boats,R6,https://shorelinebrands.com/products/wake-tower-mounted-universal-bimini-extension?variant=45504199000249
2022,Cobalt Boats,R8,https://shorelinebrands.com/products/wake-tower-mounted-universal-bimini-extension?variant=45504199000249
2022,Cobalt Boats,R8,https://shorelinebrands.com/products/wake-tower-mounted-universal-bimini-extension?variant=45504199000249
2022,Cobalt Boats,R8,https://shorelinebrands.com/products/wake-tower-mounted-universal-bimini-extension?variant=45504199000249
2022,Cobalt Boats,CS23 SURF,https://shorelinebrands.com/products/wake-tower-mounted-universal-bimini-extension?variant=45504199000249
2022,Cobalt Boats,R4 SURF,https://shorelinebrands.com/products/wake-tower-mounted-universal-bimini-extension?variant=45504199000249
2022,Cobalt Boats,R6 SURF,https://shorelinebrands.com/products/wake-tower-mounted-universal-bimini-extension?variant=45504199000249
2022,Cobalt Boats,R8 SURF,https://shorelinebrands.com/products/wake-tower-mounted-universal-bimini-extension?variant=45504199000249
2023,Cobalt Boats,CS22,https://shorelinebrands.com/products/wake-tower-mounted-universal-bimini-extension?variant=45504199000249
2023,Cobalt Boats,CS23,https://shorelinebrands.com/products/wake-tower-mounted-universal-bimini-extension?variant=45504199000249
2023,Cobalt Boats,220S,https://shorelinebrands.com/products/wake-tower-mounted-universal-bimini-extension?variant=45504199000249
2023,Cobalt Boats,R4,https://shorelinebrands.com/products/wake-tower-mounted-universal-bimini-extension?variant=45504199000249
2023,Cobalt Boats,R4,https://shorelinebrands.com/products/wake-tower-mounted-universal-bimini-extension?variant=45504199000249
2023,Cobalt Boats,R6,https://shorelinebrands.com/products/wake-tower-mounted-universal-bimini-extension?variant=45504199000249
2023,Cobalt Boats,R6,https://shorelinebrands.com/products/wake-tower-mounted-universal-bimini-extension?variant=45504199000249
2023,Cobalt Boats,R8,https://shorelinebrands.com/products/wake-tower-mounted-universal-bimini-extension?variant=45504199000249
2023,Cobalt Boats,R8,https://shorelinebrands.com/products/wake-tower-mounted-universal-bimini-extension?variant=45504199000249
2023,Cobalt Boats,R8,https://shorelinebrands.com/products/wake-tower-mounted-universal-bimini-extension?variant=45504199000249
2023,Cobalt Boats,30SC,https://shorelinebrands.com/products/wake-tower-mounted-universal-bimini-extension?variant=45504199000249
2023,Cobalt Boats,CS23 SURF,https://shorelinebrands.com/products/wake-tower-mounted-universal-bimini-extension?variant=45504199000249
2023,Cobalt Boats,R4 SURF,https://shorelinebrands.com/products/wake-tower-mounted-universal-bimini-extension?variant=45504199000249
2023,Cobalt Boats,R6 SURF,https://shorelinebrands.com/products/wake-tower-mounted-universal-bimini-extension?variant=45504199000249
2023,Cobalt Boats,R8 SURF,https://shorelinebrands.com/products/wake-tower-mounted-universal-bimini-extension?variant=45504199000249
2024,Cobalt Boats,220S,https://shorelinebrands.com/products/wake-tower-mounted-universal-bimini-extension?variant=45504199000249
2024,Cobalt Boats,d,https://shorelinebrands.com/products/wake-tower-mounted-universal-bimini-extension?variant=45504199000249
2024,Cobalt Boats,CS23,https://shorelinebrands.com/products/wake-tower-mounted-universal-bimini-extension?variant=45504199000249
2024,Cobalt Boats,A29,https://shorelinebrands.com/products/wake-tower-mounted-universal-bimini-extension?variant=45504199000249
2024,Cobalt Boats,R4,https://shorelinebrands.com/products/wake-tower-mounted-universal-bimini-extension?variant=45504199000249
2024,Cobalt Boats,R4,https://shorelinebrands.com/products/wake-tower-mounted-universal-bimini-extension?variant=45504199000249
2024,Cobalt Boats,R6,https://shorelinebrands.com/products/wake-tower-mounted-universal-bimini-extension?variant=45504199000249
2024,Cobalt Boats,R6,https://shorelinebrands.com/products/wake-tower-mounted-universal-bimini-extension?variant=45504199000249
2024,Cobalt Boats,R8,https://shorelinebrands.com/products/wake-tower-mounted-universal-bimini-extension?variant=45504199000249
2024,Cobalt Boats,R8,https://shorelinebrands.com/products/wake-tower-mounted-universal-bimini-extension?variant=45504199000249
2024,Cobalt Boats,30SC,https://shorelinebrands.com/products/wake-tower-mounted-universal-bimini-extension?variant=45504199000249
2024,Cobalt Boats,CS23 SURF,https://shorelinebrands.com/products/wake-tower-mounted-universal-bimini-extension?variant=45504199000249
2024,Cobalt Boats,R4 SURF,https://shorelinebrands.com/products/wake-tower-mounted-universal-bimini-extension?variant=45504199000249
2024,Cobalt Boats,R6 SURF,https://shorelinebrands.com/products/wake-tower-mounted-universal-bimini-extension?variant=45504199000249
2024,Cobalt Boats,R8 SURF,https://shorelinebrands.com/products/wake-tower-mounted-universal-bimini-extension?variant=45504199000249
2020,Regal,LS2 / LS2 Surf,https://shorelinebrands.com/products/wake-tower-mounted-universal-bimini-extension?variant=45504199000249
2021,Regal,LS2 / LS2 Surf,https://shorelinebrands.com/products/wake-tower-mounted-universal-bimini-extension?variant=45504199000249
2022,Regal,LS2 / LS2 Surf,https://shorelinebrands.com/products/wake-tower-mounted-universal-bimini-extension?variant=45504199000249
2023,Regal,LS2 / LS2 Surf,https://shorelinebrands.com/products/wake-tower-mounted-universal-bimini-extension?variant=45504199000249
2024,Regal,LS2 / LS2 Surf,https://shorelinebrands.com/products/wake-tower-mounted-universal-bimini-extension?variant=45504199000249
2025,Regal,LS2 / LS2 Surf,https://shorelinebrands.com/products/wake-tower-mounted-universal-bimini-extension?variant=45504199000249
2026,Regal,LS2 / LS2 Surf,https://shorelinebrands.com/products/wake-tower-mounted-universal-bimini-extension?variant=45504199000249
2019,Regal,LS4 / LS4 Surf,https://shorelinebrands.com/products/wake-tower-mounted-universal-bimini-extension?variant=45504199000249
2020,Regal,LS4 / LS4 Surf,https://shorelinebrands.com/products/wake-tower-mounted-universal-bimini-extension?variant=45504199000249
2021,Regal,LS4 / LS4 Surf,https://shorelinebrands.com/products/wake-tower-mounted-universal-bimini-extension?variant=45504199000249
2022,Regal,LS4 / LS4 Surf,https://shorelinebrands.com/products/wake-tower-mounted-universal-bimini-extension?variant=45504199000249
2023,Regal,LS4 / LS4 Surf,https://shorelinebrands.com/products/wake-tower-mounted-universal-bimini-extension?variant=45504199000249
2024,Regal,LS4 / LS4 Surf,https://shorelinebrands.com/products/wake-tower-mounted-universal-bimini-extension?variant=45504199000249
2025,Regal,LS4 / LS4 Surf,https://shorelinebrands.com/products/wake-tower-mounted-universal-bimini-extension?variant=45504199000249
2026,Regal,LS4 / LS4 Surf,https://shorelinebrands.com/products/wake-tower-mounted-universal-bimini-extension?variant=45504199000249
2019,Regal,LS6 / LS6 Surf,https://shorelinebrands.com/products/wake-tower-mounted-universal-bimini-extension?variant=45504199000249
2020,Regal,LS6 / LS6 Surf,https://shorelinebrands.com/products/wake-tower-mounted-universal-bimini-extension?variant=45504199000249
2021,Regal,LS6 / LS6 Surf,https://shorelinebrands.com/products/wake-tower-mounted-universal-bimini-extension?variant=45504199000249
2022,Regal,LS6 / LS6 Surf,https://shorelinebrands.com/products/wake-tower-mounted-universal-bimini-extension?variant=45504199000249
2023,Regal,LS6 / LS6 Surf,https://shorelinebrands.com/products/wake-tower-mounted-universal-bimini-extension?variant=45504199000249
2024,Regal,LS6 / LS6 Surf,https://shorelinebrands.com/products/wake-tower-mounted-universal-bimini-extension?variant=45504199000249
2025,Regal,LS6 / LS6 Surf,https://shorelinebrands.com/products/wake-tower-mounted-universal-bimini-extension?variant=45504199000249
2026,Regal,LS6 / LS6 Surf,https://shorelinebrands.com/products/wake-tower-mounted-universal-bimini-extension?variant=45504199000249
2021,Regal,LX2,https://shorelinebrands.com/products/wake-tower-mounted-universal-bimini-extension?variant=45504199000249
2022,Regal,LX2,https://shorelinebrands.com/products/wake-tower-mounted-universal-bimini-extension?variant=45504199000249
2023,Regal,LX2,https://shorelinebrands.com/products/wake-tower-mounted-universal-bimini-extension?variant=45504199000249
2024,Regal,LX2,https://shorelinebrands.com/products/wake-tower-mounted-universal-bimini-extension?variant=45504199000249
2025,Regal,LX2,https://shorelinebrands.com/products/wake-tower-mounted-universal-bimini-extension?variant=45504199000249
2026,Regal,LX2,https://shorelinebrands.com/products/wake-tower-mounted-universal-bimini-extension?variant=45504199000249
2020,Regal,LX4,https://shorelinebrands.com/products/wake-tower-mounted-universal-bimini-extension?variant=45504199000249
2021,Regal,LX4,https://shorelinebrands.com/products/wake-tower-mounted-universal-bimini-extension?variant=45504199000249
2022,Regal,LX4,https://shorelinebrands.com/products/wake-tower-mounted-universal-bimini-extension?variant=45504199000249
2023,Regal,LX4,https://shorelinebrands.com/products/wake-tower-mounted-universal-bimini-extension?variant=45504199000249
2024,Regal,LX4,https://shorelinebrands.com/products/wake-tower-mounted-universal-bimini-extension?variant=45504199000249
2025,Regal,LX4,https://shorelinebrands.com/products/wake-tower-mounted-universal-bimini-extension?variant=45504199000249
2026,Regal,LX4,https://shorelinebrands.com/products/wake-tower-mounted-universal-bimini-extension?variant=45504199000249
2016,Regal,2000 ES,https://shorelinebrands.com/products/wake-tower-mounted-universal-bimini-extension?variant=45504199000249
2017,Regal,2000 ES,https://shorelinebrands.com/products/wake-tower-mounted-universal-bimini-extension?variant=45504199000249
2018,Regal,2000 ES,https://shorelinebrands.com/products/wake-tower-mounted-universal-bimini-extension?variant=45504199000249
2019,Regal,2000 ES,https://shorelinebrands.com/products/wake-tower-mounted-universal-bimini-extension?variant=45504199000249
2020,Regal,2000 ES,https://shorelinebrands.com/products/wake-tower-mounted-universal-bimini-extension?variant=45504199000249
2021,Regal,2000 ES,https://shorelinebrands.com/products/wake-tower-mounted-universal-bimini-extension?variant=45504199000249
2022,Regal,2000 ES,https://shorelinebrands.com/products/wake-tower-mounted-universal-bimini-extension?variant=45504199000249
2023,Regal,2000 ES,https://shorelinebrands.com/products/wake-tower-mounted-universal-bimini-extension?variant=45504199000249
2024,Regal,2000 ES,https://shorelinebrands.com/products/wake-tower-mounted-universal-bimini-extension?variant=45504199000249
2025,Regal,2000 ES,https://shorelinebrands.com/products/wake-tower-mounted-universal-bimini-extension?variant=45504199000249
2026,Regal,2000 ES,https://shorelinebrands.com/products/wake-tower-mounted-universal-bimini-extension?variant=45504199000249
2017,Regal,21 OBX,https://shorelinebrands.com/products/wake-tower-mounted-universal-bimini-extension?variant=45504199000249
2018,Regal,21 OBX,https://shorelinebrands.com/products/wake-tower-mounted-universal-bimini-extension?variant=45504199000249
2019,Regal,21 OBX,https://shorelinebrands.com/products/wake-tower-mounted-universal-bimini-extension?variant=45504199000249
2020,Regal,21 OBX,https://shorelinebrands.com/products/wake-tower-mounted-universal-bimini-extension?variant=45504199000249
2021,Regal,21 OBX,https://shorelinebrands.com/products/wake-tower-mounted-universal-bimini-extension?variant=45504199000249
2022,Regal,21 OBX,https://shorelinebrands.com/products/wake-tower-mounted-universal-bimini-extension?variant=45504199000249
2023,Regal,21 OBX,https://shorelinebrands.com/products/wake-tower-mounted-universal-bimini-extension?variant=45504199000249
2024,Regal,21 OBX,https://shorelinebrands.com/products/wake-tower-mounted-universal-bimini-extension?variant=45504199000249
2025,Regal,21 OBX,https://shorelinebrands.com/products/wake-tower-mounted-universal-bimini-extension?variant=45504199000249
2026,Regal,21 OBX,https://shorelinebrands.com/products/wake-tower-mounted-universal-bimini-extension?variant=45504199000249
2015,Sea Ray,SPX 210 / 230,https://shorelinebrands.com/products/wake-tower-mounted-universal-bimini-extension?variant=45504199000249
2016,Sea Ray,SPX 210 / 230,https://shorelinebrands.com/products/wake-tower-mounted-universal-bimini-extension?variant=45504199000249
2017,Sea Ray,SPX 210 / 230,https://shorelinebrands.com/products/wake-tower-mounted-universal-bimini-extension?variant=45504199000249
2018,Sea Ray,SPX 210 / 230,https://shorelinebrands.com/products/wake-tower-mounted-universal-bimini-extension?variant=45504199000249
2019,Sea Ray,SPX 210 / 230,https://shorelinebrands.com/products/wake-tower-mounted-universal-bimini-extension?variant=45504199000249
2020,Sea Ray,SPX 210 / 230,https://shorelinebrands.com/products/wake-tower-mounted-universal-bimini-extension?variant=45504199000249
2021,Sea Ray,SPX 210 / 230,https://shorelinebrands.com/products/wake-tower-mounted-universal-bimini-extension?variant=45504199000249
2022,Sea Ray,SPX 210 / 230,https://shorelinebrands.com/products/wake-tower-mounted-universal-bimini-extension?variant=45504199000249
2023,Sea Ray,SPX 210 / 230,https://shorelinebrands.com/products/wake-tower-mounted-universal-bimini-extension?variant=45504199000249
2024,Sea Ray,SPX 210 / 230,https://shorelinebrands.com/products/wake-tower-mounted-universal-bimini-extension?variant=45504199000249
2025,Sea Ray,SPX 210 / 230,https://shorelinebrands.com/products/wake-tower-mounted-universal-bimini-extension?variant=45504199000249
2026,Sea Ray,SPX 210 / 230,https://shorelinebrands.com/products/wake-tower-mounted-universal-bimini-extension?variant=45504199000249
2012,Sea Ray,270 SLX,https://shorelinebrands.com/products/wake-tower-mounted-universal-bimini-extension?variant=45504199000249
2013,Sea Ray,270 SLX,https://shorelinebrands.com/products/wake-tower-mounted-universal-bimini-extension?variant=45504199000249
2014,Sea Ray,270 SLX,https://shorelinebrands.com/products/wake-tower-mounted-universal-bimini-extension?variant=45504199000249
2015,Sea Ray,270 SLX,https://shorelinebrands.com/products/wake-tower-mounted-universal-bimini-extension?variant=45504199000249
2016,Sea Ray,270 SLX,https://shorelinebrands.com/products/wake-tower-mounted-universal-bimini-extension?variant=45504199000249
2004,Sanger Boats,20 DLX,https://shorelinebrands.com/products/wake-tower-mounted-universal-bimini-extension?variant=45504199000249
2004,Sanger Boats,20 DXII,https://shorelinebrands.com/products/wake-tower-mounted-universal-bimini-extension?variant=45504199000249
2004,Sanger Boats,V210,https://shorelinebrands.com/products/wake-tower-mounted-universal-bimini-extension?variant=45504199000249
2004,Sanger Boats,V215,https://shorelinebrands.com/products/wake-tower-mounted-universal-bimini-extension?variant=45504199000249
2004,Sanger Boats,V230,https://shorelinebrands.com/products/wake-tower-mounted-universal-bimini-extension?variant=45504199000249
2005,Sanger Boats,20 DLX,https://shorelinebrands.com/products/wake-tower-mounted-universal-bimini-extension?variant=45504199000249
2005,Sanger Boats,20 DXII,https://shorelinebrands.com/products/wake-tower-mounted-universal-bimini-extension?variant=45504199000249
2005,Sanger Boats,V210,https://shorelinebrands.com/products/wake-tower-mounted-universal-bimini-extension?variant=45504199000249
2005,Sanger Boats,V215,https://shorelinebrands.com/products/wake-tower-mounted-universal-bimini-extension?variant=45504199000249
2005,Sanger Boats,V230,https://shorelinebrands.com/products/wake-tower-mounted-universal-bimini-extension?variant=45504199000249
2006,Sanger Boats,20 DLX,https://shorelinebrands.com/products/wake-tower-mounted-universal-bimini-extension?variant=45504199000249
2006,Sanger Boats,20 DXII,https://shorelinebrands.com/products/wake-tower-mounted-universal-bimini-extension?variant=45504199000249
2006,Sanger Boats,V210,https://shorelinebrands.com/products/wake-tower-mounted-universal-bimini-extension?variant=45504199000249
2006,Sanger Boats,V215,https://shorelinebrands.com/products/wake-tower-mounted-universal-bimini-extension?variant=45504199000249
2006,Sanger Boats,V230,https://shorelinebrands.com/products/wake-tower-mounted-universal-bimini-extension?variant=45504199000249
2007,Sanger Boats,V210,https://shorelinebrands.com/products/wake-tower-mounted-universal-bimini-extension?variant=45504199000249
2007,Sanger Boats,V215,https://shorelinebrands.com/products/wake-tower-mounted-universal-bimini-extension?variant=45504199000249
2007,Sanger Boats,V230,https://shorelinebrands.com/products/wake-tower-mounted-universal-bimini-extension?variant=45504199000249
2008,Sanger Boats,V210,https://shorelinebrands.com/products/wake-tower-mounted-universal-bimini-extension?variant=45504199000249
2008,Sanger Boats,V215,https://shorelinebrands.com/products/wake-tower-mounted-universal-bimini-extension?variant=45504199000249
2008,Sanger Boats,V230,https://shorelinebrands.com/products/wake-tower-mounted-universal-bimini-extension?variant=45504199000249
2009,Sanger Boats,V210,https://shorelinebrands.com/products/wake-tower-mounted-universal-bimini-extension?variant=45504199000249
2009,Sanger Boats,V215,https://shorelinebrands.com/products/wake-tower-mounted-universal-bimini-extension?variant=45504199000249
2009,Sanger Boats,V230,https://shorelinebrands.com/products/wake-tower-mounted-universal-bimini-extension?variant=45504199000249
2010,Sanger Boats,V210,https://shorelinebrands.com/products/wake-tower-mounted-universal-bimini-extension?variant=45504199000249
2010,Sanger Boats,V215,https://shorelinebrands.com/products/wake-tower-mounted-universal-bimini-extension?variant=45504199000249
2010,Sanger Boats,V230,https://shorelinebrands.com/products/wake-tower-mounted-universal-bimini-extension?variant=45504199000249
2010,Sanger Boats,V237,https://shorelinebrands.com/products/wake-tower-mounted-universal-bimini-extension?variant=45504199000249
2011,Sanger Boats,V210,https://shorelinebrands.com/products/wake-tower-mounted-universal-bimini-extension?variant=45504199000249
2011,Sanger Boats,V215,https://shorelinebrands.com/products/wake-tower-mounted-universal-bimini-extension?variant=45504199000249
2011,Sanger Boats,V215 XTZ,https://shorelinebrands.com/products/wake-tower-mounted-universal-bimini-extension?variant=45504199000249
2011,Sanger Boats,V230,https://shorelinebrands.com/products/wake-tower-mounted-universal-bimini-extension?variant=45504199000249
2011,Sanger Boats,V237,https://shorelinebrands.com/products/wake-tower-mounted-universal-bimini-extension?variant=45504199000249
2012,Sanger Boats,V210,https://shorelinebrands.com/products/wake-tower-mounted-universal-bimini-extension?variant=45504199000249
2012,Sanger Boats,V215,https://shorelinebrands.com/products/wake-tower-mounted-universal-bimini-extension?variant=45504199000249
2012,Sanger Boats,V215 XTZ,https://shorelinebrands.com/products/wake-tower-mounted-universal-bimini-extension?variant=45504199000249
2012,Sanger Boats,V237,https://shorelinebrands.com/products/wake-tower-mounted-universal-bimini-extension?variant=45504199000249
2013,Sanger Boats,V210,https://shorelinebrands.com/products/wake-tower-mounted-universal-bimini-extension?variant=45504199000249
2013,Sanger Boats,V215,https://shorelinebrands.com/products/wake-tower-mounted-universal-bimini-extension?variant=45504199000249
2013,Sanger Boats,V215 S,https://shorelinebrands.com/products/wake-tower-mounted-universal-bimini-extension?variant=45504199000249
2013,Sanger Boats,V215 XTZ,https://shorelinebrands.com/products/wake-tower-mounted-universal-bimini-extension?variant=45504199000249
2013,Sanger Boats,V237,https://shorelinebrands.com/products/wake-tower-mounted-universal-bimini-extension?variant=45504199000249
2013,Sanger Boats,V237 LS,https://shorelinebrands.com/products/wake-tower-mounted-universal-bimini-extension?variant=45504199000249
2013,Sanger Boats,V237 LTZ,https://shorelinebrands.com/products/wake-tower-mounted-universal-bimini-extension?variant=45504199000249
2014,Sanger Boats,V215 S,https://shorelinebrands.com/products/wake-tower-mounted-universal-bimini-extension?variant=45504199000249
2014,Sanger Boats,V215 XTZ,https://shorelinebrands.com/products/wake-tower-mounted-universal-bimini-extension?variant=45504199000249
2014,Sanger Boats,V237 LS,https://shorelinebrands.com/products/wake-tower-mounted-universal-bimini-extension?variant=45504199000249
2014,Sanger Boats,V237 LTZ,https://shorelinebrands.com/products/wake-tower-mounted-universal-bimini-extension?variant=45504199000249
2015,Sanger Boats,212 SL,https://shorelinebrands.com/products/wake-tower-mounted-universal-bimini-extension?variant=45504199000249
2015,Sanger Boats,V215 S,https://shorelinebrands.com/products/wake-tower-mounted-universal-bimini-extension?variant=45504199000249
2015,Sanger Boats,V215 XTZ,https://shorelinebrands.com/products/wake-tower-mounted-universal-bimini-extension?variant=45504199000249
2015,Sanger Boats,V237 LS,https://shorelinebrands.com/products/wake-tower-mounted-universal-bimini-extension?variant=45504199000249
2015,Sanger Boats,V237 LTZ,https://shorelinebrands.com/products/wake-tower-mounted-universal-bimini-extension?variant=45504199000249
2016,Sanger Boats,212 SL,https://shorelinebrands.com/products/wake-tower-mounted-universal-bimini-extension?variant=45504199000249
2016,Sanger Boats,V215 S,https://shorelinebrands.com/products/wake-tower-mounted-universal-bimini-extension?variant=45504199000249
2016,Sanger Boats,V215 XTZ,https://shorelinebrands.com/products/wake-tower-mounted-universal-bimini-extension?variant=45504199000249
2016,Sanger Boats,V237 LS,https://shorelinebrands.com/products/wake-tower-mounted-universal-bimini-extension?variant=45504199000249
2016,Sanger Boats,V237 LTZ,https://shorelinebrands.com/products/wake-tower-mounted-universal-bimini-extension?variant=45504199000249
2017,Sanger Boats,212 SL,https://shorelinebrands.com/products/wake-tower-mounted-universal-bimini-extension?variant=45504199000249
2017,Sanger Boats,V215 S,https://shorelinebrands.com/products/wake-tower-mounted-universal-bimini-extension?variant=45504199000249
2017,Sanger Boats,V215 SX,https://shorelinebrands.com/products/wake-tower-mounted-universal-bimini-extension?variant=45504199000249
2017,Sanger Boats,V215 XTZ,https://shorelinebrands.com/products/wake-tower-mounted-universal-bimini-extension?variant=45504199000249
2017,Sanger Boats,V237 LS,https://shorelinebrands.com/products/wake-tower-mounted-universal-bimini-extension?variant=45504199000249
2017,Sanger Boats,V237 S,https://shorelinebrands.com/products/wake-tower-mounted-universal-bimini-extension?variant=45504199000249
2018,Sanger Boats,212 SL,https://shorelinebrands.com/products/wake-tower-mounted-universal-bimini-extension?variant=45504199000249
2018,Sanger Boats,V215 S,https://shorelinebrands.com/products/wake-tower-mounted-universal-bimini-extension?variant=45504199000249
2018,Sanger Boats,V215 SX,https://shorelinebrands.com/products/wake-tower-mounted-universal-bimini-extension?variant=45504199000249
2018,Sanger Boats,V215 XTZ,https://shorelinebrands.com/products/wake-tower-mounted-universal-bimini-extension?variant=45504199000249
2018,Sanger Boats,V237 LS,https://shorelinebrands.com/products/wake-tower-mounted-universal-bimini-extension?variant=45504199000249
2018,Sanger Boats,V237 S,https://shorelinebrands.com/products/wake-tower-mounted-universal-bimini-extension?variant=45504199000249
2019,Sanger Boats,212 SL,https://shorelinebrands.com/products/wake-tower-mounted-universal-bimini-extension?variant=45504199000249
2019,Sanger Boats,V215 S,https://shorelinebrands.com/products/wake-tower-mounted-universal-bimini-extension?variant=45504199000249
2019,Sanger Boats,V215 SX,https://shorelinebrands.com/products/wake-tower-mounted-universal-bimini-extension?variant=45504199000249
2019,Sanger Boats,V215 XTZ,https://shorelinebrands.com/products/wake-tower-mounted-universal-bimini-extension?variant=45504199000249
2019,Sanger Boats,V237 S,https://shorelinebrands.com/products/wake-tower-mounted-universal-bimini-extension?variant=45504199000249
2019,Sanger Boats,V237 SX,https://shorelinebrands.com/products/wake-tower-mounted-universal-bimini-extension?variant=45504199000249
2019,Sanger Boats,V237 XTZ,https://shorelinebrands.com/products/wake-tower-mounted-universal-bimini-extension?variant=45504199000249
2020,Sanger Boats,212 SL,https://shorelinebrands.com/products/wake-tower-mounted-universal-bimini-extension?variant=45504199000249
2020,Sanger Boats,231 SL,https://shorelinebrands.com/products/wake-tower-mounted-universal-bimini-extension?variant=45504199000249
2020,Sanger Boats,V215 S,https://shorelinebrands.com/products/wake-tower-mounted-universal-bimini-extension?variant=45504199000249
2020,Sanger Boats,V215 SX,https://shorelinebrands.com/products/wake-tower-mounted-universal-bimini-extension?variant=45504199000249
2020,Sanger Boats,V215 XTZ,https://shorelinebrands.com/products/wake-tower-mounted-universal-bimini-extension?variant=45504199000249
2020,Sanger Boats,V237 S,https://shorelinebrands.com/products/wake-tower-mounted-universal-bimini-extension?variant=45504199000249
2020,Sanger Boats,V237 SX,https://shorelinebrands.com/products/wake-tower-mounted-universal-bimini-extension?variant=45504199000249
2020,Sanger Boats,V237 XTZ,https://shorelinebrands.com/products/wake-tower-mounted-universal-bimini-extension?variant=45504199000249
2021,Sanger Boats,212 SL,https://shorelinebrands.com/products/wake-tower-mounted-universal-bimini-extension?variant=45504199000249
2021,Sanger Boats,231 SL,https://shorelinebrands.com/products/wake-tower-mounted-universal-bimini-extension?variant=45504199000249
2021,Sanger Boats,V215 SX,https://shorelinebrands.com/products/wake-tower-mounted-universal-bimini-extension?variant=45504199000249
2021,Sanger Boats,V215 XTZ,https://shorelinebrands.com/products/wake-tower-mounted-universal-bimini-extension?variant=45504199000249
2021,Sanger Boats,V237 S,https://shorelinebrands.com/products/wake-tower-mounted-universal-bimini-extension?variant=45504199000249
2021,Sanger Boats,V237 SX,https://shorelinebrands.com/products/wake-tower-mounted-universal-bimini-extension?variant=45504199000249
2021,Sanger Boats,V237 XTZ,https://shorelinebrands.com/products/wake-tower-mounted-universal-bimini-extension?variant=45504199000249
2022,Sanger Boats,212 SL,https://shorelinebrands.com/products/wake-tower-mounted-universal-bimini-extension?variant=45504199000249
2022,Sanger Boats,231 SL,https://shorelinebrands.com/products/wake-tower-mounted-universal-bimini-extension?variant=45504199000249
2022,Sanger Boats,V215 SX,https://shorelinebrands.com/products/wake-tower-mounted-universal-bimini-extension?variant=45504199000249
2022,Sanger Boats,V215 XTZ,https://shorelinebrands.com/products/wake-tower-mounted-universal-bimini-extension?variant=45504199000249
2022,Sanger Boats,V237 S,https://shorelinebrands.com/products/wake-tower-mounted-universal-bimini-extension?variant=45504199000249
2022,Sanger Boats,V237 SX,https://shorelinebrands.com/products/wake-tower-mounted-universal-bimini-extension?variant=45504199000249
2022,Sanger Boats,V237 XTZ,https://shorelinebrands.com/products/wake-tower-mounted-universal-bimini-extension?variant=45504199000249
2023,Sanger Boats,212 SL,https://shorelinebrands.com/products/wake-tower-mounted-universal-bimini-extension?variant=45504199000249
2023,Sanger Boats,231 SL,https://shorelinebrands.com/products/wake-tower-mounted-universal-bimini-extension?variant=45504199000249
2023,Sanger Boats,V215 SX,https://shorelinebrands.com/products/wake-tower-mounted-universal-bimini-extension?variant=45504199000249
2023,Sanger Boats,V215 XTZ,https://shorelinebrands.com/products/wake-tower-mounted-universal-bimini-extension?variant=45504199000249
2023,Sanger Boats,V237 S,https://shorelinebrands.com/products/wake-tower-mounted-universal-bimini-extension?variant=45504199000249
2023,Sanger Boats,V237 SX,https://shorelinebrands.com/products/wake-tower-mounted-universal-bimini-extension?variant=45504199000249
2023,Sanger Boats,V237 XTZ,https://shorelinebrands.com/products/wake-tower-mounted-universal-bimini-extension?variant=45504199000249
2024,Sanger Boats,212 SL,https://shorelinebrands.com/products/wake-tower-mounted-universal-bimini-extension?variant=45504199000249
2024,Sanger Boats,231 SL,https://shorelinebrands.com/products/wake-tower-mounted-universal-bimini-extension?variant=45504199000249
2024,Sanger Boats,V215 SX,https://shorelinebrands.com/products/wake-tower-mounted-universal-bimini-extension?variant=45504199000249
2024,Sanger Boats,V215 XTZ,https://shorelinebrands.com/products/wake-tower-mounted-universal-bimini-extension?variant=45504199000249
2024,Sanger Boats,V237 S,https://shorelinebrands.com/products/wake-tower-mounted-universal-bimini-extension?variant=45504199000249
2024,Sanger Boats,V237 SX,https://shorelinebrands.com/products/wake-tower-mounted-universal-bimini-extension?variant=45504199000249
2024,Sanger Boats,V237 XTZ,https://shorelinebrands.com/products/wake-tower-mounted-universal-bimini-extension?variant=45504199000249
2025,Sanger Boats,212 SL,https://shorelinebrands.com/products/wake-tower-mounted-universal-bimini-extension?variant=45504199000249
2025,Sanger Boats,231 SL,https://shorelinebrands.com/products/wake-tower-mounted-universal-bimini-extension?variant=45504199000249
2025,Sanger Boats,V215 SX,https://shorelinebrands.com/products/wake-tower-mounted-universal-bimini-extension?variant=45504199000249
2025,Sanger Boats,V215 XTZ,https://shorelinebrands.com/products/wake-tower-mounted-universal-bimini-extension?variant=45504199000249
2025,Sanger Boats,V237 S,https://shorelinebrands.com/products/wake-tower-mounted-universal-bimini-extension?variant=45504199000249
2025,Sanger Boats,V237 SX,https://shorelinebrands.com/products/wake-tower-mounted-universal-bimini-extension?variant=45504199000249
2025,Sanger Boats,V237 XTZ,https://shorelinebrands.com/products/wake-tower-mounted-universal-bimini-extension?variant=45504199000249
2006,Sun Tracker,Party Barge,https://shorelinebrands.com/products/pontoon-boat-bimini-extension-kit?variant=45345969176761
2007,Sun Tracker,Party Barge,https://shorelinebrands.com/products/pontoon-boat-bimini-extension-kit?variant=45345969176761
2008,Sun Tracker,Party Barge,https://shorelinebrands.com/products/pontoon-boat-bimini-extension-kit?variant=45345969176761
2009,Sun Tracker,Party Barge,https://shorelinebrands.com/products/pontoon-boat-bimini-extension-kit?variant=45345969176761
2010,Sun Tracker,Party Barge,https://shorelinebrands.com/products/pontoon-boat-bimini-extension-kit?variant=45345969176761
2011,Sun Tracker,Party Barge,https://shorelinebrands.com/products/pontoon-boat-bimini-extension-kit?variant=45345969176761
2012,Sun Tracker,Party Barge,https://shorelinebrands.com/products/pontoon-boat-bimini-extension-kit?variant=45345969176761
2013,Sun Tracker,Party Barge,https://shorelinebrands.com/products/pontoon-boat-bimini-extension-kit?variant=45345969176761
2014,Sun Tracker,Party Barge,https://shorelinebrands.com/products/pontoon-boat-bimini-extension-kit?variant=45345969176761
2015,Sun Tracker,Party Barge,https://shorelinebrands.com/products/pontoon-boat-bimini-extension-kit?variant=45345969176761
2016,Sun Tracker,Party Barge,https://shorelinebrands.com/products/pontoon-boat-bimini-extension-kit?variant=45345969176761
2017,Sun Tracker,Party Barge,https://shorelinebrands.com/products/pontoon-boat-bimini-extension-kit?variant=45345969176761
2018,Sun Tracker,Party Barge,https://shorelinebrands.com/products/pontoon-boat-bimini-extension-kit?variant=45345969176761
2019,Sun Tracker,Party Barge,https://shorelinebrands.com/products/pontoon-boat-bimini-extension-kit?variant=45345969176761
2020,Sun Tracker,Party Barge,https://shorelinebrands.com/products/pontoon-boat-bimini-extension-kit?variant=45345969176761
2021,Sun Tracker,Party Barge,https://shorelinebrands.com/products/pontoon-boat-bimini-extension-kit?variant=45345969176761
2022,Sun Tracker,Party Barge,https://shorelinebrands.com/products/pontoon-boat-bimini-extension-kit?variant=45345969176761
2023,Sun Tracker,Party Barge,https://shorelinebrands.com/products/pontoon-boat-bimini-extension-kit?variant=45345969176761
2024,Sun Tracker,Party Barge,https://shorelinebrands.com/products/pontoon-boat-bimini-extension-kit?variant=45345969176761
2025,Sun Tracker,Party Barge,https://shorelinebrands.com/products/pontoon-boat-bimini-extension-kit?variant=45345969176761
2005,Bennington,2575 RL,https://shorelinebrands.com/products/pontoon-boat-bimini-extension-kit?variant=45345969176761
2006,Bennington,2275 LX,https://shorelinebrands.com/products/pontoon-boat-bimini-extension-kit?variant=45345969176761
2007,Bennington,2575 QXI,https://shorelinebrands.com/products/pontoon-boat-bimini-extension-kit?variant=45345969176761
2008,Bennington,2075 FS,https://shorelinebrands.com/products/pontoon-boat-bimini-extension-kit?variant=45345969176761
2009,Bennington,2275 RCW,https://shorelinebrands.com/products/pontoon-boat-bimini-extension-kit?variant=45345969176761
2010,Bennington,2575 RCW,https://shorelinebrands.com/products/pontoon-boat-bimini-extension-kit?variant=45345969176761
2011,Bennington,17 SL,https://shorelinebrands.com/products/pontoon-boat-bimini-extension-kit?variant=45345969176761
2011,Bennington,1875 GLI,https://shorelinebrands.com/products/pontoon-boat-bimini-extension-kit?variant=45345969176761
2011,Bennington,2075 GSI,https://shorelinebrands.com/products/pontoon-boat-bimini-extension-kit?variant=45345969176761
2011,Bennington,2275 RCW LTD,https://shorelinebrands.com/products/pontoon-boat-bimini-extension-kit?variant=45345969176761
2011,Bennington,2574 GCW,https://shorelinebrands.com/products/pontoon-boat-bimini-extension-kit?variant=45345969176761
2012,Bennington,22 SLX,https://shorelinebrands.com/products/pontoon-boat-bimini-extension-kit?variant=45345969176761
2013,Bennington,24 SLX,https://shorelinebrands.com/products/pontoon-boat-bimini-extension-kit?variant=45345969176761
2014,Bennington,2375 RCW SA,https://shorelinebrands.com/products/pontoon-boat-bimini-extension-kit?variant=45345969176761
2015,Bennington,22 S Series,https://shorelinebrands.com/products/pontoon-boat-bimini-extension-kit?variant=45345969176761
2016,Bennington,24 S Series,https://shorelinebrands.com/products/pontoon-boat-bimini-extension-kit?variant=45345969176761
2017,Bennington,Q 25,https://shorelinebrands.com/products/pontoon-boat-bimini-extension-kit?variant=45345969176761
2018,Bennington,QX 25 Sport,https://shorelinebrands.com/products/pontoon-boat-bimini-extension-kit?variant=45345969176761
2019,Bennington,L Series 23 L,https://shorelinebrands.com/products/pontoon-boat-bimini-extension-kit?variant=45345969176761
2020,Bennington,23 QCW,https://shorelinebrands.com/products/pontoon-boat-bimini-extension-kit?variant=45345969176761
2021,Bennington,26 R Bowrider,https://shorelinebrands.com/products/pontoon-boat-bimini-extension-kit?variant=45345969176761
2022,Bennington,23 QCW,https://shorelinebrands.com/products/pontoon-boat-bimini-extension-kit?variant=45345969176761
2023,Bennington,L Bowrider 23,https://shorelinebrands.com/products/pontoon-boat-bimini-extension-kit?variant=45345969176761
2024,Bennington,R Series 25 RX Sport,https://shorelinebrands.com/products/pontoon-boat-bimini-extension-kit?variant=45345969176761
2025,Bennington,S Series 22,https://shorelinebrands.com/products/pontoon-boat-bimini-extension-kit?variant=45345969176761
2025,Bennington,L Series 24,https://shorelinebrands.com/products/pontoon-boat-bimini-extension-kit?variant=45345969176761
2025,Bennington,M Series 25,https://shorelinebrands.com/products/pontoon-boat-bimini-extension-kit?variant=45345969176761
2025,Bennington,R Series 26,https://shorelinebrands.com/products/pontoon-boat-bimini-extension-kit?variant=45345969176761
2025,Bennington,Q Series 27 QX,https://shorelinebrands.com/products/pontoon-boat-bimini-extension-kit?variant=45345969176761
2005,Harris,Classic 220,https://shorelinebrands.com/products/pontoon-boat-bimini-extension-kit?variant=45345969176761
2007,Harris,Super Sunliner 230,https://shorelinebrands.com/products/pontoon-boat-bimini-extension-kit?variant=45345969176761
2010,Harris,Cruiser 220,https://shorelinebrands.com/products/pontoon-boat-bimini-extension-kit?variant=45345969176761
2012,Harris,Cruiser 240,https://shorelinebrands.com/products/pontoon-boat-bimini-extension-kit?variant=45345969176761
2014,Harris,Solstice 220,https://shorelinebrands.com/products/pontoon-boat-bimini-extension-kit?variant=45345969176761
2016,Harris,Solstice 240,https://shorelinebrands.com/products/pontoon-boat-bimini-extension-kit?variant=45345969176761
2018,Harris,Crowne SL 250,https://shorelinebrands.com/products/pontoon-boat-bimini-extension-kit?variant=45345969176761
2020,Harris,Solstice 250,https://shorelinebrands.com/products/pontoon-boat-bimini-extension-kit?variant=45345969176761
2023,Harris,Cruiser 230,https://shorelinebrands.com/products/pontoon-boat-bimini-extension-kit?variant=45345969176761
2025,Harris,Solstice 230,https://shorelinebrands.com/products/pontoon-boat-bimini-extension-kit?variant=45345969176761
2005,Manitou,Legacy 22,https://shorelinebrands.com/products/pontoon-boat-bimini-extension-kit?variant=45345969176761
2008,Manitou,Oasis 22,https://shorelinebrands.com/products/pontoon-boat-bimini-extension-kit?variant=45345969176761
2010,Manitou,Encore 23,https://shorelinebrands.com/products/pontoon-boat-bimini-extension-kit?variant=45345969176761
2013,Manitou,Aurora 22,https://shorelinebrands.com/products/pontoon-boat-bimini-extension-kit?variant=45345969176761
2015,Manitou,Oasis 23 SHP,https://shorelinebrands.com/products/pontoon-boat-bimini-extension-kit?variant=45345969176761
2017,Manitou,Legacy LT 25,https://shorelinebrands.com/products/pontoon-boat-bimini-extension-kit?variant=45345969176761
2019,Manitou,Encore Pro Angler 22,https://shorelinebrands.com/products/pontoon-boat-bimini-extension-kit?variant=45345969176761
2021,Manitou,LX 23,https://shorelinebrands.com/products/pontoon-boat-bimini-extension-kit?variant=45345969176761
2023,Manitou,Explore 22,https://shorelinebrands.com/products/pontoon-boat-bimini-extension-kit?variant=45345969176761
2025,Manitou,Explore 24 Switchback,https://shorelinebrands.com/products/pontoon-boat-bimini-extension-kit?variant=45345969176761
2005,Avalon,Eagle 20,https://shorelinebrands.com/products/pontoon-boat-bimini-extension-kit?variant=45345969176761
2007,Avalon,Paradise 22,https://shorelinebrands.com/products/pontoon-boat-bimini-extension-kit?variant=45345969176761
2010,Avalon,Windjammer 22,https://shorelinebrands.com/products/pontoon-boat-bimini-extension-kit?variant=45345969176761
2012,Avalon,Cascade 23,https://shorelinebrands.com/products/pontoon-boat-bimini-extension-kit?variant=45345969176761
2014,Avalon,Paradise Elite 24,https://shorelinebrands.com/products/pontoon-boat-bimini-extension-kit?variant=45345969176761
2016,Avalon,Catalina 23,https://shorelinebrands.com/products/pontoon-boat-bimini-extension-kit?variant=45345969176761
2018,Avalon,Excalibur 25,https://shorelinebrands.com/products/pontoon-boat-bimini-extension-kit?variant=45345969176761
2020,Avalon,Catalina Elite 2385,https://shorelinebrands.com/products/pontoon-boat-bimini-extension-kit?variant=45345969176761
2019,Avalon,Venture ,https://shorelinebrands.com/products/pontoon-boat-bimini-extension-kit?variant=45345969176761
2020,Avalon,Venture ,https://shorelinebrands.com/products/pontoon-boat-bimini-extension-kit?variant=45345969176761
2021,Avalon,Venture ,https://shorelinebrands.com/products/pontoon-boat-bimini-extension-kit?variant=45345969176761
2022,Avalon,Venture ,https://shorelinebrands.com/products/pontoon-boat-bimini-extension-kit?variant=45345969176761
2023,Avalon,Venture ,https://shorelinebrands.com/products/pontoon-boat-bimini-extension-kit?variant=45345969176761
2024,Avalon,Venture ,https://shorelinebrands.com/products/pontoon-boat-bimini-extension-kit?variant=45345969176761
2025,Avalon,Excalibur Elite 25,https://shorelinebrands.com/products/pontoon-boat-bimini-extension-kit?variant=45345969176761
2007,Avalon,Excalibur,https://shorelinebrands.com/products/pontoon-boat-bimini-extension-kit?variant=45345969176761
2008,Avalon,Excalibur,https://shorelinebrands.com/products/pontoon-boat-bimini-extension-kit?variant=45345969176761
2009,Avalon,Excalibur,https://shorelinebrands.com/products/pontoon-boat-bimini-extension-kit?variant=45345969176761
2010,Avalon,Excalibur,https://shorelinebrands.com/products/pontoon-boat-bimini-extension-kit?variant=45345969176761
2011,Avalon,Excalibur,https://shorelinebrands.com/products/pontoon-boat-bimini-extension-kit?variant=45345969176761
2012,Avalon,Excalibur,https://shorelinebrands.com/products/pontoon-boat-bimini-extension-kit?variant=45345969176761
2013,Avalon,Excalibur,https://shorelinebrands.com/products/pontoon-boat-bimini-extension-kit?variant=45345969176761
2014,Avalon,Excalibur,https://shorelinebrands.com/products/pontoon-boat-bimini-extension-kit?variant=45345969176761
2015,Avalon,Excalibur,https://shorelinebrands.com/products/pontoon-boat-bimini-extension-kit?variant=45345969176761
2016,Avalon,Excalibur,https://shorelinebrands.com/products/pontoon-boat-bimini-extension-kit?variant=45345969176761
2017,Avalon,Excalibur,https://shorelinebrands.com/products/pontoon-boat-bimini-extension-kit?variant=45345969176761
2018,Avalon,Excalibur,https://shorelinebrands.com/products/pontoon-boat-bimini-extension-kit?variant=45345969176761
2019,Avalon,Excalibur,https://shorelinebrands.com/products/pontoon-boat-bimini-extension-kit?variant=45345969176761
2020,Avalon,Excalibur,https://shorelinebrands.com/products/pontoon-boat-bimini-extension-kit?variant=45345969176761
2021,Avalon,Excalibur,https://shorelinebrands.com/products/pontoon-boat-bimini-extension-kit?variant=45345969176761
2022,Avalon,Excalibur,https://shorelinebrands.com/products/pontoon-boat-bimini-extension-kit?variant=45345969176761
2023,Avalon,Excalibur,https://shorelinebrands.com/products/pontoon-boat-bimini-extension-kit?variant=45345969176761
2024,Avalon,Excalibur,https://shorelinebrands.com/products/pontoon-boat-bimini-extension-kit?variant=45345969176761
2025,Avalon,Excalibur,https://shorelinebrands.com/products/pontoon-boat-bimini-extension-kit?variant=45345969176761
2005,Harris,Sunliner 220,https://shorelinebrands.com/products/pontoon-boat-bimini-extension-kit?variant=45345969176761
2005,Harris,Cruiser 200,https://shorelinebrands.com/products/pontoon-boat-bimini-extension-kit?variant=45345969176761
2006,Harris,Sunliner 220,https://shorelinebrands.com/products/pontoon-boat-bimini-extension-kit?variant=45345969176761
2006,Harris,Cruiser 220,https://shorelinebrands.com/products/pontoon-boat-bimini-extension-kit?variant=45345969176761
2007,Harris,Sunliner 230,https://shorelinebrands.com/products/pontoon-boat-bimini-extension-kit?variant=45345969176761
2007,Harris,Cruiser 230,https://shorelinebrands.com/products/pontoon-boat-bimini-extension-kit?variant=45345969176761
2008,Harris,Grand Mariner 230,https://shorelinebrands.com/products/pontoon-boat-bimini-extension-kit?variant=45345969176761
2008,Harris,Sunliner 210,https://shorelinebrands.com/products/pontoon-boat-bimini-extension-kit?variant=45345969176761
2009,Harris,Cruiser 210,https://shorelinebrands.com/products/pontoon-boat-bimini-extension-kit?variant=45345969176761
2009,Harris,Sunliner 250,https://shorelinebrands.com/products/pontoon-boat-bimini-extension-kit?variant=45345969176761
2010,Harris,Cruiser 220,https://shorelinebrands.com/products/pontoon-boat-bimini-extension-kit?variant=45345969176761
2010,Harris,Sunliner 230,https://shorelinebrands.com/products/pontoon-boat-bimini-extension-kit?variant=45345969176761
2011,Harris,Solstice 230,https://shorelinebrands.com/products/pontoon-boat-bimini-extension-kit?variant=45345969176761
2011,Harris,Grand Mariner 250,https://shorelinebrands.com/products/pontoon-boat-bimini-extension-kit?variant=45345969176761
2012,Harris,Solstice 220,https://shorelinebrands.com/products/pontoon-boat-bimini-extension-kit?variant=45345969176761
2012,Harris,Sunliner 220,https://shorelinebrands.com/products/pontoon-boat-bimini-extension-kit?variant=45345969176761
2013,Harris,Solstice 240,https://shorelinebrands.com/products/pontoon-boat-bimini-extension-kit?variant=45345969176761
2013,Harris,Cruiser 200,https://shorelinebrands.com/products/pontoon-boat-bimini-extension-kit?variant=45345969176761
2014,Harris,Crowne 250,https://shorelinebrands.com/products/pontoon-boat-bimini-extension-kit?variant=45345969176761
2014,Harris,Solstice 240,https://shorelinebrands.com/products/pontoon-boat-bimini-extension-kit?variant=45345969176761
2015,Harris,Sunliner 220,https://shorelinebrands.com/products/pontoon-boat-bimini-extension-kit?variant=45345969176761
2015,Harris,Cruiser 220,https://shorelinebrands.com/products/pontoon-boat-bimini-extension-kit?variant=45345969176761
2016,Harris,Solstice 220,https://shorelinebrands.com/products/pontoon-boat-bimini-extension-kit?variant=45345969176761
2016,Harris,Grand Mariner 250,https://shorelinebrands.com/products/pontoon-boat-bimini-extension-kit?variant=45345969176761
2017,Harris,Crowne 250,https://shorelinebrands.com/products/pontoon-boat-bimini-extension-kit?variant=45345969176761
2017,Harris,Cruiser 230,https://shorelinebrands.com/products/pontoon-boat-bimini-extension-kit?variant=45345969176761
2018,Harris,Solstice 230,https://shorelinebrands.com/products/pontoon-boat-bimini-extension-kit?variant=45345969176761
2018,Harris,Sunliner 230,https://shorelinebrands.com/products/pontoon-boat-bimini-extension-kit?variant=45345969176761
2019,Harris,Cruiser 230,https://shorelinebrands.com/products/pontoon-boat-bimini-extension-kit?variant=45345969176761
2019,Harris,Solstice 250,https://shorelinebrands.com/products/pontoon-boat-bimini-extension-kit?variant=45345969176761
2020,Harris,Cruiser 210,https://shorelinebrands.com/products/pontoon-boat-bimini-extension-kit?variant=45345969176761
2020,Harris,Sunliner 230,https://shorelinebrands.com/products/pontoon-boat-bimini-extension-kit?variant=45345969176761
2021,Harris,Solstice 230,https://shorelinebrands.com/products/pontoon-boat-bimini-extension-kit?variant=45345969176761
2021,Harris,Crowne 250,https://shorelinebrands.com/products/pontoon-boat-bimini-extension-kit?variant=45345969176761
2022,Harris,Cruiser 230,https://shorelinebrands.com/products/pontoon-boat-bimini-extension-kit?variant=45345969176761
2022,Harris,Sunliner 250,https://shorelinebrands.com/products/pontoon-boat-bimini-extension-kit?variant=45345969176761
2023,Harris,Solstice 250,https://shorelinebrands.com/products/pontoon-boat-bimini-extension-kit?variant=45345969176761
2023,Harris,Grand Mariner 250,https://shorelinebrands.com/products/pontoon-boat-bimini-extension-kit?variant=45345969176761
2024,Harris,Cruiser 230,https://shorelinebrands.com/products/pontoon-boat-bimini-extension-kit?variant=45345969176761
2024,Harris,Crowne 250,https://shorelinebrands.com/products/pontoon-boat-bimini-extension-kit?variant=45345969176761
2025,Harris,Solstice 230,https://shorelinebrands.com/products/pontoon-boat-bimini-extension-kit?variant=45345969176761
2025,Harris,Breeze 210,https://shorelinebrands.com/products/pontoon-boat-bimini-extension-kit?variant=45345969176761
2005,Manitou,Legacy 22,https://shorelinebrands.com/products/pontoon-boat-bimini-extension-kit?variant=45345969176761
2005,Manitou,Oasis 20,https://shorelinebrands.com/products/pontoon-boat-bimini-extension-kit?variant=45345969176761
2006,Manitou,Legacy 24,https://shorelinebrands.com/products/pontoon-boat-bimini-extension-kit?variant=45345969176761
2006,Manitou,Oasis 22,https://shorelinebrands.com/products/pontoon-boat-bimini-extension-kit?variant=45345969176761
2007,Manitou,Aurora 20,https://shorelinebrands.com/products/pontoon-boat-bimini-extension-kit?variant=45345969176761
2007,Manitou,Oasis 22,https://shorelinebrands.com/products/pontoon-boat-bimini-extension-kit?variant=45345969176761
2008,Manitou,Legacy 24,https://shorelinebrands.com/products/pontoon-boat-bimini-extension-kit?variant=45345969176761
2008,Manitou,Encore 22,https://shorelinebrands.com/products/pontoon-boat-bimini-extension-kit?variant=45345969176761
2009,Manitou,Aurora 22,https://shorelinebrands.com/products/pontoon-boat-bimini-extension-kit?variant=45345969176761
2009,Manitou,Oasis 23,https://shorelinebrands.com/products/pontoon-boat-bimini-extension-kit?variant=45345969176761
2010,Manitou,Encore 23,https://shorelinebrands.com/products/pontoon-boat-bimini-extension-kit?variant=45345969176761
2010,Manitou,Legacy 24,https://shorelinebrands.com/products/pontoon-boat-bimini-extension-kit?variant=45345969176761
2011,Manitou,Legacy 24,https://shorelinebrands.com/products/pontoon-boat-bimini-extension-kit?variant=45345969176761
2011,Manitou,Encore 23 Pro Angler,https://shorelinebrands.com/products/pontoon-boat-bimini-extension-kit?variant=45345969176761
2011,Manitou,Oasis 22 Angler,https://shorelinebrands.com/products/pontoon-boat-bimini-extension-kit?variant=45345969176761
2011,Manitou,Aurora 20,https://shorelinebrands.com/products/pontoon-boat-bimini-extension-kit?variant=45345969176761
2012,Manitou,Aurora 22,https://shorelinebrands.com/products/pontoon-boat-bimini-extension-kit?variant=45345969176761
2012,Manitou,Oasis 23,https://shorelinebrands.com/products/pontoon-boat-bimini-extension-kit?variant=45345969176761
2013,Manitou,SES 25,https://shorelinebrands.com/products/pontoon-boat-bimini-extension-kit?variant=45345969176761
2013,Manitou,X-plode 24,https://shorelinebrands.com/products/pontoon-boat-bimini-extension-kit?variant=45345969176761
2013,Manitou,Encore 23,https://shorelinebrands.com/products/pontoon-boat-bimini-extension-kit?variant=45345969176761
2013,Manitou,Aurora 22 Angler,https://shorelinebrands.com/products/pontoon-boat-bimini-extension-kit?variant=45345969176761
2014,Manitou,Aurora 22 LE,https://shorelinebrands.com/products/pontoon-boat-bimini-extension-kit?variant=45345969176761
2014,Manitou,Oasis 23 SHP,https://shorelinebrands.com/products/pontoon-boat-bimini-extension-kit?variant=45345969176761
2015,Manitou,Encore 23 SHP,https://shorelinebrands.com/products/pontoon-boat-bimini-extension-kit?variant=45345969176761
2015,Manitou,Oasis 25,https://shorelinebrands.com/products/pontoon-boat-bimini-extension-kit?variant=45345969176761
2016,Manitou,Legacy LT 25,https://shorelinebrands.com/products/pontoon-boat-bimini-extension-kit?variant=45345969176761
2016,Manitou,Aurora LE 22,https://shorelinebrands.com/products/pontoon-boat-bimini-extension-kit?variant=45345969176761
2017,Manitou,Encore Pro Angler 22,https://shorelinebrands.com/products/pontoon-boat-bimini-extension-kit?variant=45345969176761
2017,Manitou,Oasis 23 RF,https://shorelinebrands.com/products/pontoon-boat-bimini-extension-kit?variant=45345969176761
2018,Manitou,LX 23,https://shorelinebrands.com/products/pontoon-boat-bimini-extension-kit?variant=45345969176761
2018,Manitou,Encore 23 SHP,https://shorelinebrands.com/products/pontoon-boat-bimini-extension-kit?variant=45345969176761
2019,Manitou,LX 25 SRW SHP,https://shorelinebrands.com/products/pontoon-boat-bimini-extension-kit?variant=45345969176761
2019,Manitou,Oasis 23 RF SHP,https://shorelinebrands.com/products/pontoon-boat-bimini-extension-kit?variant=45345969176761
2020,Manitou,LX 25,https://shorelinebrands.com/products/pontoon-boat-bimini-extension-kit?variant=45345969176761
2020,Manitou,Aurora LE 22,https://shorelinebrands.com/products/pontoon-boat-bimini-extension-kit?variant=45345969176761
2021,Manitou,LX 23,https://shorelinebrands.com/products/pontoon-boat-bimini-extension-kit?variant=45345969176761
2021,Manitou,Encore 23,https://shorelinebrands.com/products/pontoon-boat-bimini-extension-kit?variant=45345969176761
2022,Manitou,Explore 22,https://shorelinebrands.com/products/pontoon-boat-bimini-extension-kit?variant=45345969176761
2022,Manitou,LX 25,https://shorelinebrands.com/products/pontoon-boat-bimini-extension-kit?variant=45345969176761
2023,Manitou,Explore 22 MAX Navigator,https://shorelinebrands.com/products/pontoon-boat-bimini-extension-kit?variant=45345969176761
2023,Manitou,Encore 23 SHP,https://shorelinebrands.com/products/pontoon-boat-bimini-extension-kit?variant=45345969176761
2024,Manitou,Explore 24 Switchback,https://shorelinebrands.com/products/pontoon-boat-bimini-extension-kit?variant=45345969176761
2024,Manitou,LX 23,https://shorelinebrands.com/products/pontoon-boat-bimini-extension-kit?variant=45345969176761
2025,Manitou,Explore 24 Navigator Stealth,https://shorelinebrands.com/products/pontoon-boat-bimini-extension-kit?variant=45345969176761
2025,Manitou,Encore 23 SHP,https://shorelinebrands.com/products/pontoon-boat-bimini-extension-kit?variant=45345969176761
2005,Avalon,Eagle 1823,https://shorelinebrands.com/products/pontoon-boat-bimini-extension-kit?variant=45345969176761
2005,Avalon,Paradise 2225,https://shorelinebrands.com/products/pontoon-boat-bimini-extension-kit?variant=45345969176761
2006,Avalon,Eagle 2023,https://shorelinebrands.com/products/pontoon-boat-bimini-extension-kit?variant=45345969176761
2006,Avalon,Paradise 2425,https://shorelinebrands.com/products/pontoon-boat-bimini-extension-kit?variant=45345969176761
2007,Avalon,Windjammer 2023,https://shorelinebrands.com/products/pontoon-boat-bimini-extension-kit?variant=45345969176761
2007,Avalon,Paradise 2625 Funship,https://shorelinebrands.com/products/pontoon-boat-bimini-extension-kit?variant=45345969176761
2008,Avalon,Tropic 2023,https://shorelinebrands.com/products/pontoon-boat-bimini-extension-kit?variant=45345969176761
2008,Avalon,Excalibur 2525,https://shorelinebrands.com/products/pontoon-boat-bimini-extension-kit?variant=45345969176761
2009,Avalon,Windjammer 2223 RC,https://shorelinebrands.com/products/pontoon-boat-bimini-extension-kit?variant=45345969176761
2009,Avalon,Paradise 2425 RC,https://shorelinebrands.com/products/pontoon-boat-bimini-extension-kit?variant=45345969176761
2010,Avalon,Catalina 1823,https://shorelinebrands.com/products/pontoon-boat-bimini-extension-kit?variant=45345969176761
2010,Avalon,Windjammer 2423,https://shorelinebrands.com/products/pontoon-boat-bimini-extension-kit?variant=45345969176761
2010,Avalon,Paradise 2225,https://shorelinebrands.com/products/pontoon-boat-bimini-extension-kit?variant=45345969176761
2010,Avalon,Excalibur 2725,https://shorelinebrands.com/products/pontoon-boat-bimini-extension-kit?variant=45345969176761
2011,Avalon,Paradise 2425 Funship,https://shorelinebrands.com/products/pontoon-boat-bimini-extension-kit?variant=45345969176761
2011,Avalon,Excalibur 2925,https://shorelinebrands.com/products/pontoon-boat-bimini-extension-kit?variant=45345969176761
2012,Avalon,Catalina 2023,https://shorelinebrands.com/products/pontoon-boat-bimini-extension-kit?variant=45345969176761
2012,Avalon,Windjammer 2425 Funship,https://shorelinebrands.com/products/pontoon-boat-bimini-extension-kit?variant=45345969176761
2013,Avalon,Catalina 2223,https://shorelinebrands.com/products/pontoon-boat-bimini-extension-kit?variant=45345969176761
2013,Avalon,Windjammer 2625 Sandbar,https://shorelinebrands.com/products/pontoon-boat-bimini-extension-kit?variant=45345969176761
2014,Avalon,Paradise Elite 24,https://shorelinebrands.com/products/pontoon-boat-bimini-extension-kit?variant=45345969176761
2014,Avalon,Excalibur 25,https://shorelinebrands.com/products/pontoon-boat-bimini-extension-kit?variant=45345969176761
2015,Avalon,Catalina Cruise 23,https://shorelinebrands.com/products/pontoon-boat-bimini-extension-kit?variant=45345969176761
2015,Avalon,Windjammer Elite 25,https://shorelinebrands.com/products/pontoon-boat-bimini-extension-kit?variant=45345969176761
2016,Avalon,Catalina 23,https://shorelinebrands.com/products/pontoon-boat-bimini-extension-kit?variant=45345969176761
2016,Avalon,LSZ 22 Cruise,https://shorelinebrands.com/products/pontoon-boat-bimini-extension-kit?variant=45345969176761
2017,Avalon,Catalina Elite 2385,https://shorelinebrands.com/products/pontoon-boat-bimini-extension-kit?variant=45345969176761
2017,Avalon,Excalibur Elite 27,https://shorelinebrands.com/products/pontoon-boat-bimini-extension-kit?variant=45345969176761
2018,Avalon,Excalibur 25,https://shorelinebrands.com/products/pontoon-boat-bimini-extension-kit?variant=45345969176761
2018,Avalon,VTX 17 Cruise,https://shorelinebrands.com/products/pontoon-boat-bimini-extension-kit?variant=45345969176761
2019,Avalon,Catalina 2385 Cruise,https://shorelinebrands.com/products/pontoon-boat-bimini-extension-kit?variant=45345969176761
2019,Avalon,Venture 85 23 Cruise,https://shorelinebrands.com/products/pontoon-boat-bimini-extension-kit?variant=45345969176761
2020,Avalon,Venture 22 Cruise,https://shorelinebrands.com/products/pontoon-boat-bimini-extension-kit?variant=45345969176761
2020,Avalon,Catalina Elite 2385,https://shorelinebrands.com/products/pontoon-boat-bimini-extension-kit?variant=45345969176761
2021,Avalon,Venture 85 23,https://shorelinebrands.com/products/pontoon-boat-bimini-extension-kit?variant=45345969176761
2021,Avalon,Excalibur Elite 27,https://shorelinebrands.com/products/pontoon-boat-bimini-extension-kit?variant=45345969176761
2022,Avalon,VLS 23,https://shorelinebrands.com/products/pontoon-boat-bimini-extension-kit?variant=45345969176761
2022,Avalon,Catalina 25,https://shorelinebrands.com/products/pontoon-boat-bimini-extension-kit?variant=45345969176761
2023,Avalon,Venture 22,https://shorelinebrands.com/products/pontoon-boat-bimini-extension-kit?variant=45345969176761
2023,Avalon,Excalibur LTD 27,https://shorelinebrands.com/products/pontoon-boat-bimini-extension-kit?variant=45345969176761
2024,Avalon,Waketoon 23,https://shorelinebrands.com/products/pontoon-boat-bimini-extension-kit?variant=45345969176761
2024,Avalon,Venture 85 23,https://shorelinebrands.com/products/pontoon-boat-bimini-extension-kit?variant=45345969176761
2025,Avalon,Excalibur Elite 25,https://shorelinebrands.com/products/pontoon-boat-bimini-extension-kit?variant=45345969176761
2025,Avalon,GEOfish 23,https://shorelinebrands.com/products/pontoon-boat-bimini-extension-kit?variant=45345969176761
2005,Bennington,2575 RL,https://shorelinebrands.com/products/pontoon-boat-bimini-extension-kit?variant=45345969176761
2006,Bennington,2275 LX,https://shorelinebrands.com/products/pontoon-boat-bimini-extension-kit?variant=45345969176761
2007,Bennington,2575 QXI,https://shorelinebrands.com/products/pontoon-boat-bimini-extension-kit?variant=45345969176761
2008,Bennington,2075 FS,https://shorelinebrands.com/products/pontoon-boat-bimini-extension-kit?variant=45345969176761
2009,Bennington,2275 RCW,https://shorelinebrands.com/products/pontoon-boat-bimini-extension-kit?variant=45345969176761
2010,Bennington,2575 RCW,https://shorelinebrands.com/products/pontoon-boat-bimini-extension-kit?variant=45345969176761
2011,Bennington,17 SL,https://shorelinebrands.com/products/pontoon-boat-bimini-extension-kit?variant=45345969176761
2011,Bennington,1875 GLI,https://shorelinebrands.com/products/pontoon-boat-bimini-extension-kit?variant=45345969176761
2011,Bennington,2075 GSI,https://shorelinebrands.com/products/pontoon-boat-bimini-extension-kit?variant=45345969176761
2011,Bennington,2275 RCW LTD,https://shorelinebrands.com/products/pontoon-boat-bimini-extension-kit?variant=45345969176761
2011,Bennington,2574 GCW,https://shorelinebrands.com/products/pontoon-boat-bimini-extension-kit?variant=45345969176761
2012,Bennington,22 SLX,https://shorelinebrands.com/products/pontoon-boat-bimini-extension-kit?variant=45345969176761
2013,Bennington,24 SLX,https://shorelinebrands.com/products/pontoon-boat-bimini-extension-kit?variant=45345969176761
2014,Bennington,2375 RCW SA,https://shorelinebrands.com/products/pontoon-boat-bimini-extension-kit?variant=45345969176761
2015,Bennington,22 S Series,https://shorelinebrands.com/products/pontoon-boat-bimini-extension-kit?variant=45345969176761
2016,Bennington,24 S Series,https://shorelinebrands.com/products/pontoon-boat-bimini-extension-kit?variant=45345969176761
2017,Bennington,Q 25,https://shorelinebrands.com/products/pontoon-boat-bimini-extension-kit?variant=45345969176761
2018,Bennington,QX 25 Sport,https://shorelinebrands.com/products/pontoon-boat-bimini-extension-kit?variant=45345969176761
2019,Bennington,L Series 23 L,https://shorelinebrands.com/products/pontoon-boat-bimini-extension-kit?variant=45345969176761
2020,Bennington,23 QCW,https://shorelinebrands.com/products/pontoon-boat-bimini-extension-kit?variant=45345969176761
2021,Bennington,26 R Bowrider,https://shorelinebrands.com/products/pontoon-boat-bimini-extension-kit?variant=45345969176761
2022,Bennington,23 QCW,https://shorelinebrands.com/products/pontoon-boat-bimini-extension-kit?variant=45345969176761
2023,Bennington,L Bowrider 23,https://shorelinebrands.com/products/pontoon-boat-bimini-extension-kit?variant=45345969176761
2024,Bennington,R Series 25 RX Sport,https://shorelinebrands.com/products/pontoon-boat-bimini-extension-kit?variant=45345969176761
2025,Bennington,S Series 22,https://shorelinebrands.com/products/pontoon-boat-bimini-extension-kit?variant=45345969176761
2025,Bennington,L Series 24,https://shorelinebrands.com/products/pontoon-boat-bimini-extension-kit?variant=45345969176761
2025,Bennington,M Series 25,https://shorelinebrands.com/products/pontoon-boat-bimini-extension-kit?variant=45345969176761
2025,Bennington,R Series 26,https://shorelinebrands.com/products/pontoon-boat-bimini-extension-kit?variant=45345969176761
2025,Bennington,Q Series 27 QX,https://shorelinebrands.com/products/pontoon-boat-bimini-extension-kit?variant=45345969176761
2005,Sun Tracker,Party Barge 21,https://shorelinebrands.com/products/pontoon-boat-bimini-extension-kit?variant=45345969176761
2005,Sun Tracker,Bass Buggy 18,https://shorelinebrands.com/products/pontoon-boat-bimini-extension-kit?variant=45345969176761
2006,Sun Tracker,Party Barge 22,https://shorelinebrands.com/products/pontoon-boat-bimini-extension-kit?variant=45345969176761
2006,Sun Tracker,Bass Buggy 18,https://shorelinebrands.com/products/pontoon-boat-bimini-extension-kit?variant=45345969176761
2007,Sun Tracker,Party Barge 20,https://shorelinebrands.com/products/pontoon-boat-bimini-extension-kit?variant=45345969176761
2007,Sun Tracker,Fishin' Barge 21,https://shorelinebrands.com/products/pontoon-boat-bimini-extension-kit?variant=45345969176761
2008,Sun Tracker,Party Barge 22 Regency Edition,https://shorelinebrands.com/products/pontoon-boat-bimini-extension-kit?variant=45345969176761
2008,Sun Tracker,Bass Buggy 18,https://shorelinebrands.com/products/pontoon-boat-bimini-extension-kit?variant=45345969176761
2009,Sun Tracker,Party Barge 20,https://shorelinebrands.com/products/pontoon-boat-bimini-extension-kit?variant=45345969176761
2009,Sun Tracker,Fishin' Barge 21,https://shorelinebrands.com/products/pontoon-boat-bimini-extension-kit?variant=45345969176761
2010,Sun Tracker,Party Barge 22 DLX,https://shorelinebrands.com/products/pontoon-boat-bimini-extension-kit?variant=45345969176761
2010,Sun Tracker,Bass Buggy 18,https://shorelinebrands.com/products/pontoon-boat-bimini-extension-kit?variant=45345969176761
2011,Sun Tracker,Party Barge 24 DLX,https://shorelinebrands.com/products/pontoon-boat-bimini-extension-kit?variant=45345969176761
2011,Sun Tracker,Fishin' Barge 21,https://shorelinebrands.com/products/pontoon-boat-bimini-extension-kit?variant=45345969176761
2012,Sun Tracker,Party Barge 22 DLX,https://shorelinebrands.com/products/pontoon-boat-bimini-extension-kit?variant=45345969176761
2012,Sun Tracker,Bass Buggy 18 DLX,https://shorelinebrands.com/products/pontoon-boat-bimini-extension-kit?variant=45345969176761
2013,Sun Tracker,Party Barge 22 DLX,https://shorelinebrands.com/products/pontoon-boat-bimini-extension-kit?variant=45345969176761
2013,Sun Tracker,Fishin' Barge 20 DLX,https://shorelinebrands.com/products/pontoon-boat-bimini-extension-kit?variant=45345969176761
2014,Sun Tracker,Party Barge 24 DLX,https://shorelinebrands.com/products/pontoon-boat-bimini-extension-kit?variant=45345969176761
2014,Sun Tracker,SportFish 22 XP3,https://shorelinebrands.com/products/pontoon-boat-bimini-extension-kit?variant=45345969176761
2015,Sun Tracker,Party Barge 20 DLX,https://shorelinebrands.com/products/pontoon-boat-bimini-extension-kit?variant=45345969176761
2015,Sun Tracker,Bass Buggy 16 DLX,https://shorelinebrands.com/products/pontoon-boat-bimini-extension-kit?variant=45345969176761
2016,Sun Tracker,Party Barge 22 XP3,https://shorelinebrands.com/products/pontoon-boat-bimini-extension-kit?variant=45345969176761
2016,Sun Tracker,Fishin' Barge 22 DLX,https://shorelinebrands.com/products/pontoon-boat-bimini-extension-kit?variant=45345969176761
2017,Sun Tracker,Party Barge 22 XP3,https://shorelinebrands.com/products/pontoon-boat-bimini-extension-kit?variant=45345969176761
2017,Sun Tracker,SportFish 22 XP3,https://shorelinebrands.com/products/pontoon-boat-bimini-extension-kit?variant=45345969176761
2018,Sun Tracker,Bass Buggy 18 DLX,https://shorelinebrands.com/products/pontoon-boat-bimini-extension-kit?variant=45345969176761
2018,Sun Tracker,Fishin' Barge 20 DLX,https://shorelinebrands.com/products/pontoon-boat-bimini-extension-kit?variant=45345969176761
2019,Sun Tracker,Party Barge 18 DLX,https://shorelinebrands.com/products/pontoon-boat-bimini-extension-kit?variant=45345969176761
2019,Sun Tracker,Party Barge 22 DLX,https://shorelinebrands.com/products/pontoon-boat-bimini-extension-kit?variant=45345969176761
2020,Sun Tracker,Fishin' Barge 22 DLX,https://shorelinebrands.com/products/pontoon-boat-bimini-extension-kit?variant=45345969176761
2020,Sun Tracker,SportFish 22 XP3,https://shorelinebrands.com/products/pontoon-boat-bimini-extension-kit?variant=45345969176761
2021,Sun Tracker,Party Barge 20 DLX,https://shorelinebrands.com/products/pontoon-boat-bimini-extension-kit?variant=45345969176761
2021,Sun Tracker,Bass Buggy 16 XL Select,https://shorelinebrands.com/products/pontoon-boat-bimini-extension-kit?variant=45345969176761
2022,Sun Tracker,Party Barge 22 XP3,https://shorelinebrands.com/products/pontoon-boat-bimini-extension-kit?variant=45345969176761
2022,Sun Tracker,Fishin' Barge 20 DLX,https://shorelinebrands.com/products/pontoon-boat-bimini-extension-kit?variant=45345969176761
2023,Sun Tracker,SportFish 20 DLX,https://shorelinebrands.com/products/pontoon-boat-bimini-extension-kit?variant=45345969176761
2023,Sun Tracker,Party Barge 24 DLX,https://shorelinebrands.com/products/pontoon-boat-bimini-extension-kit?variant=45345969176761
2024,Sun Tracker,SportFish 24 XP3,https://shorelinebrands.com/products/pontoon-boat-bimini-extension-kit?variant=45345969176761
2024,Sun Tracker,Bass Buggy 18 DLX,https://shorelinebrands.com/products/pontoon-boat-bimini-extension-kit?variant=45345969176761
2025,Sun Tracker,Party Barge 16 DLX,https://shorelinebrands.com/products/pontoon-boat-bimini-extension-kit?variant=45345969176761
2025,Sun Tracker,Party Barge 22 DLX,https://shorelinebrands.com/products/pontoon-boat-bimini-extension-kit?variant=45345969176761
2025,Sun Tracker,Bass Buggy 18 DLX,https://shorelinebrands.com/products/pontoon-boat-bimini-extension-kit?variant=45345969176761
2025,Sun Tracker,Fishin' Barge 20 DLX,https://shorelinebrands.com/products/pontoon-boat-bimini-extension-kit?variant=45345969176761
2025,Sun Tracker,SportFish 22 XP3,https://shorelinebrands.com/products/pontoon-boat-bimini-extension-kit?variant=45345969176761
